  0
SECTION
  2
HEADER
  9
$ACADVER
  1
AC1032
  9
$ACADMAINTVER
 90
      301
  9
$DWGCODEPAGE
  3
ANSI_1252
  9
$LASTSAVEDBY
  1
syedm
  9
$REQUIREDVERSIONS
160
                 0
  9
$INSBASE
 10
0.0
 20
0.0
 30
0.0
  9
$EXTMIN
 10
-0.4082639583048149
 20
1.444321727566148
 30
-0.0000000000334534
  9
$EXTMAX
 10
1628.172287885863
 20
1081.444321727566
 30
0.0
  9
$LIMMIN
 10
0.0
 20
0.0
  9
$LIMMAX
 10
840.0
 20
840.0
  9
$ORTHOMODE
 70
     1
  9
$REGENMODE
 70
     1
  9
$FILLMODE
 70
     1
  9
$QTEXTMODE
 70
     0
  9
$MIRRTEXT
 70
     0
  9
$LTSCALE
 40
1.0
  9
$ATTMODE
 70
     1
  9
$TEXTSIZE
 40
0.2
  9
$TRACEWID
 40
0.05
  9
$TEXTSTYLE
  7
Standard
  9
$CLAYER
  8
Dims
  9
$CELTYPE
  6
ByLayer
  9
$CECOLOR
 62
   256
  9
$CELTSCALE
 40
1.0
  9
$DISPSILH
 70
     0
  9
$DIMSCALE
 40
1.0
  9
$DIMASZ
 40
6.0
  9
$DIMEXO
 40
2.0
  9
$DIMDLI
 40
2.0
  9
$DIMRND
 40
0.0
  9
$DIMDLE
 40
0.0
  9
$DIMEXE
 40
1.0
  9
$DIMTP
 40
0.0
  9
$DIMTM
 40
0.0
  9
$DIMTXT
 40
9.0
  9
$DIMCEN
 40
12.0
  9
$DIMTSZ
 40
0.0
  9
$DIMTOL
 70
     0
  9
$DIMLIM
 70
     0
  9
$DIMTIH
 70
     1
  9
$DIMTOH
 70
     1
  9
$DIMSE1
 70
     0
  9
$DIMSE2
 70
     0
  9
$DIMTAD
 70
     0
  9
$DIMZIN
 70
     0
  9
$DIMBLK
  1

  9
$DIMASO
 70
     1
  9
$DIMSHO
 70
     1
  9
$DIMPOST
  1

  9
$DIMAPOST
  1

  9
$DIMALT
 70
     0
  9
$DIMALTD
 70
     2
  9
$DIMALTF
 40
25.4
  9
$DIMLFAC
 40
1.0
  9
$DIMTOFL
 70
     0
  9
$DIMTVP
 40
0.0
  9
$DIMTIX
 70
     0
  9
$DIMSOXD
 70
     0
  9
$DIMSAH
 70
     0
  9
$DIMBLK1
  1

  9
$DIMBLK2
  1

  9
$DIMSTYLE
  2
home
  9
$DIMCLRD
 70
     0
  9
$DIMCLRE
 70
     0
  9
$DIMCLRT
 70
     0
  9
$DIMTFAC
 40
1.0
  9
$DIMGAP
 40
3.0
  9
$DIMJUST
 70
     0
  9
$DIMSD1
 70
     0
  9
$DIMSD2
 70
     0
  9
$DIMTOLJ
 70
     1
  9
$DIMTZIN
 70
     0
  9
$DIMALTZ
 70
     0
  9
$DIMALTTZ
 70
     0
  9
$DIMUPT
 70
     0
  9
$DIMDEC
 70
     0
  9
$DIMTDEC
 70
     0
  9
$DIMALTU
 70
     2
  9
$DIMALTTD
 70
     2
  9
$DIMTXSTY
  7
Standard
  9
$DIMAUNIT
 70
     0
  9
$DIMADEC
 70
     0
  9
$DIMALTRND
 40
0.0
  9
$DIMAZIN
 70
     0
  9
$DIMDSEP
 70
    46
  9
$DIMATFIT
 70
     3
  9
$DIMFRAC
 70
     0
  9
$DIMLDRBLK
  1

  9
$DIMLUNIT
 70
     3
  9
$DIMLWD
 70
    -2
  9
$DIMLWE
 70
    -2
  9
$DIMTMOVE
 70
     0
  9
$DIMFXL
 40
1.0
  9
$DIMFXLON
 70
     0
  9
$DIMJOGANG
 40
0.7853981633974483
  9
$DIMTFILL
 70
     0
  9
$DIMTFILLCLR
 70
     0
  9
$DIMARCSYM
 70
     0
  9
$DIMLTYPE
  6

  9
$DIMLTEX1
  6

  9
$DIMLTEX2
  6

  9
$DIMTXTDIRECTION
 70
     0
  9
$LUNITS
 70
     3
  9
$LUPREC
 70
     1
  9
$SKETCHINC
 40
0.1
  9
$FILLETRAD
 40
0.0
  9
$AUNITS
 70
     0
  9
$AUPREC
 70
     0
  9
$MENU
  1
.
  9
$ELEVATION
 40
0.0
  9
$PELEVATION
 40
0.0
  9
$THICKNESS
 40
0.0
  9
$LIMCHECK
 70
     0
  9
$CHAMFERA
 40
0.0
  9
$CHAMFERB
 40
0.0
  9
$CHAMFERC
 40
0.0
  9
$CHAMFERD
 40
0.0
  9
$SKPOLY
 70
     0
  9
$TDCREATE
 40
2460814.485914352
  9
$TDUCREATE
 40
2460814.360914352
  9
$TDUPDATE
 40
2460868.774085648
  9
$TDUUPDATE
 40
2460868.649085648
  9
$TDINDWG
 40
2.4622800926
  9
$TDUSRTIMER
 40
2.4622800926
  9
$USRTIMER
 70
     1
  9
$ANGBASE
 50
0.0
  9
$ANGDIR
 70
     0
  9
$PDMODE
 70
     0
  9
$PDSIZE
 40
0.0
  9
$PLINEWID
 40
0.0
  9
$SPLFRAME
 70
     0
  9
$SPLINETYPE
 70
     6
  9
$SPLINESEGS
 70
     8
  9
$HANDSEED
  5
15A5C
  9
$SURFTAB1
 70
     6
  9
$SURFTAB2
 70
     6
  9
$SURFTYPE
 70
     6
  9
$SURFU
 70
     6
  9
$SURFV
 70
     6
  9
$UCSBASE
  2

  9
$UCSNAME
  2

  9
$UCSORG
 10
0.0
 20
0.0
 30
0.0
  9
$UCSXDIR
 10
1.0
 20
0.0
 30
0.0
  9
$UCSYDIR
 10
0.0
 20
1.0
 30
0.0
  9
$UCSORTHOREF
  2

  9
$UCSORTHOVIEW
 70
     0
  9
$UCSORGTOP
 10
0.0
 20
0.0
 30
0.0
  9
$UCSORGBOTTOM
 10
0.0
 20
0.0
 30
0.0
  9
$UCSORGLEFT
 10
0.0
 20
0.0
 30
0.0
  9
$UCSORGRIGHT
 10
0.0
 20
0.0
 30
0.0
  9
$UCSORGFRONT
 10
0.0
 20
0.0
 30
0.0
  9
$UCSORGBACK
 10
0.0
 20
0.0
 30
0.0
  9
$PUCSBASE
  2

  9
$PUCSNAME
  2

  9
$PUCSORG
 10
0.0
 20
0.0
 30
0.0
  9
$PUCSXDIR
 10
1.0
 20
0.0
 30
0.0
  9
$PUCSYDIR
 10
0.0
 20
1.0
 30
0.0
  9
$PUCSORTHOREF
  2

  9
$PUCSORTHOVIEW
 70
     0
  9
$PUCSORGTOP
 10
0.0
 20
0.0
 30
0.0
  9
$PUCSORGBOTTOM
 10
0.0
 20
0.0
 30
0.0
  9
$PUCSORGLEFT
 10
0.0
 20
0.0
 30
0.0
  9
$PUCSORGRIGHT
 10
0.0
 20
0.0
 30
0.0
  9
$PUCSORGFRONT
 10
0.0
 20
0.0
 30
0.0
  9
$PUCSORGBACK
 10
0.0
 20
0.0
 30
0.0
  9
$USERI1
 70
     0
  9
$USERI2
 70
     0
  9
$USERI3
 70
     0
  9
$USERI4
 70
     0
  9
$USERI5
 70
     0
  9
$USERR1
 40
0.0
  9
$USERR2
 40
0.0
  9
$USERR3
 40
0.0
  9
$USERR4
 40
0.0
  9
$USERR5
 40
0.0
  9
$WORLDVIEW
 70
     1
  9
$SHADEDGE
 70
     3
  9
$SHADEDIF
 70
    70
  9
$TILEMODE
 70
     1
  9
$MAXACTVP
 70
    64
  9
$PINSBASE
 10
0.0
 20
0.0
 30
0.0
  9
$PLIMCHECK
 70
     0
  9
$PEXTMIN
 10
0.0
 20
0.0
 30
0.0
  9
$PEXTMAX
 10
0.0
 20
0.0
 30
0.0
  9
$PLIMMIN
 10
0.0
 20
0.0
  9
$PLIMMAX
 10
12.0
 20
9.0
  9
$UNITMODE
 70
     0
  9
$VISRETAIN
 70
     1
  9
$PLINEGEN
 70
     0
  9
$PSLTSCALE
 70
     1
  9
$TREEDEPTH
 70
  3020
  9
$CMLSTYLE
  2
Standard
  9
$CMLJUST
 70
     0
  9
$CMLSCALE
 40
1.0
  9
$PROXYGRAPHICS
 70
     1
  9
$MEASUREMENT
 70
     0
  9
$CELWEIGHT
370
    -1
  9
$ENDCAPS
280
     0
  9
$JOINSTYLE
280
     0
  9
$LWDISPLAY
290
     0
  9
$INSUNITS
 70
     1
  9
$HYPERLINKBASE
  1

  9
$STYLESHEET
  1

  9
$XEDIT
290
     1
  9
$CEPSNTYPE
380
     0
  9
$PSTYLEMODE
290
     1
  9
$FINGERPRINTGUID
  2
{3FEC23F9-3F6C-2E46-BC53-703185715C9F}
  9
$VERSIONGUID
  2
{CBE38CCA-34BE-2349-8C18-4FB5B3063AAE}
  9
$EXTNAMES
290
     1
  9
$PSVPSCALE
 40
0.0
  9
$OLESTARTUP
290
     0
  9
$SORTENTS
280
   127
  9
$INDEXCTL
280
     0
  9
$HIDETEXT
280
     1
  9
$XCLIPFRAME
280
     2
  9
$HALOGAP
280
     0
  9
$OBSCOLOR
 70
   257
  9
$OBSLTYPE
280
     0
  9
$INTERSECTIONDISPLAY
280
     0
  9
$INTERSECTIONCOLOR
 70
   257
  9
$DIMASSOC
280
     2
  9
$PROJECTNAME
  1

  9
$CAMERADISPLAY
290
     0
  9
$LENSLENGTH
 40
50.0
  9
$CAMERAHEIGHT
 40
0.0
  9
$STEPSPERSEC
 40
2.0
  9
$STEPSIZE
 40
6.0
  9
$3DDWFPREC
 40
2.0
  9
$PSOLWIDTH
 40
0.25
  9
$PSOLHEIGHT
 40
4.0
  9
$LOFTANG1
 40
1.570796326794896
  9
$LOFTANG2
 40
1.570796326794896
  9
$LOFTMAG1
 40
0.0
  9
$LOFTMAG2
 40
0.0
  9
$LOFTPARAM
 70
     7
  9
$LOFTNORMALS
280
     1
  9
$LATITUDE
 40
37.795
  9
$LONGITUDE
 40
-122.394
  9
$NORTHDIRECTION
 40
0.0
  9
$TIMEZONE
 70
 -8000
  9
$LIGHTGLYPHDISPLAY
280
     1
  9
$TILEMODELIGHTSYNCH
280
     1
  9
$CMATERIAL
347
96
  9
$SOLIDHIST
280
     0
  9
$SHOWHIST
280
     1
  9
$DWFFRAME
280
     2
  9
$DGNFRAME
280
     0
  9
$REALWORLDSCALE
290
     1
  9
$INTERFERECOLOR
 62
     1
  9
$INTERFEREOBJVS
345
A3
  9
$INTERFEREVPVS
346
A0
  9
$CSHADOW
280
     0
  9
$SHADOWPLANELOCATION
 40
0.0
  0
ENDSEC
  0
SECTION
  2
CLASSES
  0
CLASS
  1
ACDBDICTIONARYWDFLT
  2
AcDbDictionaryWithDefault
  3
ObjectDBX Classes
 90
        0
 91
        1
280
     0
281
     0
  0
CLASS
  1
DICTIONARYVAR
  2
AcDbDictionaryVar
  3
ObjectDBX Classes
 90
        0
 91
       18
280
     0
281
     0
  0
CLASS
  1
TABLESTYLE
  2
AcDbTableStyle
  3
ObjectDBX Classes
 90
     4095
 91
        1
280
     0
281
     0
  0
CLASS
  1
MATERIAL
  2
AcDbMaterial
  3
ObjectDBX Classes
 90
     1153
 91
        3
280
     0
281
     0
  0
CLASS
  1
VISUALSTYLE
  2
AcDbVisualStyle
  3
ObjectDBX Classes
 90
     4095
 91
       24
280
     0
281
     0
  0
CLASS
  1
SCALE
  2
AcDbScale
  3
ObjectDBX Classes
 90
     1153
 91
       33
280
     0
281
     0
  0
CLASS
  1
MLEADERSTYLE
  2
AcDbMLeaderStyle
  3
ACDB_MLEADERSTYLE_CLASS
 90
     4095
 91
        1
280
     0
281
     0
  0
CLASS
  1
CELLSTYLEMAP
  2
AcDbCellStyleMap
  3
ObjectDBX Classes
 90
     1152
 91
        6
280
     0
281
     0
  0
CLASS
  1
EXACXREFPANELOBJECT
  2
ExAcXREFPanelObject
  3
EXAC_ESW
 90
     1025
 91
        0
280
     0
281
     0
  0
CLASS
  1
NPOCOLLECTION
  2
AcDbImpNonPersistentObjectsCollection
  3
ObjectDBX Classes
 90
     1153
 91
        0
280
     0
281
     0
  0
CLASS
  1
LAYER_INDEX
  2
AcDbLayerIndex
  3
ObjectDBX Classes
 90
        0
 91
        0
280
     0
281
     0
  0
CLASS
  1
SPATIAL_INDEX
  2
AcDbSpatialIndex
  3
ObjectDBX Classes
 90
        0
 91
        0
280
     0
281
     0
  0
CLASS
  1
IDBUFFER
  2
AcDbIdBuffer
  3
ObjectDBX Classes
 90
        0
 91
        0
280
     0
281
     0
  0
CLASS
  1
ACDBSECTIONVIEWSTYLE
  2
AcDbSectionViewStyle
  3
ObjectDBX Classes
 90
     1025
 91
        2
280
     0
281
     0
  0
CLASS
  1
ACDBDETAILVIEWSTYLE
  2
AcDbDetailViewStyle
  3
ObjectDBX Classes
 90
     1025
 91
        2
280
     0
281
     0
  0
CLASS
  1
SORTENTSTABLE
  2
AcDbSortentsTable
  3
ObjectDBX Classes
 90
        0
 91
        8
280
     0
281
     0
  0
CLASS
  1
DIMASSOC
  2
AcDbDimAssoc
  3
"AcDbDimAssoc|Product Desc:     AcDim ARX App For Dimension|Company:          Autodesk, Inc.|WEB Address:      www.autodesk.com"
 90
        0
 91
        0
280
     0
281
     0
  0
CLASS
  1
ACAD_EVALUATION_GRAPH
  2
AcDbEvalGraph
  3
ObjectDBX Classes
 90
     1153
 91
        0
280
     0
281
     0
  0
CLASS
  1
ACAECUSTOBJ
  2
AcAeEditorObj
  3
AcAeEditorObj
 90
     1024
 91
        0
280
     0
281
     0
  0
CLASS
  1
ACDB_DYNAMICBLOCKPURGEPREVENTER_VERSION
  2
AcDbDynamicBlockPurgePreventer
  3
ObjectDBX Classes
 90
     1153
 91
        0
280
     0
281
     0
  0
CLASS
  1
PLOTSETTINGS
  2
AcDbPlotSettings
  3
ObjectDBX Classes
 90
        0
 91
        1
280
     0
281
     0
  0
ENDSEC
  0
SECTION
  2
TABLES
  0
TABLE
  2
VPORT
  5
8
330
0
100
AcDbSymbolTable
 70
     1
  0
VPORT
  5
94
330
8
100
AcDbSymbolTableRecord
100
AcDbViewportTableRecord
  2
*Active
 70
     0
 10
0.0
 20
0.0
 11
1.0
 21
1.0
 12
678.1741648847332
 22
451.0031564688708
 13
0.0
 23
0.0
 14
0.5
 24
0.5
 15
0.5
 25
0.5
 16
0.0
 26
0.0
 36
1.0
 17
0.0
 27
0.0
 37
0.0
 40
1222.090398669907
 41
2.555259653794939
 42
50.0
 43
0.0
 44
0.0
 50
0.0
 51
0.0
 71
     0
 72
  1000
 73
     1
 74
     1
 75
     0
 76
     1
 77
     0
 78
     0
281
     0
 65
     1
110
0.0
120
0.0
130
0.0
111
1.0
121
0.0
131
0.0
112
0.0
122
1.0
132
0.0
 79
     0
146
0.0
348
9F
 60
     3
 61
     5
292
     1
282
     1
141
0.0
142
0.0
 63
   250
421
  3355443
1001
ACAD_NAV_VCDISPLAY
1070
     3
  0
ENDTAB
  0
TABLE
  2
LTYPE
  5
5
330
0
100
AcDbSymbolTable
 70
     3
  0
LTYPE
  5
14
330
5
100
AcDbSymbolTableRecord
100
AcDbLinetypeTableRecord
  2
ByBlock
 70
     0
  3

 72
    65
 73
     0
 40
0.0
  0
LTYPE
  5
15
330
5
100
AcDbSymbolTableRecord
100
AcDbLinetypeTableRecord
  2
ByLayer
 70
     0
  3

 72
    65
 73
     0
 40
0.0
  0
LTYPE
  5
16
330
5
100
AcDbSymbolTableRecord
100
AcDbLinetypeTableRecord
  2
Continuous
 70
     0
  3
Solid line
 72
    65
 73
     0
 40
0.0
  0
LTYPE
  5
148B5
330
5
100
AcDbSymbolTableRecord
100
AcDbLinetypeTableRecord
  2
ACAD_ISO02W100
 70
     0
  3
ISO dash __ __ __ __ __ __ __ __ __ __ __ __ __
 72
    65
 73
     2
 40
15.0
 49
12.0
 74
     0
 49
-3.0
 74
     0
  0
ENDTAB
  0
TABLE
  2
LAYER
  5
2
102
{ACAD_XDICTIONARY
360
18E
102
}
330
0
100
AcDbSymbolTable
 70
    11
  0
LAYER
  5
10
102
{ACAD_XDICTIONARY
360
E6
102
}
330
2
100
AcDbSymbolTableRecord
100
AcDbLayerTableRecord
  2
0
 70
     0
 62
     7
  6
Continuous
370
    -3
390
F
347
98
348
0
  0
LAYER
  5
26C
330
2
100
AcDbSymbolTableRecord
100
AcDbLayerTableRecord
  2
Defpoints
 70
     0
 62
     7
  6
Continuous
290
     0
370
    -3
390
F
347
98
348
0
  0
LAYER
  5
2CB
330
2
100
AcDbSymbolTableRecord
100
AcDbLayerTableRecord
  2
Dims
 70
     0
 62
     5
  6
Continuous
370
    -3
390
F
347
98
348
0
1001
AcAecLayerStandard
1000

1000

1001
AcCmTransparency
1071
        0
  0
LAYER
  5
5C6
330
2
100
AcDbSymbolTableRecord
100
AcDbLayerTableRecord
  2
Main
 70
     0
 62
   140
  6
Continuous
370
    -3
390
F
347
98
348
0
1001
AcAecLayerStandard
1000

1000

1001
AcCmTransparency
1071
        0
  0
ENDTAB
  0
TABLE
  2
STYLE
  5
3
330
0
100
AcDbSymbolTable
 70
     2
  0
STYLE
  5
11
330
3
100
AcDbSymbolTableRecord
100
AcDbTextStyleTableRecord
  2
Standard
 70
     0
 40
0.0
 41
1.0
 50
0.0
 71
     0
 42
0.2
  3
arial.ttf
  4

1001
ACAD
1000
Arial
1071
       34
  0
STYLE
  5
2B73
330
3
100
AcDbSymbolTableRecord
100
AcDbTextStyleTableRecord
  2
DIM_FONT
 70
     0
 40
0.0
 41
0.8
 50
0.0
 71
     0
 42
0.5
  3
SIMPLEX
  4

  0
ENDTAB
  0
TABLE
  2
VIEW
  5
6
330
0
100
AcDbSymbolTable
 70
     7
  0
ENDTAB
  0
TABLE
  2
UCS
  5
7
330
0
100
AcDbSymbolTable
 70
     0
  0
ENDTAB
  0
TABLE
  2
APPID
  5
9
330
0
100
AcDbSymbolTable
 70
    18
  0
APPID
  5
12
330
9
100
AcDbSymbolTableRecord
100
AcDbRegAppTableRecord
  2
ACAD
 70
     0
  0
APPID
  5
DD
330
9
100
AcDbSymbolTableRecord
100
AcDbRegAppTableRecord
  2
AcadAnnoPO
 70
     0
  0
APPID
  5
DE
330
9
100
AcDbSymbolTableRecord
100
AcDbRegAppTableRecord
  2
AcadAnnotative
 70
     0
  0
APPID
  5
DF
330
9
100
AcDbSymbolTableRecord
100
AcDbRegAppTableRecord
  2
ACAD_DSTYLE_DIMJAG
 70
     0
  0
APPID
  5
E0
330
9
100
AcDbSymbolTableRecord
100
AcDbRegAppTableRecord
  2
ACAD_DSTYLE_DIMTALN
 70
     0
  0
APPID
  5
107
330
9
100
AcDbSymbolTableRecord
100
AcDbRegAppTableRecord
  2
ACAD_MLEADERVER
 70
     0
  0
APPID
  5
1A6
330
9
100
AcDbSymbolTableRecord
100
AcDbRegAppTableRecord
  2
ACAD_NAV_VCDISPLAY
 70
     0
  0
APPID
  5
24F
330
9
100
AcDbSymbolTableRecord
100
AcDbRegAppTableRecord
  2
ACAD_EXEMPT_FROM_CAD_STANDARDS
 70
     0
  0
APPID
  5
290
330
9
100
AcDbSymbolTableRecord
100
AcDbRegAppTableRecord
  2
ACAD_DSTYLE_DIMBREAK
 70
     0
  0
APPID
  5
2CC
330
9
100
AcDbSymbolTableRecord
100
AcDbRegAppTableRecord
  2
AcAecLayerStandard
 70
     0
  0
APPID
  5
2CD
330
9
100
AcDbSymbolTableRecord
100
AcDbRegAppTableRecord
  2
AcCmTransparency
 70
     0
  0
APPID
  5
5D8
330
9
100
AcDbSymbolTableRecord
100
AcDbRegAppTableRecord
  2
GradientColor1ACI
 70
     0
  0
APPID
  5
5D9
330
9
100
AcDbSymbolTableRecord
100
AcDbRegAppTableRecord
  2
GradientColor2ACI
 70
     0
  0
APPID
  5
7D0
330
9
100
AcDbSymbolTableRecord
100
AcDbRegAppTableRecord
  2
ACAD_PSEXT
 70
     0
  0
APPID
  5
F2B
330
9
100
AcDbSymbolTableRecord
100
AcDbRegAppTableRecord
  2
AcDbDynamicBlockGUID
 70
     0
  0
APPID
  5
1817
330
9
100
AcDbSymbolTableRecord
100
AcDbRegAppTableRecord
  2
AcDbBlockRepETag
 70
     0
  0
APPID
  5
22B0
330
9
100
AcDbSymbolTableRecord
100
AcDbRegAppTableRecord
  2
ACAUTHENVIRON
 70
     0
  0
APPID
  5
22BB
330
9
100
AcDbSymbolTableRecord
100
AcDbRegAppTableRecord
  2
AcDbDynamicBlockTrueName
 70
     0
  0
ENDTAB
  0
TABLE
  2
DIMSTYLE
  5
A
330
0
100
AcDbSymbolTable
 70
     3
100
AcDbDimStyleTable
 71
     2
340
291
340
27
  0
DIMSTYLE
105
27
330
A
100
AcDbSymbolTableRecord
100
AcDbDimStyleTableRecord
  2
Standard
 70
     0
 43
2.879999999999999
340
11
1001
ACAD_DSTYLE_DIMJAG
1070
   388
1040
1.5
1001
ACAD_DSTYLE_DIMTALN
1070
   392
1070
     0
  0
DIMSTYLE
105
291
330
A
100
AcDbSymbolTableRecord
100
AcDbDimStyleTableRecord
  2
home
 70
     0
 41
6.0
 42
2.0
 43
2.0
 44
1.0
140
9.0
141
12.0
147
3.0
271
     0
272
     0
277
     3
340
11
1001
ACAD_DSTYLE_DIMBREAK
1070
   391
1040
2.399999999999999
1001
ACAD_DSTYLE_DIMJAG
1070
   388
1040
1.5
1001
ACAD_DSTYLE_DIMTALN
1070
   392
1070
     0
  0
ENDTAB
  0
TABLE
  2
BLOCK_RECORD
  5
1
330
0
100
AcDbSymbolTable
 70
    22
  0
BLOCK_RECORD
  5
1F
102
{ACAD_XDICTIONARY
360
15D
102
}
330
1
100
AcDbSymbolTableRecord
100
AcDbBlockTableRecord
  2
*Model_Space
340
22
 70
     0
280
     1
281
     0
  0
BLOCK_RECORD
  5
58
330
1
100
AcDbSymbolTableRecord
100
AcDbBlockTableRecord
  2
*Paper_Space
340
59
 70
     0
280
     1
281
     0
  0
BLOCK_RECORD
  5
5D
330
1
100
AcDbSymbolTableRecord
100
AcDbBlockTableRecord
  2
*Paper_Space0
340
5E
 70
     0
280
     1
281
     0
  0
BLOCK_RECORD
  5
90C
330
1
100
AcDbSymbolTableRecord
100
AcDbBlockTableRecord
  2
*U3
340
0
 70
     0
280
     1
281
     0
  0
BLOCK_RECORD
  5
A26
102
{ACAD_XDICTIONARY
360
A27
102
}
330
1
100
AcDbSymbolTableRecord
100
AcDbBlockTableRecord
  2
A$C3B810B85
340
0
 70
     4
280
     1
281
     0
  0
BLOCK_RECORD
  5
A7D
102
{ACAD_XDICTIONARY
360
A7E
102
}
330
1
100
AcDbSymbolTableRecord
100
AcDbBlockTableRecord
  2
A$C2F7241D3
340
0
 70
     4
280
     1
281
     0
  0
BLOCK_RECORD
  5
AD9
102
{ACAD_XDICTIONARY
360
22B8
102
}
330
1
100
AcDbSymbolTableRecord
100
AcDbBlockTableRecord
  2
A$C1352
340
0
 70
     0
280
     1
281
     0
1001
AcDbDynamicBlockGUID
1000
{F79A296D-9DEB-C148-A566-FDCEB3A95448}
  0
BLOCK_RECORD
  5
17D1
102
{ACAD_XDICTIONARY
360
17D2
102
}
330
1
100
AcDbSymbolTableRecord
100
AcDbBlockTableRecord
  2
table06
340
0
310
28000000200000002000000001002000000000000010000001000000010000000000000000000000000000FF000000FF000000FF000000FF000000FF000000FF000000FF000000FF000000FF000000FF000000FF000000FF000000FF000000FF000000FF000000FF000000FF000000FF000000FF000000FF000000FF000000
310
FF000000FF000000FF000000FF000000FF000000FF000000FF000000FF000000FF000000FF000000FF000000FF000000FF000000FF000000FF000000FF000000FF000000FF000000FF000000FF000000FF000000FF000000FF000000FF000000FF000000FFB2CC66FFB2CC66FF000000FF000000FF000000FF000000FF0000
310
00FF000000FF000000FF000000FF000000FF000000FF000000FF000000FF000000FF000000FF000000FF000000FF000000FF000000FF000000FF000000FF000000FF000000FF000000FF000000FF000000FF000000FF000000FFB2CC66FFB2CC66FFB2CC66FF000000FF000000FFB2CC66FFB2CC66FFB2CC66FF000000FF00
310
0000FF000000FF000000FF000000FF000000FF000000FF000000FF000000FF000000FF000000FF000000FF000000FF000000FF000000FF000000FF000000FF000000FF000000FF000000FF000000FF000000FF000000FFB2CC66FF000000FFB2CC66FFB2CC66FFB2CC66FFB2CC66FFB2CC66FFB2CC66FF000000FFB2CC66FF
310
000000FF000000FF000000FF000000FF000000FF000000FF000000FF000000FF000000FF000000FF000000FF000000FF000000FF000000FF000000FF000000FF000000FF000000FF000000FF000000FF000000FFB2CC66FF000000FFB2CC66FF000000FFB2CC66FF000000FF000000FFB2CC66FF000000FFB2CC66FF000000
310
FFB2CC66FF000000FF000000FF000000FF000000FF000000FF000000FF000000FF000000FF000000FF000000FF000000FF000000FF000000FF000000FF000000FF000000FF000000FF000000FF000000FFB2CC66FF000000FFB2CC66FF000000FF000000FFB2CC66FFB2CC66FFB2CC66FFB2CC66FF000000FF000000FFB2CC
310
66FF000000FFB2CC66FF000000FF000000FF000000FF000000FF000000FF000000FF000000FF000000FF000000FF000000FF000000FF000000FF000000FF000000FF000000FF000000FF000000FF000000FFB2CC66FFB2CC66FF000000FF000000FF000000FF000000FF000000FF000000FF000000FF000000FF000000FF00
310
0000FFB2CC66FFB2CC66FF000000FF000000FF000000FF000000FF000000FF000000FF000000FF000000FF000000FF000000FF000000FF000000FF000000FF000000FF000000FF000000FF000000FF000000FFB2CC66FFB2CC66FF000000FF000000FF000000FF000000FF000000FF000000FF000000FF000000FF000000FF
310
000000FFB2CC66FFB2CC66FF000000FF000000FF000000FF000000FF000000FF000000FF000000FF000000FF000000FF000000FF000000FF000000FF000000FF000000FF000000FF000000FF000000FFB2CC66FFB2CC66FF000000FF000000FF000000FF000000FF000000FF000000FF000000FF000000FF000000FF000000
310
FF000000FF000000FFB2CC66FFB2CC66FF000000FF000000FF000000FF000000FF000000FF000000FF000000FF000000FF000000FF000000FF000000FF000000FF000000FF000000FF000000FF000000FFB2CC66FFB2CC66FF000000FF000000FF000000FF000000FF000000FF000000FF000000FF000000FF000000FF0000
310
00FF000000FF000000FFB2CC66FFB2CC66FF000000FF000000FF000000FF000000FF000000FF000000FF000000FF000000FF000000FF000000FF000000FF000000FF000000FF000000FF000000FF000000FFB2CC66FFB2CC66FF000000FF000000FF000000FF000000FF000000FF000000FF000000FF000000FF000000FF00
310
0000FF000000FF000000FFB2CC66FFB2CC66FF000000FF000000FF000000FF000000FF000000FF000000FF000000FF000000FF000000FF000000FF000000FF000000FF000000FF000000FF000000FF000000FFB2CC66FFB2CC66FF000000FF000000FF000000FF000000FF000000FF000000FF000000FF000000FF000000FF
310
000000FF000000FF000000FFB2CC66FFB2CC66FF000000FF000000FF000000FF000000FF000000FF000000FF000000FF000000FF000000FF000000FF000000FF000000FF000000FF000000FF000000FF000000FFB2CC66FF000000FFB2CC66FF000000FF000000FF000000FF000000FF000000FF000000FF000000FF000000
310
FF000000FF000000FFB2CC66FF000000FFB2CC66FF000000FF000000FF000000FF000000FF000000FF000000FF000000FF000000FF000000FF000000FF000000FF000000FF000000FF000000FF000000FF000000FFB2CC66FF000000FFB2CC66FF000000FF000000FF000000FF000000FF000000FF000000FF000000FF0000
310
00FF000000FF000000FFB2CC66FF000000FFB2CC66FF000000FF000000FF000000FF000000FF000000FF000000FF000000FF000000FF000000FF000000FF000000FF000000FF000000FF000000FF000000FF000000FFB2CC66FF000000FFB2CC66FF000000FF000000FF000000FF000000FF000000FF000000FF000000FF00
310
0000FF000000FF000000FFB2CC66FF000000FFB2CC66FF000000FF000000FF000000FF000000FF000000FF000000FF000000FF000000FF000000FF000000FF000000FF000000FF000000FF000000FF000000FF000000FFB2CC66FF000000FF000000FFB2CC66FF000000FF000000FF000000FF000000FF000000FF000000FF
310
000000FF000000FFB2CC66FF000000FF000000FFB2CC66FF000000FF000000FF000000FF000000FF000000FF000000FF000000FF000000FF000000FF000000FF000000FF000000FF000000FF000000FF000000FF000000FFB2CC66FF000000FF000000FFB2CC66FF000000FF000000FF000000FF000000FF000000FF000000
310
FF000000FF000000FFB2CC66FF000000FF000000FFB2CC66FF000000FF000000FF000000FF000000FF000000FF000000FF000000FF000000FF000000FF000000FF000000FF000000FF000000FF000000FF000000FF000000FFB2CC66FF000000FF000000FFB2CC66FF000000FF000000FF000000FF000000FF000000FF0000
310
00FF000000FF000000FFB2CC66FF000000FF000000FFB2CC66FF000000FF000000FF000000FF000000FF000000FF000000FF000000FF000000FF000000FF000000FF000000FF000000FF000000FF000000FF000000FF000000FFB2CC66FF000000FF000000FFB2CC66FFB2CC66FF000000FFB2CC66FFB2CC66FFB2CC66FFB2
310
CC66FFB2CC66FFB2CC66FFB2CC66FF000000FF000000FFB2CC66FF000000FF000000FF000000FF000000FF000000FF000000FF000000FF000000FF000000FF000000FF000000FF000000FF000000FF000000FF000000FF000000FFB2CC66FF000000FF000000FF000000FFB2CC66FFB2CC66FF000000FF000000FF000000FF
310
000000FFB2CC66FFB2CC66FF000000FF000000FF000000FFB2CC66FF000000FF000000FF000000FF000000FF000000FF000000FF000000FF000000FF000000FF000000FF000000FF000000FF000000FF000000FF000000FF000000FFB2CC66FF000000FF000000FF000000FF000000FFB2CC66FFB2CC66FFB2CC66FFB2CC66
310
FFB2CC66FFB2CC66FF000000FF000000FF000000FF000000FFB2CC66FF000000FF000000FF000000FF000000FF000000FF000000FF000000FF000000FF000000FF000000FF000000FF000000FF000000FF000000FF000000FF000000FFB2CC66FFB2CC66FFB2CC66FFB2CC66FFB2CC66FFB2CC66FFB2CC66FFB2CC66FFB2CC
310
66FFB2CC66FFB2CC66FFB2CC66FFB2CC66FFB2CC66FFB2CC66FFB2CC66FF000000FF000000FF000000FF000000FF000000FF000000FF000000FF000000FF000000FF000000FF000000FF000000FF000000FF000000FF000000FFB2CC66FFB2CC66FF000000FF000000FF000000FF000000FF000000FF000000FF000000FF00
310
0000FF000000FF000000FF000000FF000000FF000000FF000000FFB2CC66FFB2CC66FF000000FF000000FF000000FF000000FF000000FF000000FF000000FF000000FF000000FF000000FF000000FF000000FF000000FF000000FFB2CC66FF000000FF000000FF000000FF000000FF000000FF000000FF000000FF000000FF
310
000000FF000000FF000000FF000000FF000000FF000000FF000000FF000000FFB2CC66FF000000FF000000FF000000FF000000FF000000FF000000FF000000FF000000FF000000FF000000FF000000FF000000FF000000FF000000FFB2CC66FF000000FF000000FF000000FF000000FF000000FF000000FF000000FF000000
310
FF000000FF000000FF000000FF000000FF000000FF000000FF000000FF000000FFB2CC66FF000000FF000000FF000000FF000000FF000000FF000000FF000000FF000000FF000000FF000000FF000000FF000000FF000000FF000000FFB2CC66FF000000FF000000FF000000FF000000FF000000FF000000FF000000FF0000
310
00FF000000FF000000FF000000FF000000FF000000FF000000FF000000FF000000FFB2CC66FF000000FF000000FF000000FF000000FF000000FF000000FF000000FF000000FF000000FF000000FF000000FF000000FF000000FF000000FFB2CC66FF000000FF000000FF000000FF000000FF000000FF000000FF000000FFB2
310
CC66FFB2CC66FF000000FF000000FF000000FF000000FF000000FF000000FF000000FFB2CC66FF000000FF000000FF000000FF000000FF000000FF000000FF000000FF000000FF000000FF000000FF000000FF000000FF000000FF000000FFB2CC66FF000000FF000000FF000000FF000000FF000000FF000000FF000000FF
310
B2CC66FFB2CC66FF000000FF000000FF000000FF000000FF000000FF000000FF000000FFB2CC66FF000000FF000000FF000000FF000000FF000000FF000000FF000000FF000000FF000000FF000000FF000000FF000000FF000000FF000000FFB2CC66FF000000FF000000FF000000FF000000FF000000FF000000FF000000
310
FF000000FF000000FF000000FF000000FF000000FF000000FF000000FF000000FF000000FFB2CC66FF000000FF000000FF000000FF000000FF000000FF000000FF000000FF000000FF000000FF000000FF000000FF000000FF000000FF000000FFB2CC66FFB2CC66FF000000FF000000FF000000FF000000FF000000FF0000
310
00FF000000FF000000FF000000FF000000FF000000FF000000FF000000FF000000FFB2CC66FFB2CC66FF000000FF000000FF000000FF000000FF000000FF000000FF000000FF000000FF000000FF000000FF000000FF000000FF000000FF000000FF000000FFB2CC66FFB2CC66FFB2CC66FFB2CC66FFB2CC66FFB2CC66FFB2
310
CC66FFB2CC66FFB2CC66FFB2CC66FFB2CC66FFB2CC66FFB2CC66FFB2CC66FFB2CC66FFB2CC66FF000000FF000000FF000000FF000000FF000000FF000000FF000000FF000000FF000000FF000000FF000000FF000000FF000000FF000000FF000000FF000000FF000000FF000000FF000000FF000000FF000000FF000000FF
310
000000FF000000FF000000FF000000FF000000FF000000FF000000FF000000FF000000FF000000FF000000FF000000FF000000FF000000FF000000FF000000FF000000FF000000FF
 70
     0
280
     1
281
     0
1001
AcDbDynamicBlockGUID
1000
{DF56F410-D3D5-47E3-8540-ED232342AB4A}
1001
AcDbBlockRepETag
1070
     1
1071
       17
  0
BLOCK_RECORD
  5
17E6
330
1
100
AcDbSymbolTableRecord
100
AcDbBlockTableRecord
  2
1158
340
0
310
28000000200000002000000001002000000000000010000001000000010000000000000000000000000000FF000000FF000000FF000000FF000000FF000000FF000000FF000000FF000000FF000000FF000000FF000000FF000000FF000000FF000000FF000000FF000000FF000000FF000000FF000000FF000000FF000000
310
FF000000FF000000FF000000FF000000FF000000FF000000FF000000FF000000FF000000FF000000FF000000FF000000FF000000FF000000FF000000FF000000FF000000FF000000FF000000FF000000FF000000FF000000FF000000FF000000FF000000FF000000FF000000FF000000FF000000FF000000FF000000FF0000
310
00FF000000FF000000FF000000FF000000FF000000FF000000FF000000FF000000FF000000FF000000FF000000FF000000FF000000FF000000FF000000FF000000FF000000FF000000FF000000FF000000FF000000FF000000FF000000FF000000FF000000FF000000FF000000FF000000FF000000FF000000FF000000FF00
310
0000FF000000FF000000FF000000FF000000FF000000FF000000FF000000FF000000FF000000FF000000FF000000FF000000FF000000FF000000FF000000FF000000FF000000FF000000FF000000FF000000FF000000FF000000FF000000FF000000FF000000FF000000FF000000FF000000FF000000FF000000FF000000FF
310
000000FF000000FF000000FF000000FF000000FF000000FF000000FF000000FF000000FF000000FF000000FF000000FF000000FF000000FF000000FF000000FF000000FF000000FF000000FF000000FF000000FF000000FF000000FF000000FF000000FF000000FF000000FF000000FF000000FF000000FF000000FF000000
310
FF000000FF000000FF000000FF000000FF000000FF000000FF000000FF000000FF000000FF000000FF000000FF000000FF000000FF000000FF000000FF000000FF000000FF000000FF000000FF000000FF000000FFFFFFFFFFFFFFFFFFFFFFFFFFFFFFFFFFFFFFFFFFFFFFFFFFFFFFFFFFFFFFFFFFFFFFFFFFFFFFFFFFFFFF
310
FFFFFFFFFFFF000000FF000000FF000000FF000000FF000000FF000000FF000000FF000000FF000000FF000000FF000000FF000000FF000000FF000000FF000000FF000000FF000000FFFFFFFFFFFFFFFFFFFFFFFFFF000000FF000000FF000000FF000000FF000000FF000000FF000000FF000000FF000000FF000000FF00
310
0000FF000000FFFFFFFFFFFFFFFFFFFFFFFFFF000000FF000000FF000000FF000000FF000000FF000000FF000000FF000000FF000000FF000000FF000000FF000000FFFFFFFFFFFFFFFFFF000000FF000000FF000000FF000000FFFFFFFFFFFFFFFFFFFFFFFFFFFFFFFFFFFFFFFFFFFFFFFFFFFFFFFFFFFFFFFFFFFFFFFFFF
310
FFFFFFFF000000FF000000FF000000FF000000FFFFFFFFFFFFFFFFFF000000FF000000FF000000FF000000FF000000FF000000FF000000FF000000FFFFFFFFFFFFFFFFFF000000FF000000FFFFFFFFFFFFFFFFFFFFFFFFFFFFFFFFFF000000FF000000FF000000FF000000FF000000FF000000FF000000FF000000FF000000
310
FF000000FFFFFFFFFFFFFFFFFFFFFFFFFFFFFFFFFF000000FF000000FFFFFFFFFFFFFFFFFF000000FF000000FF000000FF000000FFFFFFFFFFFFFFFFFF000000FF000000FFFFFFFFFFFFFFFFFF000000FF000000FF000000FF000000FF000000FF000000FF000000FF000000FF000000FF000000FF000000FF000000FF0000
310
00FF000000FF000000FF000000FF000000FF000000FFFFFFFFFFFFFFFFFF000000FF000000FFFFFFFFFFFFFFFFFF000000FF000000FFFFFFFFFF000000FF000000FF000000FFFFFFFFFF000000FF000000FF000000FF000000FF000000FF000000FF000000FF000000FF000000FF000000FF000000FF000000FF000000FF00
310
0000FF000000FF000000FF000000FF000000FF000000FF000000FFFFFFFFFF000000FF000000FF000000FFFFFFFFFF000000FF000000FFFFFFFFFF000000FF000000FF000000FFFFFFFFFF000000FF000000FF000000FF000000FF000000FF000000FF000000FF000000FF000000FF000000FF000000FF000000FF000000FF
310
000000FF000000FF000000FF000000FF000000FF000000FF000000FFFFFFFFFF000000FF000000FF000000FFFFFFFFFF000000FF000000FFFFFFFFFF000000FF000000FF000000FFFFFFFFFF000000FF000000FF000000FF000000FF000000FF000000FF000000FF000000FF000000FF000000FF000000FF000000FF000000
310
FF000000FF000000FF000000FF000000FF000000FF000000FF000000FFFFFFFFFF000000FF000000FF000000FFFFFFFFFF000000FF000000FFFFFFFFFF000000FF000000FF000000FFFFFFFFFF000000FF000000FF000000FF000000FF000000FF000000FF000000FF000000FF000000FF000000FF000000FF000000FF0000
310
00FF000000FF000000FF000000FF000000FF000000FF000000FF000000FFFFFFFFFF000000FF000000FF000000FFFFFFFFFF000000FF000000FFFFFFFFFF000000FF000000FF000000FFFFFFFFFF000000FF000000FF000000FF000000FF000000FF000000FF000000FF000000FF000000FF000000FF000000FF000000FF00
310
0000FF000000FF000000FF000000FF000000FF000000FF000000FF000000FFFFFFFFFF000000FF000000FF000000FFFFFFFFFF000000FF000000FFFFFFFFFF000000FF000000FF000000FFFFFFFFFF000000FF000000FF000000FF000000FF000000FF000000FF000000FF000000FF000000FF000000FF000000FF000000FF
310
000000FF000000FF000000FF000000FF000000FF000000FF000000FF000000FFFFFFFFFF000000FF000000FF000000FFFFFFFFFF000000FF000000FFFFFFFFFF000000FF000000FF000000FF000000FFFFFFFFFF000000FF000000FF000000FF000000FF000000FF000000FF000000FF000000FF000000FF000000FF000000
310
FF000000FF000000FF000000FF000000FF000000FF000000FF000000FFFFFFFFFF000000FF000000FF000000FF000000FFFFFFFFFF000000FF000000FFFFFFFFFF000000FF000000FF000000FF000000FFFFFFFFFF000000FF000000FF000000FF000000FF000000FF000000FF000000FF000000FF000000FF000000FF0000
310
00FF000000FF000000FF000000FF000000FF000000FF000000FF000000FFFFFFFFFF000000FF000000FF000000FF000000FFFFFFFFFF000000FF000000FFFFFFFFFF000000FF000000FF000000FF000000FFFFFFFFFF000000FF000000FF000000FF000000FF000000FF000000FF000000FF000000FFFFFFFFFF000000FF00
310
0000FF000000FF000000FF000000FF000000FF000000FF000000FF000000FFFFFFFFFF000000FF000000FF000000FF000000FFFFFFFFFF000000FF000000FFFFFFFFFF000000FF000000FF000000FF000000FFFFFFFFFF000000FF000000FF000000FF000000FF000000FF000000FF000000FF000000FFFFFFFFFFFFFFFFFF
310
000000FF000000FF000000FF000000FF000000FF000000FF000000FF000000FFFFFFFFFF000000FF000000FF000000FF000000FFFFFFFFFF000000FF000000FFFFFFFFFF000000FF000000FF000000FF000000FFFFFFFFFF000000FF000000FF000000FF000000FF000000FF000000FF000000FFFFFFFFFFFFFFFFFFFFFFFF
310
FFFFFFFFFF000000FF000000FF000000FF000000FF000000FF000000FF000000FFFFFFFFFF000000FF000000FF000000FF000000FFFFFFFFFF000000FF000000FFFFFFFFFF000000FF000000FF000000FF000000FFFFFFFFFF000000FF000000FF000000FF000000FF000000FF000000FF000000FF000000FFFFFFFFFFFFFF
310
FFFF000000FF000000FF000000FF000000FF000000FF000000FF000000FF000000FFFFFFFFFF000000FF000000FF000000FF000000FFFFFFFFFF000000FF000000FFFFFFFFFF000000FF000000FF000000FF000000FFFFFFFFFFFFFFFFFFFFFFFFFFFFFFFFFFFFFFFFFFFFFFFFFFFFFFFFFFFFFFFFFFFFFFFFFFFFFFFFFFFF
310
FFFFFFFFFFFFFFFFFFFFFFFFFFFFFFFFFFFFFFFFFFFFFFFFFFFFFFFFFFFFFFFFFFFFFFFFFFFFFF000000FF000000FF000000FF000000FFFFFFFFFF000000FF000000FFFFFFFFFF000000FF000000FF000000FF000000FF000000FF000000FF000000FF000000FF000000FF000000FF000000FF000000FF000000FF000000FF
310
000000FF000000FF000000FF000000FF000000FF000000FF000000FF000000FF000000FF000000FF000000FF000000FF000000FF000000FFFFFFFFFF000000FF000000FFFFFFFFFF000000FF000000FF000000FF000000FF000000FF000000FF000000FF000000FF000000FF000000FF000000FF000000FF000000FF000000
310
FF000000FF000000FF000000FF000000FF000000FF000000FF000000FF000000FF000000FF000000FF000000FF000000FF000000FF000000FFFFFFFFFF000000FF000000FFFFFFFFFF000000FF000000FF000000FF000000FF000000FF000000FF000000FF000000FF000000FF000000FF000000FF000000FF000000FF0000
310
00FF000000FF000000FF000000FF000000FF000000FF000000FF000000FF000000FF000000FF000000FF000000FF000000FF000000FF000000FFFFFFFFFF000000FF000000FF000000FFFFFFFFFFFFFFFFFFFFFFFFFFFFFFFFFFFFFFFFFFFFFFFFFFFFFFFFFFFFFFFFFFFFFFFFFFFFFFFFFFFFFFFFFFFFFFFFFFFFFFFFFFFF
310
FFFFFFFFFFFFFFFFFFFFFFFFFFFFFFFFFFFFFFFFFFFFFFFFFFFFFFFFFFFFFFFFFFFFFFFFFFFFFFFFFFFFFFFFFFFFFFFFFFFFFFFFFFFFFFFFFFFFFF000000FF000000FF000000FF000000FF000000FF000000FF000000FF000000FF000000FF000000FF000000FF000000FF000000FF000000FF000000FF000000FF000000FF
310
000000FF000000FF000000FF000000FF000000FF000000FF000000FF000000FF000000FF000000FF000000FF000000FF000000FF000000FF000000FF000000FF000000FF000000FF000000FF000000FF000000FF000000FF000000FF000000FF000000FF000000FF000000FF000000FF000000FF000000FF000000FF000000
310
FF000000FF000000FF000000FF000000FF000000FF000000FF000000FF000000FF000000FF000000FF000000FF000000FF000000FF000000FF000000FF000000FF000000FF000000FF000000FF000000FF000000FF000000FF000000FF000000FF000000FF000000FF000000FF000000FF000000FF000000FF000000FF0000
310
00FF000000FF000000FF000000FF000000FF000000FF000000FF000000FF000000FF000000FF000000FF000000FF000000FF000000FF000000FF000000FF000000FF000000FF000000FF000000FF000000FF000000FF000000FF000000FF000000FF000000FF000000FF000000FF000000FF000000FF000000FF000000FF00
310
0000FF000000FF000000FF000000FF000000FF000000FF000000FF000000FF000000FF000000FF000000FF000000FF000000FF000000FF000000FF000000FF000000FF000000FF000000FF000000FF000000FF000000FF000000FF000000FF000000FF000000FF000000FF000000FF000000FF000000FF000000FF000000FF
310
000000FF000000FF000000FF000000FF000000FF000000FF000000FF000000FF000000FF000000FF000000FF000000FF000000FF000000FF000000FF000000FF000000FF000000FF
 70
     0
280
     1
281
     0
  0
BLOCK_RECORD
  5
1802
330
1
100
AcDbSymbolTableRecord
100
AcDbBlockTableRecord
  2
s_riho
340
0
310
28000000200000002000000001002000000000000010000001000000010000000000000000000000000000FF000000FF000000FF000000FF000000FF000000FF000000FF000000FF000000FF000000FF000000FF000000FF000000FF000000FF000000FF000000FF000000FF000000FF000000FF000000FF000000FF000000
310
FF000000FF000000FF000000FF000000FF000000FF000000FF000000FF000000FF000000FF000000FF000000FF000000FF000000FF000000FF000000FF000000FFFFFFFFFFFFFFFFFFFFFFFFFFFFFFFFFFFFFFFFFFFFFFFFFFFFFFFFFFFFFFFFFFFFFFFFFFFFFFFFFFFFFFFFFFFFFFFFFFFFFFFFFFFFFFFFFFFFFFFFFFFFFF
310
FFFFFFFFFFFFFFFFFFFFFFFFFFFFFFFFFFFF000000FF000000FF000000FF000000FF000000FF000000FF000000FF000000FF000000FF000000FF000000FF000000FFFFFFFFFF000000FF000000FF000000FF000000FF000000FF000000FF000000FF000000FF000000FF000000FF000000FF000000FF000000FF000000FF00
310
0000FF000000FF000000FF000000FFFFFFFFFF000000FF000000FF000000FF000000FF000000FF000000FF000000FF000000FF000000FF000000FF000000FF000000FFFFFFFFFF000000FF000000FFFFFFFFFFFFFFFFFFFFFFFFFFFFFFFFFFFFFFFFFFFFFFFFFF000000FF000000FF000000FFFFFFFFFFFFFFFFFFFFFFFFFF
310
FFFFFFFF000000FF000000FF000000FFFFFFFFFF000000FF000000FF000000FF000000FF000000FF000000FF000000FF000000FF000000FF000000FF000000FF000000FFFFFFFFFF000000FFFFFFFFFFFFFFFFFFFFFFFFFFFFFFFFFFFFFFFFFFFFFFFFFFFFFFFFFFFFFFFFFFFFFFFFFFFFFFFFFFFFFFFFFFFFFFFFFF000000
310
FF000000FFFFFFFFFF000000FF000000FFFFFFFFFF000000FF000000FF000000FF000000FF000000FF000000FF000000FF000000FF000000FF000000FF000000FF000000FFFFFFFFFF000000FFFFFFFFFF000000FF000000FF000000FF000000FF000000FF000000FFFFFFFFFFFFFFFFFF000000FF000000FF000000FF0000
310
00FF000000FFFFFFFFFF000000FF000000FFFFFFFFFF000000FF000000FF000000FF000000FF000000FF000000FF000000FF000000FF000000FF000000FF000000FF000000FFFFFFFFFFFFFFFFFFFFFFFFFF000000FF000000FF000000FF000000FF000000FFFFFFFFFF000000FF000000FF000000FF000000FF000000FF00
310
0000FF000000FF000000FFFFFFFFFF000000FFFFFFFFFF000000FF000000FF000000FF000000FF000000FF000000FF000000FF000000FF000000FF000000FF000000FF000000FFFFFFFFFFFFFFFFFFFFFFFFFF000000FF000000FF000000FF000000FF000000FFFFFFFFFF000000FF000000FFFFFFFFFFFFFFFFFFFFFFFFFF
310
000000FF000000FF000000FF000000FFFFFFFFFFFFFFFFFF000000FF000000FF000000FF000000FF000000FF000000FF000000FF000000FF000000FF000000FF000000FF000000FFFFFFFFFFFFFFFFFFFFFFFFFF000000FF000000FF000000FF000000FFFFFFFFFFFFFFFFFFFFFFFFFFFFFFFFFF000000FF000000FF000000
310
FFFFFFFFFFFFFFFFFF000000FF000000FFFFFFFFFFFFFFFFFF000000FF000000FF000000FF000000FF000000FF000000FF000000FF000000FF000000FF000000FF000000FF000000FFFFFFFFFFFFFFFFFFFFFFFFFF000000FF000000FF000000FF000000FFFFFFFFFF000000FF000000FF000000FF000000FF000000FF0000
310
00FF000000FFFFFFFFFF000000FF000000FFFFFFFFFFFFFFFFFF000000FF000000FF000000FF000000FF000000FF000000FF000000FF000000FF000000FF000000FF000000FF000000FFFFFFFFFF000000FFFFFFFFFF000000FF000000FF000000FFFFFFFFFFFFFFFFFF000000FF000000FF000000FF000000FF000000FF00
310
0000FF000000FF000000FFFFFFFFFF000000FFFFFFFFFFFFFFFFFF000000FF000000FF000000FF000000FF000000FF000000FF000000FF000000FF000000FF000000FF000000FF000000FFFFFFFFFF000000FFFFFFFFFF000000FF000000FFFFFFFFFFFFFFFFFF000000FF000000FF000000FF000000FF000000FF000000FF
310
000000FF000000FF000000FFFFFFFFFF000000FFFFFFFFFFFFFFFFFF000000FF000000FF000000FF000000FF000000FF000000FF000000FF000000FF000000FF000000FF000000FF000000FFFFFFFFFF000000FFFFFFFFFF000000FFFFFFFFFFFFFFFFFF000000FF000000FF000000FF000000FF000000FF000000FF000000
310
FF000000FF000000FF000000FFFFFFFFFF000000FFFFFFFFFFFFFFFFFF000000FF000000FF000000FF000000FF000000FF000000FF000000FF000000FF000000FF000000FF000000FF000000FFFFFFFFFF000000FFFFFFFFFF000000FFFFFFFFFFFFFFFFFF000000FF000000FF000000FF000000FF000000FF000000FF0000
310
00FF000000FF000000FF000000FFFFFFFFFFFFFFFFFF000000FFFFFFFFFF000000FF000000FF000000FF000000FF000000FF000000FF000000FF000000FF000000FF000000FF000000FF000000FFFFFFFFFF000000FFFFFFFFFFFFFFFFFFFFFFFFFF000000FF000000FF000000FF000000FF000000FF000000FF000000FF00
310
0000FF000000FF000000FF000000FFFFFFFFFFFFFFFFFFFFFFFFFF000000FF000000FF000000FF000000FF000000FF000000FF000000FF000000FF000000FF000000FF000000FF000000FF000000FFFFFFFFFF000000FFFFFFFFFFFFFFFFFFFFFFFFFF000000FF000000FF000000FF000000FF000000FF000000FF000000FF
310
000000FF000000FF000000FF000000FFFFFFFFFFFFFFFFFFFFFFFFFF000000FF000000FF000000FF000000FF000000FF000000FF000000FF000000FF000000FF000000FF000000FF000000FF000000FFFFFFFFFF000000FFFFFFFFFFFFFFFFFF000000FF000000FF000000FF000000FF000000FF000000FF000000FF000000
310
FF000000FF000000FF000000FF000000FFFFFFFFFFFFFFFFFFFFFFFFFF000000FF000000FF000000FF000000FF000000FF000000FF000000FF000000FF000000FF000000FF000000FF000000FF000000FFFFFFFFFF000000FFFFFFFFFFFFFFFFFF000000FF000000FF000000FF000000FF000000FF000000FF000000FF0000
310
00FF000000FF000000FF000000FFFFFFFFFFFFFFFFFFFFFFFFFF000000FF000000FF000000FF000000FF000000FF000000FF000000FF000000FF000000FF000000FF000000FF000000FF000000FF000000FFFFFFFFFF000000FFFFFFFFFF000000FF000000FF000000FF000000FF000000FF000000FF000000FF000000FF00
310
0000FF000000FF000000FF000000FFFFFFFFFFFFFFFFFFFFFFFFFF000000FF000000FF000000FF000000FF000000FF000000FF000000FF000000FF000000FF000000FF000000FF000000FF000000FF000000FFFFFFFFFF000000FFFFFFFFFF000000FF000000FF000000FF000000FF000000FF000000FF000000FF000000FF
310
000000FFFFFFFFFFFFFFFFFFFFFFFFFF000000FFFFFFFFFF000000FF000000FF000000FF000000FF000000FF000000FF000000FF000000FF000000FF000000FF000000FF000000FF000000FF000000FF000000FFFFFFFFFF000000FFFFFFFFFF000000FF000000FF000000FF000000FF000000FF000000FF000000FF000000
310
FF000000FFFFFFFFFFFFFFFFFFFFFFFFFFFFFFFFFFFFFFFFFF000000FF000000FF000000FF000000FF000000FF000000FF000000FF000000FF000000FF000000FF000000FF000000FF000000FF000000FF000000FFFFFFFFFF000000FFFFFFFFFF000000FF000000FF000000FF000000FF000000FF000000FF000000FF0000
310
00FF000000FF000000FFFFFFFFFFFFFFFFFFFFFFFFFF000000FF000000FF000000FF000000FF000000FF000000FF000000FF000000FF000000FF000000FF000000FF000000FF000000FF000000FF000000FF000000FFFFFFFFFF000000FFFFFFFFFF000000FF000000FF000000FF000000FF000000FF000000FF000000FF00
310
0000FF000000FF000000FFFFFFFFFFFFFFFFFF000000FF000000FF000000FF000000FF000000FF000000FF000000FF000000FF000000FF000000FF000000FF000000FF000000FF000000FF000000FF000000FF000000FFFFFFFFFF000000FFFFFFFFFF000000FF000000FF000000FF000000FF000000FF000000FF000000FF
310
000000FF000000FFFFFFFFFFFFFFFFFFFFFFFFFF000000FF000000FF000000FF000000FF000000FF000000FF000000FF000000FF000000FF000000FF000000FF000000FF000000FF000000FF000000FF000000FF000000FFFFFFFFFF000000FFFFFFFFFF000000FF000000FF000000FF000000FF000000FF000000FF000000
310
FF000000FFFFFFFFFFFFFFFFFFFFFFFFFF000000FF000000FF000000FF000000FF000000FF000000FF000000FF000000FF000000FF000000FF000000FF000000FF000000FF000000FF000000FF000000FF000000FF000000FFFFFFFFFF000000FF000000FFFFFFFFFF000000FF000000FF000000FF000000FF000000FFFFFF
310
FFFFFFFFFFFF000000FFFFFFFFFF000000FF000000FF000000FF000000FF000000FF000000FF000000FF000000FF000000FF000000FF000000FF000000FF000000FF000000FF000000FF000000FF000000FF000000FF000000FFFFFFFFFF000000FF000000FFFFFFFFFFFFFFFFFF000000FF000000FF000000FFFFFFFFFFFF
310
FFFFFF000000FFFFFFFFFF000000FF000000FF000000FF000000FF000000FF000000FF000000FF000000FF000000FF000000FF000000FF000000FF000000FF000000FF000000FF000000FF000000FF000000FF000000FF000000FFFFFFFFFF000000FF000000FFFFFFFFFFFFFFFFFFFFFFFFFFFFFFFFFFFFFFFFFF000000FF
310
FFFFFFFFFFFFFFFF000000FF000000FF000000FF000000FF000000FF000000FF000000FF000000FF000000FF000000FF000000FF000000FF000000FF000000FF000000FF000000FF000000FF000000FF000000FF000000FF000000FFFFFFFFFF000000FF000000FF000000FF000000FF000000FFFFFFFFFFFFFFFFFFFFFFFF
310
FF000000FF000000FF000000FF000000FF000000FF000000FF000000FF000000FF000000FF000000FF000000FF000000FF000000FF000000FF000000FF000000FF000000FF000000FF000000FF000000FF000000FF000000FF000000FFFFFFFFFF000000FF000000FF000000FFFFFFFFFFFFFFFFFF000000FF000000FF0000
310
00FF000000FF000000FF000000FF000000FF000000FF000000FF000000FF000000FF000000FF000000FF000000FF000000FF000000FF000000FF000000FF000000FF000000FF000000FF000000FF000000FF000000FF000000FF000000FFFFFFFFFFFFFFFFFFFFFFFFFFFFFFFFFF000000FF000000FF000000FF000000FF00
310
0000FF000000FF000000FF000000FF000000FF000000FF000000FF000000FF000000FF000000FF000000FF000000FF000000FF000000FF000000FF000000FF000000FF000000FF000000FF000000FF000000FF000000FF000000FF000000FF000000FF000000FF000000FF000000FF000000FF000000FF000000FF000000FF
310
000000FF000000FF000000FF000000FF000000FF000000FF000000FF000000FF000000FF000000FF000000FF000000FF000000FF000000FF000000FF000000FF000000FF000000FF
 70
     4
280
     1
281
     0
  0
BLOCK_RECORD
  5
1D98
102
{ACAD_XDICTIONARY
360
1D99
102
}
330
1
100
AcDbSymbolTableRecord
100
AcDbBlockTableRecord
  2
v1
340
0
310
28000000200000002000000001002000000000000010000001000000010000000000000000000000000000FF000000FF000000FF000000FF000000FF000000FF000000FF000000FF000000FF000000FF000000FF000000FF000000FF000000FF000000FF000000FF000000FF000000FF000000FF000000FF000000FF000000
310
FF000000FF000000FF000000FF000000FF000000FF000000FF000000FF000000FF000000FF000000FF000000FF000000FF000000FF000000FF000000FF000000FF000000FF000000FF000000FFB2CC66FFB2CC66FFB2CC66FFB2CC66FFB2CC66FFB2CC66FFB2CC66FFB2CC66FFB2CC66FFB2CC66FFB2CC66FFB2CC66FFB2CC
310
66FFB2CC66FF000000FF000000FF000000FF000000FF000000FF000000FF000000FF000000FF000000FF000000FF000000FF000000FF000000FF000000FF000000FF000000FF000000FF000000FFB2CC66FFB2CC66FFB2CC66FFB2CC66FFB2CC66FFB2CC66FFB2CC66FFB2CC66FFB2CC66FFB2CC66FF000000FF000000FF00
310
0000FFB2CC66FF000000FF000000FF000000FF000000FF000000FF000000FF000000FF000000FF000000FF000000FF000000FF000000FF000000FF000000FF000000FF000000FF000000FF000000FFB2CC66FFB2CC66FFB2CC66FFB2CC66FFB2CC66FFB2CC66FFB2CC66FFB2CC66FF000000FF000000FFB2CC66FF000000FF
310
000000FFB2CC66FF000000FF000000FF000000FF000000FF000000FF000000FF000000FF000000FF000000FF000000FF000000FF000000FF000000FF000000FF000000FF000000FF000000FF000000FFB2CC66FFB2CC66FFB2CC66FF000000FF000000FF000000FF000000FF000000FFB2CC66FF000000FF000000FFB2CC66
310
FFB2CC66FFB2CC66FF000000FF000000FF000000FF000000FF000000FF000000FF000000FF000000FF000000FF000000FF000000FF000000FF000000FF000000FF000000FF000000FF000000FF000000FFB2CC66FFB2CC66FFB2CC66FF000000FF000000FF000000FF000000FF000000FF000000FFB2CC66FF000000FF0000
310
00FF000000FFB2CC66FF000000FF000000FF000000FF000000FF000000FF000000FF000000FF000000FF000000FF000000FF000000FF000000FF000000FF000000FF000000FF000000FF000000FF000000FFB2CC66FFB2CC66FFB2CC66FF000000FF000000FF000000FF000000FF000000FF000000FF000000FFB2CC66FF00
310
0000FFB2CC66FFB2CC66FF000000FF000000FF000000FF000000FF000000FF000000FF000000FF000000FF000000FF000000FF000000FF000000FF000000FF000000FF000000FF000000FF000000FF000000FFB2CC66FFB2CC66FFB2CC66FF000000FF000000FF000000FF000000FF000000FF000000FF000000FF000000FF
310
B2CC66FFB2CC66FFB2CC66FF000000FF000000FF000000FF000000FF000000FF000000FF000000FF000000FF000000FF000000FF000000FF000000FF000000FF000000FF000000FF000000FF000000FF000000FFB2CC66FFB2CC66FFB2CC66FF000000FF000000FF000000FF000000FF000000FF000000FF000000FF000000
310
FFB2CC66FFB2CC66FFB2CC66FF000000FF000000FF000000FF000000FF000000FF000000FF000000FF000000FF000000FF000000FF000000FF000000FF000000FF000000FF000000FF000000FF000000FF000000FFB2CC66FFB2CC66FFB2CC66FF000000FF000000FF000000FF000000FF000000FF000000FF000000FF0000
310
00FFB2CC66FFB2CC66FFB2CC66FF000000FF000000FF000000FF000000FF000000FF000000FF000000FF000000FF000000FF000000FF000000FF000000FF000000FF000000FF000000FF000000FF000000FF000000FFB2CC66FFB2CC66FFB2CC66FF000000FF000000FF000000FF000000FF000000FF000000FF000000FF00
310
0000FFB2CC66FFB2CC66FFB2CC66FF000000FF000000FF000000FF000000FF000000FF000000FF000000FF000000FF000000FF000000FF000000FF000000FF000000FF000000FF000000FF000000FF000000FF000000FFB2CC66FFB2CC66FFB2CC66FF000000FF000000FF000000FF000000FF000000FF000000FF000000FF
310
000000FFB2CC66FFB2CC66FFB2CC66FF000000FF000000FF000000FF000000FF000000FF000000FF000000FF000000FF000000FF000000FF000000FF000000FF000000FF000000FF000000FF000000FF000000FF000000FFB2CC66FFB2CC66FFB2CC66FF000000FF000000FF000000FF000000FF000000FF000000FF000000
310
FF000000FFB2CC66FFB2CC66FFB2CC66FF000000FF000000FF000000FF000000FF000000FF000000FF000000FF000000FF000000FF000000FF000000FF000000FF000000FF000000FF000000FF000000FF000000FF000000FFB2CC66FFB2CC66FFB2CC66FF000000FF000000FF000000FF000000FF000000FF000000FF0000
310
00FF000000FFB2CC66FFB2CC66FFB2CC66FF000000FF000000FF000000FF000000FF000000FF000000FF000000FF000000FF000000FF000000FF000000FF000000FF000000FF000000FF000000FF000000FF000000FF000000FFB2CC66FFB2CC66FFB2CC66FF000000FF000000FF000000FF000000FF000000FF000000FF00
310
0000FF000000FFB2CC66FFB2CC66FFB2CC66FF000000FF000000FF000000FF000000FF000000FF000000FF000000FF000000FF000000FF000000FF000000FF000000FF000000FF000000FF000000FF000000FF000000FF000000FFB2CC66FFB2CC66FFB2CC66FF000000FF000000FF000000FF000000FF000000FF000000FF
310
000000FF000000FFB2CC66FFB2CC66FFB2CC66FF000000FF000000FF000000FF000000FF000000FF000000FF000000FF000000FF000000FF000000FF000000FF000000FF000000FF000000FF000000FF000000FF000000FF000000FFB2CC66FFB2CC66FFB2CC66FF000000FF000000FF000000FF000000FF000000FF000000
310
FF000000FF000000FFB2CC66FFB2CC66FFB2CC66FF000000FF000000FF000000FF000000FF000000FF000000FF000000FF000000FF000000FF000000FF000000FF000000FF000000FF000000FF000000FF000000FF000000FF000000FFB2CC66FFB2CC66FFB2CC66FF000000FF000000FF000000FF000000FF000000FF0000
310
00FF000000FF000000FFB2CC66FFB2CC66FFB2CC66FF000000FF000000FF000000FF000000FF000000FF000000FF000000FF000000FF000000FF000000FF000000FF000000FF000000FF000000FF000000FF000000FF000000FF000000FFB2CC66FFB2CC66FFB2CC66FF000000FF000000FF000000FF000000FF000000FF00
310
0000FF000000FF000000FFB2CC66FFB2CC66FFB2CC66FF000000FF000000FF000000FF000000FF000000FF000000FF000000FF000000FF000000FF000000FF000000FF000000FF000000FF000000FF000000FF000000FF000000FF000000FFB2CC66FFB2CC66FFB2CC66FF000000FF000000FF000000FF000000FF000000FF
310
000000FF000000FF000000FFB2CC66FFB2CC66FFB2CC66FF000000FF000000FF000000FF000000FF000000FF000000FF000000FF000000FF000000FF000000FF000000FF000000FF000000FF000000FF000000FF000000FF000000FF000000FFB2CC66FFB2CC66FFB2CC66FF000000FF000000FF000000FF000000FF000000
310
FF000000FF000000FF000000FFB2CC66FFB2CC66FFB2CC66FF000000FF000000FF000000FF000000FF000000FF000000FF000000FF000000FF000000FF000000FF000000FF000000FF000000FF000000FF000000FF000000FF000000FF000000FFB2CC66FFB2CC66FFB2CC66FF000000FF000000FF000000FF000000FF0000
310
00FF000000FF000000FF000000FFB2CC66FFB2CC66FFB2CC66FF000000FF000000FF000000FF000000FF000000FF000000FF000000FF000000FF000000FF000000FF000000FF000000FF000000FF000000FF000000FF000000FF000000FF000000FFB2CC66FFB2CC66FFB2CC66FF000000FF000000FF000000FF000000FF00
310
0000FF000000FF000000FF000000FFB2CC66FFB2CC66FFB2CC66FF000000FF000000FF000000FF000000FF000000FF000000FF000000FF000000FF000000FF000000FF000000FF000000FF000000FF000000FF000000FF000000FF000000FF000000FFB2CC66FFB2CC66FFB2CC66FF000000FF000000FF000000FF000000FF
310
000000FF000000FF000000FF000000FFB2CC66FFB2CC66FFB2CC66FF000000FF000000FF000000FF000000FF000000FF000000FF000000FF000000FF000000FF000000FF000000FF000000FF000000FF000000FF000000FF000000FF000000FF000000FFB2CC66FFB2CC66FFB2CC66FF000000FF000000FF000000FF000000
310
FF000000FF000000FF000000FF000000FFB2CC66FFB2CC66FFB2CC66FF000000FF000000FF000000FF000000FF000000FF000000FF000000FF000000FF000000FF000000FF000000FF000000FF000000FF000000FF000000FF000000FF000000FF000000FFB2CC66FFB2CC66FFB2CC66FF000000FF000000FF000000FF0000
310
00FF000000FF000000FF000000FF000000FFB2CC66FFB2CC66FFB2CC66FF000000FF000000FF000000FF000000FF000000FF000000FF000000FF000000FF000000FF000000FF000000FF000000FF000000FF000000FF000000FF000000FF000000FF000000FFB2CC66FFB2CC66FFB2CC66FF000000FF000000FF000000FF00
310
0000FF000000FF000000FF000000FF000000FFB2CC66FFB2CC66FFB2CC66FF000000FF000000FF000000FF000000FF000000FF000000FF000000FF000000FF000000FF000000FF000000FF000000FF000000FF000000FF000000FF000000FF000000FF000000FFB2CC66FFB2CC66FFB2CC66FF000000FF000000FF000000FF
310
000000FF000000FF000000FF000000FF000000FFB2CC66FFB2CC66FFB2CC66FF000000FF000000FF000000FF000000FF000000FF000000FF000000FF000000FF000000FF000000FF000000FF000000FF000000FF000000FF000000FF000000FF000000FF000000FFB2CC66FFB2CC66FFB2CC66FFB2CC66FFB2CC66FFB2CC66
310
FFB2CC66FFB2CC66FFB2CC66FFB2CC66FFB2CC66FFB2CC66FFB2CC66FFB2CC66FF000000FF000000FF000000FF000000FF000000FF000000FF000000FF000000FF000000FF000000FF000000FF000000FF000000FF000000FF000000FF000000FF000000FF000000FFB2CC66FFB2CC66FFB2CC66FFB2CC66FFB2CC66FFB2CC
310
66FFB2CC66FFB2CC66FFB2CC66FFB2CC66FFB2CC66FFB2CC66FFB2CC66FFB2CC66FF000000FF000000FF000000FF000000FF000000FF000000FF000000FF000000FF000000FF000000FF000000FF000000FF000000FF000000FF000000FF000000FF000000FF000000FFB2CC66FFB2CC66FFB2CC66FFB2CC66FFB2CC66FFB2
310
CC66FFB2CC66FFB2CC66FFB2CC66FFB2CC66FFB2CC66FFB2CC66FFB2CC66FFB2CC66FF000000FF000000FF000000FF000000FF000000FF000000FF000000FF000000FF000000FF000000FF000000FF000000FF000000FF000000FF000000FF000000FF000000FF000000FF000000FF000000FF000000FF000000FF000000FF
310
000000FF000000FF000000FF000000FF000000FF000000FF000000FF000000FF000000FF000000FF000000FF000000FF000000FF000000FF000000FF000000FF000000FF000000FF
 70
     4
280
     1
281
     0
1001
AcDbBlockRepETag
1070
     1
1071
        5
1001
AcDbDynamicBlockGUID
1000
{0472EF98-B1AE-E64A-8D04-70A9A622F720}
  0
BLOCK_RECORD
  5
2186
102
{ACAD_XDICTIONARY
360
2187
102
}
330
1
100
AcDbSymbolTableRecord
100
AcDbBlockTableRecord
  2
1150
340
0
310
28000000200000002000000001002000000000000010000001000000010000000000000000000000000000FF000000FF000000FF000000FF000000FF000000FF000000FF000000FF000000FF000000FF000000FF000000FF000000FF000000FF000000FF000000FF000000FF000000FF000000FF000000FF000000FF000000
310
FF000000FF000000FF000000FF000000FF000000FF000000FF000000FF000000FF000000FF000000FF000000FF000000FF000000FF000000FF000000FF000000FF000000FF000000FF000000FF000000FF005F7FFF005F7FFF005F7FFF000000FF000000FF000000FF000000FF000000FF000000FF000000FF000000FF0000
310
00FF000000FF000000FF000000FF000000FF000000FF000000FF000000FF000000FF000000FF000000FF000000FF000000FF000000FF000000FF000000FF000000FF000000FF005F7FFF005F7FFF005F7FFF005F7FFF005F7FFF005F7FFF005F7FFF005F7FFF005F7FFF000000FF000000FF000000FF000000FF000000FF00
310
0000FF000000FF000000FF000000FF000000FF000000FF000000FF000000FF000000FF000000FF000000FF000000FF000000FF000000FF000000FF000000FF005F7FFF005F7FFF005F7FFF005F7FFF005F7FFF005F7FFF005F7FFF005F7FFF005F7FFF005F7FFF005F7FFF005F7FFF000000FF000000FF000000FF000000FF
310
000000FF000000FF000000FF000000FF000000FF000000FF000000FF000000FF000000FF000000FF000000FF000000FF000000FF000000FF000000FF005F7FFF005F7FFF005F7FFF005F7FFF005F7FFF005F7FFF005F7FFF005F7FFF005F7FFF005F7FFF005F7FFF005F7FFF005F7FFF005F7FFF000000FF000000FF000000
310
FF000000FF000000FF000000FF000000FF000000FF000000FF000000FF000000FF000000FF000000FF000000FF000000FF000000FF000000FF000000FF005F7FFF005F7FFF005F7FFF005F7FFF005F7FFF005F7FFF005F7FFF005F7FFF005F7FFF005F7FFF005F7FFF005F7FFF005F7FFF005F7FFF005F7FFF000000FF0000
310
00FF000000FF000000FF000000FF000000FF000000FF000000FF000000FF000000FF000000FF000000FF000000FF000000FF000000FF000000FF005F7FFF005F7FFF005F7FFF005F7FFF005F7FFF005F7FFF005F7FFF005F7FFF005F7FFF005F7FFF005F7FFF005F7FFF005F7FFF005F7FFF005F7FFF005F7FFF000000FF00
310
0000FF000000FF000000FF000000FF000000FF000000FF000000FF000000FF000000FF000000FF000000FF000000FF000000FF000000FF000000FF005F7FFF005F7FFF005F7FFF005F7FFF005F7FFF005F7FFF005F7FFF005F7FFF005F7FFF005F7FFF005F7FFF005F7FFF005F7FFF005F7FFF005F7FFF005F7FFF005F7FFF
310
000000FF000000FF000000FF000000FF000000FF000000FF000000FF000000FF000000FF000000FF000000FF000000FF000000FF000000FF005F7FFF005F7FFF005F7FFF005F7FFF005F7FFF005F7FFF005F7FFF005F7FFF005F7FFF005F7FFF005F7FFF005F7FFF005F7FFF005F7FFF005F7FFF005F7FFF005F7FFF005F7F
310
FF005F7FFF005F7FFF005F7FFF005F7FFF000000FF000000FF000000FF000000FF000000FF000000FF000000FF000000FF000000FF000000FF005F7FFF005F7FFF005F7FFF005F7FFF005F7FFF005F7FFF005F7FFF005F7FFF005F7FFF005F7FFF005F7FFF000000FF005F7FFF005F7FFF005F7FFF000000FF000000FF0000
310
00FF005F7FFF005F7FFF000000FF005F7FFF000000FF000000FF000000FF000000FF000000FF000000FF000000FF000000FF000000FF000000FF005F7FFF005F7FFF005F7FFF005F7FFF005F7FFF005F7FFF005F7FFF000000FF000000FF000000FF000000FF005F7FFF005F7FFF000000FF000000FF000000FF000000FF00
310
0000FF005F7FFF005F7FFF005F7FFF005F7FFF000000FF000000FF000000FF000000FF000000FF000000FF000000FF000000FF000000FF000000FF005F7FFF005F7FFF005F7FFF005F7FFF005F7FFF005F7FFF005F7FFF005F7FFF005F7FFF005F7FFF005F7FFF000000FF000000FF000000FF000000FF000000FF000000FF
310
000000FF005F7FFF005F7FFF005F7FFF005F7FFF000000FF000000FF000000FF000000FF000000FF000000FF000000FF000000FF000000FF000000FF005F7FFF005F7FFF005F7FFF005F7FFF005F7FFF005F7FFF005F7FFF005F7FFF005F7FFF005F7FFF005F7FFF005F7FFF005F7FFF005F7FFF005F7FFF000000FF000000
310
FF000000FF000000FF000000FF005F7FFF005F7FFF000000FF000000FF000000FF000000FF000000FF000000FF000000FF000000FF000000FF000000FF000000FF005F7FFF005F7FFF005F7FFF005F7FFF005F7FFF005F7FFF000000FF005F7FFF005F7FFF005F7FFF005F7FFF005F7FFF005F7FFF005F7FFF005F7FFF005F
310
7FFF005F7FFF005F7FFF005F7FFF000000FF005F7FFF000000FF000000FF000000FF000000FF000000FF000000FF000000FF000000FF000000FF000000FF000000FF005F7FFF005F7FFF005F7FFF005F7FFF005F7FFF005F7FFF005F7FFF000000FF000000FF000000FF000000FF000000FF000000FF000000FF000000FF00
310
0000FF000000FF000000FF005F7FFF005F7FFF005F7FFF000000FF000000FF000000FF000000FF000000FF000000FF000000FF000000FF000000FF000000FF000000FF000000FF005F7FFF005F7FFF005F7FFF005F7FFF005F7FFF005F7FFF005F7FFF000000FF000000FF000000FF000000FF000000FF000000FF000000FF
310
005F7FFF005F7FFF005F7FFF005F7FFF000000FF005F7FFF000000FF000000FF000000FF000000FF000000FF000000FF000000FF000000FF000000FF000000FF000000FF000000FF005F7FFF005F7FFF005F7FFF005F7FFF005F7FFF000000FF000000FF005F7FFF005F7FFF005F7FFF005F7FFF005F7FFF005F7FFF005F7F
310
FF000000FF000000FF000000FF000000FF005F7FFF005F7FFF000000FF000000FF000000FF000000FF000000FF000000FF000000FF000000FF000000FF000000FF000000FF000000FF000000FF000000FF005F7FFF005F7FFF005F7FFF000000FF005F7FFF005F7FFF005F7FFF005F7FFF005F7FFF005F7FFF005F7FFF005F
310
7FFF005F7FFF005F7FFF005F7FFF000000FF000000FF005F7FFF000000FF000000FF000000FF000000FF000000FF000000FF000000FF000000FF000000FF000000FF000000FF000000FF000000FF000000FF000000FF005F7FFF005F7FFF005F7FFF000000FF000000FF000000FF000000FF000000FF000000FF000000FF00
310
0000FF000000FF000000FF000000FF005F7FFF005F7FFF005F7FFF000000FF000000FF000000FF000000FF000000FF000000FF000000FF000000FF000000FF000000FF000000FF000000FF000000FF000000FF000000FF000000FF005F7FFF005F7FFF005F7FFF005F7FFF005F7FFF005F7FFF005F7FFF005F7FFF000000FF
310
000000FF000000FF000000FF000000FF000000FF000000FF005F7FFF000000FF000000FF000000FF000000FF000000FF000000FF000000FF000000FF000000FF000000FF000000FF000000FF000000FF000000FF000000FF000000FF005F7FFF000000FF000000FF000000FF000000FF000000FF000000FF000000FF005F7F
310
FF005F7FFF000000FF000000FF000000FF000000FF000000FF005F7FFF000000FF000000FF000000FF000000FF000000FF000000FF000000FF000000FF000000FF000000FF000000FF000000FF000000FF000000FF000000FF000000FF005F7FFF005F7FFF000000FF000000FF000000FF000000FF000000FF000000FF0000
310
00FF000000FF005F7FFF005F7FFF000000FF000000FF000000FF005F7FFF000000FF000000FF000000FF000000FF000000FF000000FF000000FF000000FF000000FF000000FF000000FF000000FF000000FF000000FF000000FF000000FF005F7FFF005F7FFF005F7FFF005F7FFF005F7FFF005F7FFF005F7FFF005F7FFF00
310
0000FF000000FF000000FF005F7FFF005F7FFF005F7FFF005F7FFF005F7FFF000000FF000000FF000000FF000000FF000000FF000000FF000000FF000000FF000000FF000000FF000000FF000000FF000000FF000000FF000000FF000000FF005F7FFF000000FF000000FF005F7FFF005F7FFF005F7FFF000000FF000000FF
310
005F7FFF005F7FFF005F7FFF000000FF005F7FFF000000FF005F7FFF005F7FFF000000FF000000FF000000FF000000FF000000FF000000FF000000FF000000FF000000FF000000FF005F7FFF005F7FFF005F7FFF005F7FFF005F7FFF005F7FFF005F7FFF000000FF000000FF000000FF000000FF000000FF005F7FFF005F7F
310
FF005F7FFF005F7FFF000000FF000000FF000000FF005F7FFF000000FF005F7FFF005F7FFF005F7FFF005F7FFF005F7FFF005F7FFF005F7FFF000000FF000000FF000000FF000000FF005F7FFF005F7FFF005F7FFF005F7FFF005F7FFF005F7FFF005F7FFF000000FF000000FF000000FF000000FF000000FF000000FF0000
310
00FF000000FF000000FF005F7FFF005F7FFF005F7FFF005F7FFF005F7FFF005F7FFF005F7FFF005F7FFF005F7FFF005F7FFF005F7FFF005F7FFF000000FF000000FF000000FF000000FF005F7FFF005F7FFF005F7FFF005F7FFF005F7FFF005F7FFF005F7FFF005F7FFF005F7FFF005F7FFF005F7FFF005F7FFF005F7FFF00
310
5F7FFF005F7FFF005F7FFF005F7FFF005F7FFF005F7FFF005F7FFF005F7FFF005F7FFF005F7FFF005F7FFF005F7FFF005F7FFF005F7FFF005F7FFF000000FF000000FF000000FF000000FF005F7FFF005F7FFF005F7FFF005F7FFF005F7FFF005F7FFF005F7FFF005F7FFF000000FF000000FF000000FF000000FF005F7FFF
310
005F7FFF005F7FFF005F7FFF000000FF000000FF000000FF000000FF005F7FFF005F7FFF005F7FFF005F7FFF005F7FFF005F7FFF005F7FFF005F7FFF000000FF000000FF000000FF000000FF005F7FFF005F7FFF005F7FFF005F7FFF005F7FFF005F7FFF005F7FFF005F7FFF005F7FFF000000FF000000FF005F7FFF005F7F
310
FF005F7FFF005F7FFF005F7FFF005F7FFF000000FF000000FF005F7FFF005F7FFF005F7FFF005F7FFF005F7FFF005F7FFF005F7FFF005F7FFF005F7FFF000000FF000000FF000000FF000000FF005F7FFF005F7FFF005F7FFF005F7FFF005F7FFF005F7FFF005F7FFF005F7FFF005F7FFF005F7FFF005F7FFF005F7FFF005F
310
7FFF005F7FFF005F7FFF005F7FFF005F7FFF005F7FFF005F7FFF005F7FFF005F7FFF005F7FFF005F7FFF005F7FFF005F7FFF005F7FFF005F7FFF005F7FFF000000FF000000FF000000FF000000FF005F7FFF005F7FFF005F7FFF005F7FFF005F7FFF005F7FFF005F7FFF005F7FFF005F7FFF005F7FFF005F7FFF005F7FFF00
310
5F7FFF005F7FFF005F7FFF005F7FFF005F7FFF005F7FFF005F7FFF005F7FFF005F7FFF005F7FFF005F7FFF005F7FFF005F7FFF005F7FFF005F7FFF005F7FFF000000FF000000FF000000FF000000FF000000FF000000FF000000FF000000FF000000FF000000FF000000FF000000FF000000FF000000FF000000FF000000FF
310
000000FF000000FF000000FF000000FF000000FF000000FF000000FF000000FF000000FF000000FF000000FF000000FF000000FF000000FF000000FF000000FF000000FF000000FF
 70
     4
280
     1
281
     0
1001
AcDbBlockRepETag
1070
     1
1071
     1518
1001
AcDbDynamicBlockGUID
1000
{41B33439-34EF-4303-85F2-E6DC7BA93179}
  0
BLOCK_RECORD
  5
2313
102
{ACAD_XDICTIONARY
360
2314
102
}
330
1
100
AcDbSymbolTableRecord
100
AcDbBlockTableRecord
  2
1156
340
0
310
28000000200000002000000001002000000000000010000001000000010000000000000000000000000000FF000000FF000000FF000000FF000000FF000000FF000000FF000000FF000000FF000000FF000000FF000000FF000000FF000000FF000000FF000000FF000000FF000000FF000000FF000000FF000000FF000000
310
FF000000FF000000FF000000FF000000FF000000FF000000FF000000FF000000FF000000FF000000FF000000FF000000FF000000FF000000FF000000FF000000FF000000FF000000FF000000FF000000FF000000FF000000FF000000FF000000FF000000FF000000FF000000FF000000FF000000FF000000FF005F7FFF005F
310
7FFF005F7FFF005F7FFF005F7FFF005F7FFF000000FF000000FF000000FF000000FF000000FF000000FF000000FF000000FF000000FF000000FF000000FF000000FF000000FF000000FF000000FF000000FF000000FF000000FF000000FF000000FF000000FF000000FF000000FF000000FF000000FF000000FF005F7FFF00
310
0000FF000000FF000000FF000000FF005F7FFF000000FF000000FF000000FF000000FF000000FF000000FF000000FF000000FF000000FF000000FF000000FF000000FF000000FF000000FF000000FF000000FF000000FF000000FF000000FF000000FF000000FF000000FF000000FF000000FF000000FF000000FF005F7FFF
310
000000FF000000FF000000FF000000FF005F7FFF000000FF000000FF000000FF000000FF000000FF000000FF000000FF000000FF000000FF000000FF000000FF000000FF000000FF000000FF000000FF000000FF000000FF000000FF000000FF000000FF000000FF000000FF000000FF000000FF000000FF000000FF005F7F
310
FF000000FF000000FF000000FF000000FF005F7FFF000000FF000000FF000000FF000000FF000000FF000000FF000000FF000000FF000000FF000000FF000000FF000000FF000000FF000000FF000000FF000000FF000000FF000000FF000000FF000000FF000000FF000000FF000000FF000000FF000000FF000000FF005F
310
7FFF000000FF000000FF000000FF000000FF005F7FFF000000FF000000FF000000FF000000FF000000FF000000FF000000FF000000FF000000FF000000FF000000FF000000FF000000FF005F7FFF000000FF000000FF000000FF000000FF000000FF000000FF000000FF000000FF000000FF000000FF000000FF000000FF00
310
5F7FFF000000FF005F7FFF005F7FFF005F7FFF005F7FFF000000FF000000FF000000FF000000FF000000FF000000FF000000FF000000FF000000FF000000FF000000FF000000FF000000FF000000FF005F7FFF005F7FFF000000FF000000FF000000FF000000FF000000FF000000FF000000FF000000FF000000FF000000FF
310
005F7FFF000000FF005F7FFF005F7FFF005F7FFF005F7FFF000000FF000000FF000000FF000000FF000000FF000000FF000000FF000000FF000000FF000000FF000000FF000000FF000000FF000000FF000000FF000000FF005F7FFF005F7FFF000000FF000000FF000000FF000000FF000000FF000000FF000000FF000000
310
FF005F7FFF000000FF005F7FFF005F7FFF005F7FFF005F7FFF000000FF000000FF000000FF000000FF000000FF000000FF000000FF000000FF000000FF000000FF000000FF000000FF000000FF000000FF000000FF000000FF000000FF000000FF005F7FFF005F7FFF000000FF000000FF000000FF000000FF000000FF0000
310
00FF005F7FFF000000FF005F7FFF005F7FFF005F7FFF005F7FFF000000FF000000FF000000FF000000FF000000FF000000FF000000FF000000FF000000FF000000FF000000FF000000FF000000FF000000FF000000FF000000FF000000FF000000FF000000FF000000FF005F7FFF005F7FFF000000FF000000FF000000FF00
310
0000FF005F7FFF000000FF005F7FFF005F7FFF005F7FFF005F7FFF000000FF000000FF000000FF000000FF000000FF000000FF000000FF000000FF000000FF000000FF000000FF000000FF000000FF000000FF000000FF000000FF000000FF000000FF000000FF000000FF000000FF000000FF005F7FFF000000FF000000FF
310
000000FF005F7FFF000000FF005F7FFF005F7FFF005F7FFF005F7FFF000000FF000000FF000000FF000000FF000000FF000000FF000000FF000000FF000000FF000000FF000000FF000000FF000000FF000000FF000000FF000000FF000000FF000000FF000000FF000000FF000000FF000000FF000000FF005F7FFF005F7F
310
FF000000FF005F7FFF000000FF005F7FFF005F7FFF005F7FFF005F7FFF000000FF000000FF000000FF000000FF000000FF000000FF000000FF000000FF000000FF000000FF000000FF000000FF000000FF000000FF000000FF000000FF000000FF000000FF000000FF000000FF000000FF000000FF000000FF000000FF0000
310
00FF005F7FFF005F7FFF000000FF005F7FFF005F7FFF005F7FFF005F7FFF000000FF000000FF000000FF000000FF000000FF000000FF000000FF000000FF000000FF000000FF000000FF000000FF000000FF000000FF000000FF000000FF000000FF000000FF000000FF000000FF000000FF000000FF000000FF000000FF00
310
0000FF000000FF005F7FFF005F7FFF005F7FFF005F7FFF005F7FFF005F7FFF000000FF000000FF000000FF000000FF000000FF000000FF000000FF000000FF000000FF000000FF000000FF000000FF000000FF000000FF000000FF000000FF000000FF000000FF000000FF000000FF000000FF000000FF000000FF000000FF
310
000000FF000000FF005F7FFF000000FF005F7FFF005F7FFF005F7FFF005F7FFF000000FF000000FF000000FF000000FF000000FF000000FF000000FF000000FF000000FF000000FF000000FF000000FF000000FF000000FF000000FF000000FF000000FF000000FF000000FF000000FF000000FF000000FF000000FF000000
310
FF000000FF000000FF005F7FFF005F7FFF005F7FFF005F7FFF005F7FFF005F7FFF000000FF000000FF000000FF000000FF000000FF000000FF000000FF000000FF000000FF000000FF000000FF000000FF000000FF000000FF000000FF000000FF000000FF000000FF000000FF000000FF000000FF000000FF000000FF005F
310
7FFF005F7FFF005F7FFF005F7FFF000000FF005F7FFF005F7FFF005F7FFF005F7FFF000000FF000000FF000000FF000000FF000000FF000000FF000000FF000000FF000000FF000000FF000000FF000000FF000000FF000000FF000000FF000000FF000000FF000000FF000000FF000000FF000000FF005F7FFF005F7FFF00
310
0000FF000000FF000000FF005F7FFF000000FF005F7FFF005F7FFF005F7FFF005F7FFF000000FF000000FF000000FF000000FF000000FF000000FF000000FF000000FF000000FF000000FF000000FF000000FF000000FF000000FF000000FF000000FF000000FF000000FF000000FF005F7FFF005F7FFF000000FF000000FF
310
000000FF000000FF000000FF005F7FFF000000FF005F7FFF005F7FFF005F7FFF005F7FFF000000FF000000FF000000FF000000FF000000FF000000FF000000FF000000FF000000FF000000FF000000FF000000FF000000FF000000FF000000FF000000FF005F7FFF005F7FFF005F7FFF000000FF000000FF000000FF000000
310
FF000000FF000000FF000000FF005F7FFF000000FF005F7FFF005F7FFF005F7FFF005F7FFF000000FF000000FF000000FF000000FF000000FF000000FF000000FF000000FF000000FF000000FF000000FF000000FF000000FF000000FF005F7FFF005F7FFF000000FF000000FF000000FF000000FF000000FF000000FF0000
310
00FF000000FF000000FF000000FF005F7FFF000000FF005F7FFF005F7FFF005F7FFF005F7FFF000000FF000000FF000000FF000000FF000000FF000000FF000000FF000000FF000000FF000000FF000000FF000000FF005F7FFF005F7FFF000000FF000000FF000000FF000000FF000000FF000000FF000000FF000000FF00
310
0000FF000000FF000000FF000000FF005F7FFF000000FF005F7FFF005F7FFF005F7FFF005F7FFF000000FF000000FF000000FF000000FF000000FF000000FF000000FF000000FF000000FF000000FF000000FF000000FF000000FF000000FF000000FF000000FF000000FF000000FF000000FF000000FF000000FF000000FF
310
000000FF000000FF000000FF000000FF005F7FFF000000FF005F7FFF005F7FFF005F7FFF005F7FFF000000FF000000FF000000FF000000FF000000FF000000FF000000FF000000FF000000FF000000FF000000FF000000FF000000FF000000FF000000FF000000FF000000FF000000FF000000FF000000FF000000FF000000
310
FF000000FF000000FF000000FF000000FF005F7FFF000000FF005F7FFF005F7FFF005F7FFF005F7FFF000000FF000000FF000000FF000000FF000000FF000000FF000000FF000000FF000000FF000000FF000000FF000000FF000000FF000000FF000000FF000000FF000000FF000000FF000000FF000000FF000000FF0000
310
00FF000000FF000000FF000000FF000000FF005F7FFF000000FF005F7FFF005F7FFF005F7FFF005F7FFF000000FF000000FF000000FF000000FF000000FF000000FF000000FF000000FF000000FF000000FF000000FF000000FF000000FF000000FF000000FF000000FF000000FF000000FF000000FF000000FF000000FF00
310
0000FF000000FF000000FF000000FF000000FF005F7FFF000000FF000000FF000000FF000000FF005F7FFF000000FF000000FF000000FF000000FF000000FF000000FF000000FF000000FF000000FF000000FF000000FF000000FF000000FF000000FF000000FF000000FF000000FF000000FF000000FF000000FF000000FF
310
000000FF000000FF000000FF000000FF000000FF005F7FFF000000FF000000FF000000FF000000FF005F7FFF000000FF000000FF000000FF000000FF000000FF000000FF000000FF000000FF000000FF000000FF000000FF000000FF000000FF000000FF000000FF000000FF000000FF000000FF000000FF000000FF000000
310
FF000000FF000000FF000000FF000000FF000000FF005F7FFF000000FF000000FF000000FF000000FF005F7FFF000000FF000000FF000000FF000000FF000000FF000000FF000000FF000000FF000000FF000000FF000000FF000000FF000000FF000000FF000000FF000000FF000000FF000000FF000000FF000000FF0000
310
00FF000000FF000000FF000000FF000000FF000000FF005F7FFF000000FF000000FF000000FF000000FF005F7FFF000000FF000000FF000000FF000000FF000000FF000000FF000000FF000000FF000000FF000000FF000000FF000000FF000000FF000000FF000000FF000000FF000000FF000000FF000000FF000000FF00
310
0000FF000000FF000000FF000000FF000000FF000000FF005F7FFF005F7FFF005F7FFF005F7FFF005F7FFF005F7FFF000000FF000000FF000000FF000000FF000000FF000000FF000000FF000000FF000000FF000000FF000000FF000000FF000000FF000000FF000000FF000000FF000000FF000000FF000000FF000000FF
310
000000FF000000FF000000FF000000FF000000FF000000FF000000FF000000FF000000FF000000FF000000FF000000FF000000FF000000FF000000FF000000FF000000FF000000FF
 70
     4
280
     1
281
     0
1001
AcDbDynamicBlockGUID
1000
{947BFD28-14B2-4CEA-B2FD-D66635468876}
  0
BLOCK_RECORD
  5
2333
102
{ACAD_XDICTIONARY
360
2334
102
}
330
1
100
AcDbSymbolTableRecord
100
AcDbBlockTableRecord
  2
1151
340
0
310
28000000200000002000000001002000000000000010000001000000010000000000000000000000000000FF000000FF000000FF000000FF000000FF000000FF000000FF000000FF000000FF000000FF000000FF000000FF000000FF000000FF000000FF000000FF000000FF000000FF000000FF000000FF000000FF000000
310
FF000000FF000000FF000000FF000000FF000000FF000000FF000000FF000000FF000000FF000000FF000000FF000000FF000000FF000000FF000000FF000000FF000000FF000000FF000000FF000000FF000000FF000000FF000000FF000000FF000000FF000000FF000000FF000000FF000000FF000000FF000000FF0000
310
00FF000000FF000000FF000000FF000000FF000000FF000000FF000000FF000000FF000000FF000000FF000000FF000000FF000000FF000000FF000000FF000000FF000000FF000000FF000000FF000000FF000000FF000000FF000000FF000000FF000000FF000000FF000000FF000000FF000000FF000000FF000000FF00
310
0000FF000000FF000000FF000000FF000000FF000000FF000000FF000000FF000000FF000000FF000000FF000000FF000000FF000000FF000000FF000000FF000000FF000000FF000000FF000000FF000000FF000000FF000000FF000000FF000000FF000000FF000000FF000000FF000000FF000000FF000000FF000000FF
310
000000FF000000FF000000FF000000FF000000FF000000FF000000FF000000FF000000FF000000FF000000FF000000FF000000FF000000FF000000FF000000FF000000FF000000FF000000FF000000FF000000FF000000FF000000FF000000FF000000FF000000FF000000FF000000FF000000FF000000FF000000FF000000
310
FF000000FF000000FF000000FF000000FF000000FF000000FF000000FF000000FF000000FF000000FF000000FF000000FF000000FF000000FF000000FF000000FF000000FF000000FF000000FF000000FF000000FF000000FF000000FF000000FF000000FF000000FF000000FF000000FF000000FF000000FF000000FF0000
310
00FF000000FF000000FF000000FF000000FF000000FF000000FF000000FF000000FF000000FF000000FF000000FF000000FF000000FF000000FF000000FF000000FF000000FF000000FF000000FF000000FF000000FF000000FF000000FF000000FF000000FF000000FF000000FF000000FF000000FF000000FF000000FF00
310
0000FF000000FF000000FF000000FF000000FF000000FF000000FF000000FF000000FF000000FF000000FF000000FF000000FF000000FF000000FF000000FF000000FF000000FF000000FF000000FF000000FF000000FF000000FF000000FF000000FF000000FF000000FF000000FF000000FF000000FF000000FF000000FF
310
000000FF000000FF000000FF000000FF000000FF000000FF000000FF000000FF000000FF000000FF000000FF000000FF000000FF000000FF000000FF000000FF000000FF000000FF000000FF000000FF000000FF000000FF000000FF000000FF000000FF000000FF000000FF000000FF000000FF000000FF000000FF000000
310
FF000000FF000000FF000000FF000000FF000000FF000000FF000000FF000000FF000000FF000000FF000000FF000000FF000000FF000000FF000000FF000000FF000000FF000000FF000000FF000000FF000000FF000000FF000000FF000000FF000000FF000000FF000000FF000000FF000000FF000000FF000000FF0000
310
00FF000000FF000000FF000000FF000000FF000000FF000000FF000000FF000000FF000000FF000000FF000000FF000000FF000000FF000000FF000000FF000000FF000000FF000000FF000000FF000000FF000000FF000000FF000000FF000000FF000000FF000000FF000000FF000000FF000000FF000000FF000000FF00
310
0000FF000000FF000000FF000000FF000000FF000000FF000000FF000000FF000000FF000000FF000000FF000000FF000000FF000000FF000000FF000000FF000000FF000000FF000000FF000000FF000000FF000000FF000000FF000000FF000000FF000000FF000000FF000000FF000000FF000000FF000000FF000000FF
310
000000FF000000FF000000FF000000FF000000FF000000FF000000FF000000FF000000FF000000FF000000FF000000FF000000FF000000FF000000FF000000FF000000FF000000FF000000FF000000FF000000FF000000FF000000FF000000FF000000FF000000FF000000FF000000FF000000FF000000FF000000FF000000
310
FF000000FF000000FF000000FF000000FF000000FF000000FF000000FF000000FF000000FF000000FF000000FF000000FF000000FF000000FF66B2CCFF66B2CCFF66B2CCFF66B2CCFF66B2CCFF66B2CCFF66B2CCFF66B2CCFF66B2CCFF66B2CCFF66B2CCFF66B2CCFF66B2CCFF66B2CCFF66B2CCFF66B2CCFF66B2CCFF66B2
310
CCFF66B2CCFF66B2CCFF66B2CCFF66B2CCFF66B2CCFF66B2CCFF66B2CCFF66B2CCFF66B2CCFF66B2CCFF66B2CCFF66B2CCFF000000FF000000FF66B2CCFF66B2CCFF000000FF000000FF000000FF000000FF66B2CCFF66B2CCFF66B2CCFF66B2CCFF66B2CCFF66B2CCFF66B2CCFF66B2CCFF66B2CCFF66B2CCFF66B2CCFF00
310
0000FF66B2CCFF000000FF000000FF000000FF66B2CCFF66B2CCFF66B2CCFF66B2CCFF66B2CCFF66B2CCFF66B2CCFF66B2CCFF000000FF000000FF66B2CCFF66B2CCFF000000FF000000FF000000FF000000FF66B2CCFF66B2CCFF66B2CCFF66B2CCFF66B2CCFF66B2CCFF66B2CCFF66B2CCFF66B2CCFF66B2CCFF66B2CCFF
310
000000FF66B2CCFF000000FF000000FF000000FF66B2CCFF66B2CCFF66B2CCFF66B2CCFF66B2CCFF000000FF66B2CCFF66B2CCFF000000FF000000FF66B2CCFF66B2CCFF000000FF000000FF000000FF000000FF66B2CCFF66B2CCFF66B2CCFF66B2CCFF66B2CCFF66B2CCFF66B2CCFF66B2CCFF66B2CCFF66B2CCFF000000
310
FF66B2CCFF66B2CCFF000000FF000000FF000000FF66B2CCFF000000FF66B2CCFF66B2CCFF66B2CCFF000000FF66B2CCFF66B2CCFF000000FF000000FF66B2CCFF66B2CCFF66B2CCFF66B2CCFF66B2CCFF66B2CCFF66B2CCFF66B2CCFF66B2CCFF000000FF66B2CCFF66B2CCFF66B2CCFF66B2CCFF66B2CCFF66B2CCFF66B2
310
CCFF66B2CCFF66B2CCFF000000FF000000FF000000FF66B2CCFF66B2CCFF66B2CCFF66B2CCFF66B2CCFF66B2CCFF66B2CCFF66B2CCFF000000FF000000FF66B2CCFF66B2CCFF66B2CCFF66B2CCFF66B2CCFF66B2CCFF66B2CCFF66B2CCFF66B2CCFF66B2CCFF66B2CCFF66B2CCFF66B2CCFF66B2CCFF66B2CCFF66B2CCFF66
310
B2CCFF66B2CCFF66B2CCFF66B2CCFF66B2CCFF66B2CCFF66B2CCFF66B2CCFF66B2CCFF66B2CCFF66B2CCFF66B2CCFF66B2CCFF66B2CCFF000000FF000000FF000000FF000000FF000000FF000000FF000000FF000000FF000000FF000000FF000000FF000000FF000000FF000000FF000000FF000000FF000000FF000000FF
310
000000FF000000FF000000FF000000FF000000FF000000FF000000FF000000FF000000FF000000FF000000FF000000FF000000FF000000FF000000FF000000FF000000FF000000FF000000FF000000FF000000FF000000FF000000FF000000FF000000FF000000FF000000FF000000FF000000FF000000FF000000FF000000
310
FF000000FF000000FF000000FF000000FF000000FF000000FF000000FF000000FF000000FF000000FF000000FF000000FF000000FF000000FF000000FF000000FF000000FF000000FF000000FF000000FF000000FF000000FF000000FF000000FF000000FF000000FF000000FF000000FF000000FF000000FF000000FF0000
310
00FF000000FF000000FF000000FF000000FF000000FF000000FF000000FF000000FF000000FF000000FF000000FF000000FF000000FF000000FF000000FF000000FF000000FF000000FF000000FF000000FF000000FF000000FF000000FF000000FF000000FF000000FF000000FF000000FF000000FF000000FF000000FF00
310
0000FF000000FF000000FF000000FF000000FF000000FF000000FF000000FF000000FF000000FF000000FF000000FF000000FF000000FF000000FF000000FF000000FF000000FF000000FF000000FF000000FF000000FF000000FF000000FF000000FF000000FF000000FF000000FF000000FF000000FF000000FF000000FF
310
000000FF000000FF000000FF000000FF000000FF000000FF000000FF000000FF000000FF000000FF000000FF000000FF000000FF000000FF000000FF000000FF000000FF000000FF000000FF000000FF000000FF000000FF000000FF000000FF000000FF000000FF000000FF000000FF000000FF000000FF000000FF000000
310
FF000000FF000000FF000000FF000000FF000000FF000000FF000000FF000000FF000000FF000000FF000000FF000000FF000000FF000000FF000000FF000000FF000000FF000000FF000000FF000000FF000000FF000000FF000000FF000000FF000000FF000000FF000000FF000000FF000000FF000000FF000000FF0000
310
00FF000000FF000000FF000000FF000000FF000000FF000000FF000000FF000000FF000000FF000000FF000000FF000000FF000000FF000000FF000000FF000000FF000000FF000000FF000000FF000000FF000000FF000000FF000000FF000000FF000000FF000000FF000000FF000000FF000000FF000000FF000000FF00
310
0000FF000000FF000000FF000000FF000000FF000000FF000000FF000000FF000000FF000000FF000000FF000000FF000000FF000000FF000000FF000000FF000000FF000000FF000000FF000000FF000000FF000000FF000000FF000000FF000000FF000000FF000000FF000000FF000000FF000000FF000000FF000000FF
310
000000FF000000FF000000FF000000FF000000FF000000FF000000FF000000FF000000FF000000FF000000FF000000FF000000FF000000FF000000FF000000FF000000FF000000FF000000FF000000FF000000FF000000FF000000FF000000FF000000FF000000FF000000FF000000FF000000FF000000FF000000FF000000
310
FF000000FF000000FF000000FF000000FF000000FF000000FF000000FF000000FF000000FF000000FF000000FF000000FF000000FF000000FF000000FF000000FF000000FF000000FF000000FF000000FF000000FF000000FF000000FF000000FF000000FF000000FF000000FF000000FF000000FF000000FF000000FF0000
310
00FF000000FF000000FF000000FF000000FF000000FF000000FF000000FF000000FF000000FF000000FF000000FF000000FF000000FF000000FF000000FF000000FF000000FF000000FF000000FF000000FF000000FF000000FF000000FF000000FF000000FF000000FF000000FF000000FF000000FF000000FF000000FF00
310
0000FF000000FF000000FF000000FF000000FF000000FF000000FF000000FF000000FF000000FF000000FF000000FF000000FF000000FF000000FF000000FF000000FF000000FF000000FF000000FF000000FF000000FF000000FF000000FF000000FF000000FF000000FF000000FF000000FF000000FF000000FF000000FF
310
000000FF000000FF000000FF000000FF000000FF000000FF000000FF000000FF000000FF000000FF000000FF000000FF000000FF000000FF000000FF000000FF000000FF000000FF
 70
     4
280
     1
281
     1
1001
AcDbDynamicBlockGUID
1000
{24B8160B-8FA0-4522-85C7-3AD8E85DDABF}
  0
BLOCK_RECORD
  5
2958
102
{ACAD_XDICTIONARY
360
2959
102
}
330
1
100
AcDbSymbolTableRecord
100
AcDbBlockTableRecord
  2
pillow 2
340
0
310
2800000020000000200000000100080000000000000400000000000000000000000000000000000000000000000080000080000000808000800000008000800080800000C0C0C000C0DCC000F0CAA6000020400000206000002080000020A0000020C0000020E00000400000004020000040400000406000004080000040A0
310
000040C0000040E00000600000006020000060400000606000006080000060A0000060C0000060E00000800000008020000080400000806000008080000080A0000080C0000080E00000A0000000A0200000A0400000A0600000A0800000A0A00000A0C00000A0E00000C0000000C0200000C0400000C0600000C0800000C0
310
A00000C0C00000C0E00000E0000000E0200000E0400000E0600000E0800000E0A00000E0C00000E0E00040000000400020004000400040006000400080004000A0004000C0004000E00040200000402020004020400040206000402080004020A0004020C0004020E000404000004040200040404000404060004040800040
310
40A0004040C0004040E00040600000406020004060400040606000406080004060A0004060C0004060E00040800000408020004080400040806000408080004080A0004080C0004080E00040A0000040A0200040A0400040A0600040A0800040A0A00040A0C00040A0E00040C0000040C0200040C0400040C0600040C08000
310
40C0A00040C0C00040C0E00040E0000040E0200040E0400040E0600040E0800040E0A00040E0C00040E0E00080000000800020008000400080006000800080008000A0008000C0008000E00080200000802020008020400080206000802080008020A0008020C0008020E00080400000804020008040400080406000804080
310
008040A0008040C0008040E00080600000806020008060400080606000806080008060A0008060C0008060E00080800000808020008080400080806000808080008080A0008080C0008080E00080A0000080A0200080A0400080A0600080A0800080A0A00080A0C00080A0E00080C0000080C0200080C0400080C0600080C0
310
800080C0A00080C0C00080C0E00080E0000080E0200080E0400080E0600080E0800080E0A00080E0C00080E0E000C0000000C0002000C0004000C0006000C0008000C000A000C000C000C000E000C0200000C0202000C0204000C0206000C0208000C020A000C020C000C020E000C0400000C0402000C0404000C0406000C0
310
408000C040A000C040C000C040E000C0600000C0602000C0604000C0606000C0608000C060A000C060C000C060E000C0800000C0802000C0804000C0806000C0808000C080A000C080C000C080E000C0A00000C0A02000C0A04000C0A06000C0A08000C0A0A000C0A0C000C0A0E000C0C00000C0C02000C0C04000C0C06000
310
C0C08000C0C0A000F0FBFF00A4A0A000808080000000FF0000FF000000FFFF00FF000000FF00FF00FFFF0000FFFFFF00FFFFFFFFFFFFFFFFFFFFFFFFFFFFFFFFFFFFFFFFFFFFFFFFFFFFFFFFFFFFFFFFFFFFFFFFFFFFFFFFFFFFFFFFFFFFFFFFFFFFFFFFFFFFFFFFFFFFFFFFFFFFFFFFFFFFFFFFFFFFFFFFFFFFFFFFFFFFFF
310
FFFFFFFFFFFFFFFFFFFFFFFFFFFFFFFFFFFFFFFFFFFFFFFFFFFFFFFFFFFFFFFFFFFFFFFFFFFFFFFFFFFFFFFFFFFFFFFFFFFFFFFFFFFFFFFFFFFFFFFFFFFFFFFFFFFFFFFFFFFFFFFFFFFFFFFFFFFFFFFFFFFFFFFFFFFFFFFFFFFFFFFFFFFFFFFFFFFFFFFFFFFFFFFFFFFFFFFFFFFFFFFFFFFFFFF9F9F9F9F9F9F9F9F9F9F9F9
310
F9F9F9F9F9F9F9F9F9F9F9F9F9F9F9F9FFFFFFF908080808080808080808080808080808080808080808080808080808F9FFFFF908080808080808080808080808080808080808080808080808080808F9FFFFF908080808080808080808080808080808080808080808080808080808F9FFFFF90808080808080808080808
310
0808080808080808080808080808080808F9FFFFF908080808080808080808080808080808080808080808080808080808F9FFFFF908080808080808080808080808080808080808080808080808080808F9FFFFF908080808080808080808080808080808080808080808080808080808F9FFFFF908080808080808080808
310
080808080808080808080808080808080808F9FFFFF908080808080808080808080808080808080808080808080808080808F9FFFFF908080808080808080808080808080808080808080808080808080808F9FFFFF908080808080808080808080808080808080808080808080808080808F9FFFFF9080808080808080808
310
08080808080808080808080808080808080808F9FFFFF908080808080808080808080808080808080808080808080808080808F9FFFFF901010101010101010101010101010101010101010101010101010101F9FFFFF908080808080808080808080808080808080808080808080808080808F9FFFFF90808080808080808
310
0808080808080808080808080808080808080808F9FFFFF908080808080808080808080808080808080808080808080808080808F9FFFFF908080808080808080808080808080808080808080808080808080808F9FFFFFFF9F9F9F9F9F9F9F9F9F9F9F9F9F9F9F9F9F9F9F9F9F9F9F9F9F9F9F9FFFFFFFFFFFFFFFFFFFFFF
310
FFFFFFFFFFFFFFFFFFFFFFFFFFFFFFFFFFFFFFFFFFFFFFFFFFFFFFFFFFFFFFFFFFFFFFFFFFFFFFFFFFFFFFFFFFFFFFFFFFFFFFFFFFFFFFFFFFFFFFFFFFFFFFFFFFFFFFFFFFFFFFFFFFFFFFFFFFFFFFFFFFFFFFFFFFFFFFFFFFFFFFFFFFFFFFFFFFFFFFFFFFFFFFFFFFFFFFFFFFFFFFFFFFFFFFFFFFFFFFFFFFFFFFFFFFFFFF
310
FFFFFFFFFFFFFFFFFFFFFFFFFFFFFFFFFFFFFFFFFFFFFFFFFFFFFFFFFFFFFFFFFFFFFFFFFFFFFFFFFFFFFFFFFFFFFFFFFFFFFFFFFFFFFFFF
 70
     4
280
     1
281
     0
1001
AcDbDynamicBlockGUID
1000
{609E40C2-B48C-4EDD-A05D-D810440CEAA5}
  0
BLOCK_RECORD
  5
295F
102
{ACAD_XDICTIONARY
360
2960
102
}
330
1
100
AcDbSymbolTableRecord
100
AcDbBlockTableRecord
  2
pillow 3
340
0
310
2800000020000000200000000100080000000000000400000000000000000000000000000000000000000000000080000080000000808000800000008000800080800000C0C0C000C0DCC000F0CAA6000020400000206000002080000020A0000020C0000020E00000400000004020000040400000406000004080000040A0
310
000040C0000040E00000600000006020000060400000606000006080000060A0000060C0000060E00000800000008020000080400000806000008080000080A0000080C0000080E00000A0000000A0200000A0400000A0600000A0800000A0A00000A0C00000A0E00000C0000000C0200000C0400000C0600000C0800000C0
310
A00000C0C00000C0E00000E0000000E0200000E0400000E0600000E0800000E0A00000E0C00000E0E00040000000400020004000400040006000400080004000A0004000C0004000E00040200000402020004020400040206000402080004020A0004020C0004020E000404000004040200040404000404060004040800040
310
40A0004040C0004040E00040600000406020004060400040606000406080004060A0004060C0004060E00040800000408020004080400040806000408080004080A0004080C0004080E00040A0000040A0200040A0400040A0600040A0800040A0A00040A0C00040A0E00040C0000040C0200040C0400040C0600040C08000
310
40C0A00040C0C00040C0E00040E0000040E0200040E0400040E0600040E0800040E0A00040E0C00040E0E00080000000800020008000400080006000800080008000A0008000C0008000E00080200000802020008020400080206000802080008020A0008020C0008020E00080400000804020008040400080406000804080
310
008040A0008040C0008040E00080600000806020008060400080606000806080008060A0008060C0008060E00080800000808020008080400080806000808080008080A0008080C0008080E00080A0000080A0200080A0400080A0600080A0800080A0A00080A0C00080A0E00080C0000080C0200080C0400080C0600080C0
310
800080C0A00080C0C00080C0E00080E0000080E0200080E0400080E0600080E0800080E0A00080E0C00080E0E000C0000000C0002000C0004000C0006000C0008000C000A000C000C000C000E000C0200000C0202000C0204000C0206000C0208000C020A000C020C000C020E000C0400000C0402000C0404000C0406000C0
310
408000C040A000C040C000C040E000C0600000C0602000C0604000C0606000C0608000C060A000C060C000C060E000C0800000C0802000C0804000C0806000C0808000C080A000C080C000C080E000C0A00000C0A02000C0A04000C0A06000C0A08000C0A0A000C0A0C000C0A0E000C0C00000C0C02000C0C04000C0C06000
310
C0C08000C0C0A000F0FBFF00A4A0A000808080000000FF0000FF000000FFFF00FF000000FF00FF00FFFF0000FFFFFF00FFFFFFFFFFFFFFFFFFFFFFFFFFFFFFFFFFFFFFFFFFFFFFFFFFFFFFFFFFFFFFFFFFFFFFFFFFFFFFFFFFFFFFFFFFFFFFFFFFFFFFFFFFFFFFFFFFFFFFFFFFFFFFFFFFFFFFFFFFFFFFFFFFFFFFFFFFFFFF
310
FFFFFFFFFFFFFFFFFFFFFFFFFFFFFFFFFFFFFFFFFFFFFFFFFFFFFFFFFFFFFFFFFFFFFFFFFFFFFFFFFFFFFFFFFFFFFFFFFFFFFFFFFFFFFFFFFFFFFFFFFFFFFFFFFFFFFFFFFFFFFFFFFFFFFFFFFFFFFFFFFFFFFFFFFFFFFFFFFFFFFFFFFFFFFFFFFFFFFFFFFFFFFFFFFFFFFFFFFFFFFFFFFFFFFFFFFFFFFFFF9B9BFFFFFFFFFF
310
FFFFFFFFFFFFFFFFFFFFFFFFFFFFFFFFFFFFFFFFFFFFFFFF9B9B9B9BFFFFFFFFFFFFFFFFFFFFFFFFFFFFFFFFFFFFFFFFFFFFFFFFFFFFFF9B9B9B9B9BFFFFFF9B9BFFFFFFFFFFFFFFFFFFFFFFFFFFFFFFFFFFFFFFFFFFFF9B9B9B9B9B9BFF9B9B9B9BFFFFFFFFFFFFFFFFFFFFFFFFFFFFFFFFFFFFFFFF9B9B9B9B9B9B9B9B9B
310
9B9B9B9B9BFFFFFFFFFFFFFFFFFFFFFFFFFFFFFFFFFF9B9B9B9B9B9B9B9B9B9B9B9B9B9B9B9BFFFFFFFFFFFFFFFFFFFFFFFFFFFFFF9B9B9B9B9B9B9B9B9B9B9B9B9B9B9B9B9B9B9BFFFFFFFFFFFFFFFFFFFFFFFFFF9B9B9B9B9B9B9B9B9B9B9B9B9B9B9B9B9B9B9B9B9B9BFFFFFFFFFFFFFFFFFF9B9B9B9B9B9B9B9B9B9B9B
310
9B9B9B9B9B9B9B9B9B9B9B9B9B9B9B9B9B9B9BFFFFFF9B9B9B9B9B9B9B9B9B9B9B9B9B9B9B9B9B9B9B9B9B9B9B9B9B9B9B9B9BFFFFFF9B9B9B9B9B9B9B9B9B9B9B9B9B9B9B9B9B9B9B9B9B9B9B9B9B9B9B9BF9FFFFFFFF9B9B9B9B9B9B9B9B9B9B9B9B9B9B9B9B9B9B9B9B9B9B9B9B9B9B9BFFFFFFFFFFFF9B9B9B9B9B9B9B
310
9B9B9B9B9B9B9B9B9B9B9B9B9B9B9B9B9B9BF9FFFFFFFFFFFF9B9B9B9B9B9B9B9B9B9B9B9B9B9B9B9B9B9B9B9B9B9B9B9B9BFFFFFFFFFFFFFFFF9B9B9B9B9B9B9B9B9B9B9B9B9B9B9B9B9B9B9B9B9B9B9B9BFFFFFFFFFFFFFFFFFF9B9B9B9B9B9B9B9B9B9B9B9B9B9B9B9B9B9B9B9B9B9BFFFFFFFFFFFFFFFFFFFFFFFF9B9B
310
9B9B9B9B9B9B9B9B9B9B9B9B9B9B9B9B9B9BFFFFFFFFFFFFFFFFFFFFFFFFFF9B9B9B9B9B9B9B9B9B9B9B9B9B9B9B9B9B9B9BFFFFFFFFFFFFFFFFFFFFFFFFFFFFFF9B9B9B9B9B9BF9FFFFFF9B9B9B9B9B9BFFFFFFFFFFFFFFFFFFFFFFFFFFFFFFFFFFFFFF9B9B9BFFFFFFFFFFFFFFFFFFFFFFFFFFFFFFFFFFFFFFFFFFFFFFFF
310
FFFFFFFFFFFFFFFFFFFFFFFFFFFFFFFFFFFFFFFFFFFFFFFFFFFFFFFFFFFFFFFFFFFFFFFFFFFFFFFFFFFFFFFFFFFFFFFFFFFFFFFFFFFFFFFFFFFFFFFFFFFFFFFFFFFFFFFFFFFFFFFFFFFFFFFFFFFFFFFFFFFFFFFFFFFFFFFFFFFFFFFFFFFFFFFFFFFFFFFFFFFFFFFFFFFFFFFFFFFFFFFFFFFFFFFFFFFFFFFFFFFFFFFFFFFFFF
310
FFFFFFFFFFFFFFFFFFFFFFFFFFFFFFFFFFFFFFFFFFFFFFFFFFFFFFFFFFFFFFFFFFFFFFFFFFFFFFFFFFFFFFFFFFFFFFFFFFFFFFFFFFFFFFFF
 70
     4
280
     1
281
     0
1001
AcDbDynamicBlockGUID
1000
{38E15B4C-1C75-49EC-9F0C-821E3D058DE2}
  0
BLOCK_RECORD
  5
2968
102
{ACAD_XDICTIONARY
360
2969
102
}
330
1
100
AcDbSymbolTableRecord
100
AcDbBlockTableRecord
  2
sofa 2_top_dwgmodels.com
340
0
310
28000000200000002000000001002000000000000010000001000000010000000000000000000000636363FF636363FF636363FF636363FF636363FF636363FF636363FF636363FF636363FF636363FF636363FF636363FF636363FF636363FF636363FF636363FF636363FF636363FF636363FF636363FF636363FF636363
310
FF636363FF636363FF636363FF636363FF636363FF636363FF636363FF636363FF636363FF636363FF636363FF636363FF636363FF636363FF636363FF636363FF636363FF636363FF636363FF636363FF636363FF636363FF636363FF636363FF636363FF636363FF636363FF636363FF636363FF636363FF636363FF6363
310
63FF636363FF636363FF636363FF636363FF636363FF636363FF636363FF636363FF636363FF636363FF636363FF636363FF636363FF636363FF636363FF636363FF636363FF636363FF636363FF636363FF636363FF636363FF636363FF636363FF636363FF636363FF636363FF636363FF636363FF636363FF636363FF63
310
6363FF636363FF636363FF636363FF636363FF636363FF636363FF636363FF636363FF636363FF636363FF636363FF636363FF636363FF636363FF636363FF636363FF636363FF636363FF636363FF636363FF636363FF636363FF636363FF636363FF636363FF636363FF636363FF636363FF636363FF636363FF636363FF
310
636363FF636363FF636363FF636363FF636363FF636363FF636363FF636363FF636363FF636363FF636363FF636363FF636363FF636363FF636363FF636363FF636363FF636363FF636363FF636363FF636363FF636363FF636363FF636363FF636363FF636363FF636363FF636363FF636363FF636363FF636363FF636363
310
FF636363FF636363FF636363FF636363FF636363FF636363FF636363FF636363FF636363FF636363FF636363FF636363FF636363FF636363FF636363FF636363FF636363FF636363FF636363FF636363FF636363FF636363FF636363FF636363FF636363FF636363FF636363FF636363FF636363FF636363FF636363FF6363
310
63FF636363FF636363FF636363FF636363FF636363FF636363FF636363FF636363FF636363FF636363FF636363FF636363FF636363FF636363FF636363FF636363FF636363FF636363FF636363FF636363FF636363FF636363FF636363FF636363FF636363FF636363FF636363FF636363FF636363FF636363FF636363FF63
310
6363FF636363FF636363FF636363FF636363FF636363FF636363FF636363FF636363FF636363FF636363FF636363FF636363FF636363FF636363FF636363FF636363FF636363FF636363FF636363FF636363FF636363FF636363FF636363FF636363FF636363FF636363FF636363FF636363FF636363FF636363FF636363FF
310
636363FF636363FF636363FF636363FF636363FF636363FF636363FF636363FF636363FF636363FF636363FF636363FF636363FF636363FF636363FF636363FF636363FF636363FF636363FF636363FF636363FF636363FF636363FF636363FF636363FF636363FF636363FF636363FF636363FF636363FF636363FF636363
310
FF636363FF636363FF636363FF636363FF636363FF636363FF636363FF636363FF636363FF636363FF636363FF636363FF636363FF636363FF636363FF636363FF636363FF636363FF636363FF636363FF636363FF636363FF636363FF636363FF636363FF636363FF636363FF636363FF636363FF636363FF636363FF6363
310
63FF636363FF636363FF636363FF636363FF636363FF636363FF636363FF636363FF636363FF636363FF636363FF636363FF636363FF636363FF636363FF636363FF636363FF636363FF636363FF636363FF636363FF636363FF636363FF636363FF636363FF636363FF636363FF636363FF636363FF636363FF636363FF63
310
6363FF636363FF636363FF636363FF636363FF636363FF636363FF636363FF636363FF636363FF636363FF636363FF636363FF636363FF636363FF636363FF636363FF636363FF636363FF636363FF636363FF636363FF636363FF636363FF636363FF636363FF636363FF636363FF636363FF636363FF636363FF636363FF
310
636363FF636363FF636363FF636363FF636363FF636363FF636363FF636363FF636363FF636363FF636363FF636363FF636363FF636363FFFFFFFFFFFFFFFFFFFFFFFFFFFFFFFFFFFFFFFFFFFFFFFFFFFFFFFFFFFFFFFFFFFFFFFFFFFFFFFFFFFFFFFFFFFFFFFFFFFFFFFFFFFFFFFFFFFFFFFFFFFFFFFFFFFFFFFFFFFFFFFF
310
FFFFFFFFFFFFFFFFFFFFFFFFFFFFFFFFFFFFFFFFFFFFFFFFFFFFFFFFFFFFFFFFFFFFFFFFFFFFFFFFFFFFFFFFFF636363FF636363FF636363FFFFFFFFFFCFD0CFFFCFD0CFFFCFD0CFFFFFFFFFFFCCCCCCFFCCCCCCFFCCCCCCFFCCCCCCFFCCCCCCFFFFFFFFFFCCCCCCFFCCCCCCFFCCCCCCFFCCCCCCFFCCCCCCFFFFFFFFFFCCCC
310
CCFFCCCCCCFFCCCCCCFFCCCCCCFFFFFFFFFFCCCCCCFFCCCCCCFFCCCCCCFFCCCCCCFFCCCCCCFFFFFFFFFFFFFFFFFFFFFFFFFF636363FF636363FFFFFFFFFFCFD0CFFFCFD0CFFFCFD0CFFFFFFFFFFFCCCCCCFFCCCCCCFFCCCCCCFFCCCCCCFFCCCCCCFFFFFFFFFFCCCCCCFFCCCCCCFFCCCCCCFFCCCCCCFFCCCCCCFFFFFFFFFFCC
310
CCCCFFCCCCCCFFCCCCCCFFCCCCCCFFFFFFFFFFCCCCCCFFCCCCCCFFCCCCCCFFCCCCCCFFCCCCCCFFCCCCCCFFFFFFFFFFFFFFFFFF636363FF636363FFFFFFFFFFCFD0CFFFCFD0CFFFCFD0CFFFFFFFFFFFCCCCCCFFCCCCCCFFCCCCCCFFCCCCCCFFCCCCCCFFFFFFFFFFCCCCCCFFCCCCCCFFCCCCCCFFCCCCCCFFCCCCCCFFFFFFFFFF
310
CCCCCCFFCCCCCCFFCCCCCCFFCCCCCCFFCCCCCCFFCCCCCCFFCCCCCCFFCCCCCCFFCCCCCCFFCCCCCCFFCCCCCCFFCCCCCCFFFFFFFFFF636363FF636363FFFFFFFFFFCFD0CFFFCFD0CFFFCFD0CFFFFFFFFFFFCCCCCCFFCCCCCCFFCCCCCCFFCCCCCCFFCCCCCCFFFFFFFFFFCCCCCCFFCCCCCCFFCCCCCCFFCCCCCCFFCCCCCCFFFFFFFF
310
FFFFFFFFFFFFFFFFFFFFFFFFFFFFFFFFFFFFFFFFFFCCCCCCFFCCCCCCFFCCCCCCFFCCCCCCFFCCCCCCFFCCCCCCFFCCCCCCFFFFFFFFFF636363FF636363FFFFFFFFFFCFD0CFFFCFD0CFFFCFD0CFFFFFFFFFFFFFFFFFFFFFFFFFFFFFFFFFFFFFFFFFFFFFFFFFFFFFFFFFFFFFFFFFFFFFFFFFFFFFFFFFFFFFFFFFFFFFFFFFFFFFFF
310
FFFFCCCCCCFFCCCCCCFFCCCCCCFFCCCCCCFFFFFFFFFFCCCCCCFFCCCCCCFFCCCCCCFFCCCCCCFFCCCCCCFFCCCCCCFFFFFFFFFFFFFFFFFF636363FF636363FFFFFFFFFFCFD0CFFFCFD0CFFFCFD0CFFFCFD0CFFFCFD0CFFFCFD0CFFFCFD0CFFFCFD0CFFFCFD0CFFFFFFFFFFFCCCCCCFFCCCCCCFFCCCCCCFFCCCCCCFFCCCCCCFFFF
310
FFFFFFFFFFFFFFFFFFFFFFFFFFFFFFFFFFFFFFFFFFFFFFCCCCCCFFCCCCCCFFCCCCCCFFCCCCCCFFCCCCCCFFFFFFFFFFFFFFFFFFCCCCCCFF636363FF636363FFFFFFFFFFFFFFFFFFFFFFFFFFFFFFFFFFFFFFFFFFFFFFFFFFFFFFFFFFFFFFFFFFFFFFFFFFFFFFFFFFFFFFFFFFFFFFFFFFFFFFFFFFFFFFFFFFFFFFFFFFFFFFFFFF
310
FFFFFFFFFFFFFFFFFFFFFFFFFFFFFFFFFFFFFFFFFFFFFFFFFFFFFFFFFFFFFFFFFFFFFFFFFFFFFFFFFFFFFFFFFFFFFFFF636363FF636363FF636363FF636363FF636363FF636363FF636363FF636363FF636363FF636363FF636363FF636363FF636363FF636363FF636363FF636363FF636363FF636363FF636363FF636363
310
FF636363FF636363FF636363FF636363FF636363FF636363FF636363FF636363FF636363FF636363FF636363FF636363FF636363FF636363FF636363FF636363FF636363FF636363FF636363FF636363FF636363FF636363FF636363FF636363FF636363FF636363FF636363FF636363FF636363FF636363FF636363FF6363
310
63FF636363FF636363FF636363FF636363FF636363FF636363FF636363FF636363FF636363FF636363FF636363FF636363FF636363FF636363FF636363FF636363FF636363FF636363FF636363FF636363FF636363FF636363FF636363FF636363FF636363FF636363FF636363FF636363FF636363FF636363FF636363FF63
310
6363FF636363FF636363FF636363FF636363FF636363FF636363FF636363FF636363FF636363FF636363FF636363FF636363FF636363FF636363FF636363FF636363FF636363FF636363FF636363FF636363FF636363FF636363FF636363FF636363FF636363FF636363FF636363FF636363FF636363FF636363FF636363FF
310
636363FF636363FF636363FF636363FF636363FF636363FF636363FF636363FF636363FF636363FF636363FF636363FF636363FF636363FF636363FF636363FF636363FF636363FF636363FF636363FF636363FF636363FF636363FF636363FF636363FF636363FF636363FF636363FF636363FF636363FF636363FF636363
310
FF636363FF636363FF636363FF636363FF636363FF636363FF636363FF636363FF636363FF636363FF636363FF636363FF636363FF636363FF636363FF636363FF636363FF636363FF636363FF636363FF636363FF636363FF636363FF636363FF636363FF636363FF636363FF636363FF636363FF636363FF636363FF6363
310
63FF636363FF636363FF636363FF636363FF636363FF636363FF636363FF636363FF636363FF636363FF636363FF636363FF636363FF636363FF636363FF636363FF636363FF636363FF636363FF636363FF636363FF636363FF636363FF636363FF636363FF636363FF636363FF636363FF636363FF636363FF636363FF63
310
6363FF636363FF636363FF636363FF636363FF636363FF636363FF636363FF636363FF636363FF636363FF636363FF636363FF636363FF636363FF636363FF636363FF636363FF636363FF636363FF636363FF636363FF636363FF636363FF636363FF636363FF636363FF636363FF636363FF636363FF636363FF636363FF
310
636363FF636363FF636363FF636363FF636363FF636363FF636363FF636363FF636363FF636363FF636363FF636363FF636363FF636363FF636363FF636363FF636363FF636363FF636363FF636363FF636363FF636363FF636363FF636363FF636363FF636363FF636363FF636363FF636363FF636363FF636363FF636363
310
FF636363FF636363FF636363FF636363FF636363FF636363FF636363FF636363FF636363FF636363FF636363FF636363FF636363FF636363FF636363FF636363FF636363FF636363FF636363FF636363FF636363FF636363FF636363FF636363FF636363FF636363FF636363FF636363FF636363FF636363FF636363FF6363
310
63FF636363FF636363FF636363FF636363FF636363FF636363FF636363FF636363FF636363FF636363FF636363FF636363FF636363FF636363FF636363FF636363FF636363FF636363FF636363FF636363FF636363FF636363FF636363FF636363FF636363FF636363FF636363FF636363FF636363FF636363FF636363FF63
310
6363FF636363FF636363FF636363FF636363FF636363FF636363FF636363FF636363FF636363FF636363FF636363FF636363FF636363FF636363FF636363FF636363FF636363FF636363FF636363FF636363FF636363FF636363FF636363FF636363FF636363FF636363FF636363FF636363FF636363FF636363FF636363FF
310
636363FF636363FF636363FF636363FF636363FF636363FF636363FF636363FF636363FF636363FF636363FF636363FF636363FF636363FF636363FF636363FF636363FF636363FF
 70
     4
280
     1
281
     0
1001
AcDbDynamicBlockGUID
1000
{5918A089-3018-47A5-AA5B-12ABA4853B34}
  0
BLOCK_RECORD
  5
2979
330
1
100
AcDbSymbolTableRecord
100
AcDbBlockTableRecord
  2
table044
340
0
310
28000000200000002000000001002000000000000010000001000000010000000000000000000000636363FF636363FF636363FF636363FF636363FF636363FF636363FF636363FF636363FF636363FF636363FF636363FF636363FF636363FF636363FF636363FF636363FF636363FF636363FF636363FF636363FF636363
310
FF636363FF636363FF636363FF636363FF636363FF636363FF636363FF636363FF636363FF636363FF636363FF636363FF636363FFFFFFFFFFFFFFFFFFFFFFFFFFFFFFFFFFFFFFFFFFFFFFFFFFFFFFFFFFFFFFFFFFFFFFFFFFFFFFFFFFFFFFFFFFFFFFFFFFFFFFFFFFFFFFFFFFFFFFFFFFFFFFFFFFFFFFFFFFFFFFFFFFFFFF
310
FFFFFFFFFFFFFFFFFFFFFFFFFFFFFFFFFFFFFFFFFFFFFFFFFFFFFFFFFFFF636363FF636363FF636363FF636363FF636363FF636363FFFFFFFFFFFFFFFFFFFFFFFFFFFFFFFFFFFFFFFFFFFFFFFFFFFFFFFFFFFFFFFFFFFFFFFFFFFFFFFFFFFFFFFFFFFFFFFFFFFFFFFFFFFFFFFFFFFFFFFFFFFFFFFFFFFFFFFFFFFFFFFFFFFF
310
FFFFFFFFFFFFFFFFFFFFFFFFFFFFFFFFFFFFFFFFFFFFFFFFFFFFFFFFFFFFFF636363FF636363FF636363FF636363FFFFFFFFFFFFFFFFFFFFFFFFFFFFFFFFFF636363FF636363FF636363FF636363FF636363FF636363FF636363FF636363FF636363FF636363FF636363FF636363FF636363FF636363FF636363FF636363FF
310
636363FF636363FF636363FF636363FF636363FF636363FFFFFFFFFFFFFFFFFFFFFFFFFFFFFFFFFF636363FF636363FFFFFFFFFFFFFFFFFFFFFFFFFFFFFFFFFFFFFFFFFFFFFFFFFFFFFFFFFFFFFFFFFFFFFFFFFFFFFFFFFFFFFFFFFFFFFFFFFFFFFFFFFFFFFFFFFFFFFFFFFFFFFFFFFFFFFFFFFFFFFFFFFFFFFFFFFFFFFFFF
310
FFFFFFFFFFFFFFFFFFFFFFFFFFFFFFFFFFFFFFFFFFFFFFFFFFFFFFFFFFFFFFFFFFFFFFFFFFFFFFFFFF636363FF636363FFFFFFFFFFFFFFFFFF636363FFFFFFFFFFFFFFFFFF636363FF636363FF636363FF636363FF636363FF636363FF636363FF636363FF636363FFFFFFFFFF636363FF636363FF636363FF636363FFFFFF
310
FFFFFFFFFFFF636363FF636363FF636363FFFFFFFFFF636363FFFFFFFFFF636363FFFFFFFFFFFFFFFFFF636363FF636363FFFFFFFFFFFFFFFFFF636363FFFFFFFFFF636363FF636363FF636363FF636363FF636363FF636363FF636363FF636363FF636363FF636363FFFFFFFFFF636363FF636363FF636363FFFFFFFFFFFF
310
FFFFFF636363FF636363FF636363FFFFFFFFFF636363FF636363FFFFFFFFFF636363FFFFFFFFFFFFFFFFFF636363FF636363FFFFFFFFFFFFFFFFFF636363FFFFFFFFFF636363FF636363FF636363FF636363FF636363FF636363FF636363FF636363FF636363FFFFFFFFFF636363FF636363FF636363FFFFFFFFFFFFFFFFFF
310
636363FF636363FF636363FFFFFFFFFF636363FF636363FF636363FFFFFFFFFF636363FFFFFFFFFFFFFFFFFF636363FF636363FFFFFFFFFFFFFFFFFF636363FFFFFFFFFF636363FF636363FF636363FF636363FF636363FF636363FF636363FF636363FFFFFFFFFF636363FF636363FF636363FFFFFFFFFFFFFFFFFF636363
310
FF636363FF636363FFFFFFFFFF636363FF636363FF636363FF636363FFFFFFFFFF636363FFFFFFFFFFFFFFFFFF636363FF636363FFFFFFFFFFFFFFFFFF636363FFFFFFFFFF636363FF636363FF636363FF636363FF636363FF636363FF636363FF636363FF636363FF636363FF636363FF636363FFFFFFFFFFFFFFFFFF6363
310
63FF636363FFFFFFFFFF636363FF636363FF636363FF636363FF636363FFFFFFFFFF636363FFFFFFFFFFFFFFFFFF636363FF636363FFFFFFFFFFFFFFFFFF636363FFFFFFFFFF636363FF636363FF636363FF636363FF636363FF636363FF636363FF636363FF636363FF636363FF636363FFFFFFFFFFFFFFFFFF636363FF63
310
6363FFFFFFFFFF636363FF636363FF636363FF636363FF636363FF636363FFFFFFFFFF636363FFFFFFFFFFFFFFFFFF636363FF636363FFFFFFFFFFFFFFFFFF636363FFFFFFFFFF636363FF636363FF636363FF636363FF636363FF636363FF636363FF636363FF636363FF636363FFFFFFFFFFFFFFFFFF636363FF636363FF
310
636363FFFFFFFFFF636363FF636363FF636363FF636363FF636363FF636363FFFFFFFFFF636363FFFFFFFFFFFFFFFFFF636363FF636363FFFFFFFFFFFFFFFFFF636363FFFFFFFFFF636363FF636363FF636363FF636363FF636363FFFFFFFFFF636363FF636363FF636363FFFFFFFFFFFFFFFFFF636363FF636363FF636363
310
FFFFFFFFFF636363FF636363FF636363FF636363FF636363FF636363FF636363FFFFFFFFFF636363FFFFFFFFFFFFFFFFFF636363FF636363FFFFFFFFFFFFFFFFFF636363FFFFFFFFFF636363FF636363FF636363FFFFFFFFFFFFFFFFFFFFFFFFFF636363FFFFFFFFFFFFFFFFFFFFFFFFFF636363FF636363FF636363FFFFFF
310
FFFF636363FF636363FF636363FF636363FF636363FF636363FF636363FF636363FFFFFFFFFF636363FFFFFFFFFFFFFFFFFF636363FF636363FFFFFFFFFFFFFFFFFF636363FFFFFFFFFF636363FF636363FFFFFFFFFFFFFFFFFFFFFFFFFFFFFFFFFFFFFFFFFFFFFFFFFFFFFFFFFFFFFFFFFF636363FF636363FFFFFFFFFF63
310
6363FF636363FF636363FF636363FF636363FF636363FF636363FF636363FF636363FFFFFFFFFF636363FFFFFFFFFFFFFFFFFF636363FF636363FFFFFFFFFFFFFFFFFF636363FFFFFFFFFF636363FF636363FFFFFFFFFF636363FFFFFFFFFFFFFFFFFFFFFFFFFFFFFFFFFFFFFFFFFFFFFFFFFF636363FFFFFFFFFF636363FF
310
636363FF636363FF636363FF636363FF636363FF636363FF636363FF636363FFFFFFFFFFFFFFFFFF636363FFFFFFFFFFFFFFFFFF636363FF636363FFFFFFFFFFFFFFFFFF636363FFFFFFFFFFFFFFFFFFFFFFFFFFFFFFFFFF636363FFFFFFFFFFFFFFFFFFFFFFFFFFFFFFFFFF636363FFFFFFFFFFFFFFFFFF636363FF636363
310
FF636363FF636363FF636363FF636363FF636363FF636363FF636363FFFFFFFFFF636363FFFFFFFFFF636363FFFFFFFFFFFFFFFFFF636363FF636363FFFFFFFFFFFFFFFFFF636363FFFFFFFFFFFFFFFFFFFFFFFFFFFFFFFFFFFFFFFFFFFFFFFFFFFFFFFFFFFFFFFFFFFFFFFFFFFFFFFFFFFFFFFFFFFFFFFFFFFFFFFFFF6363
310
63FF636363FF636363FF636363FF636363FF636363FF636363FFFFFFFFFF636363FF636363FFFFFFFFFF636363FFFFFFFFFFFFFFFFFF636363FF636363FFFFFFFFFFFFFFFFFF636363FFFFFFFFFF636363FFFFFFFFFFFFFFFFFFFFFFFFFFFFFFFFFFFFFFFFFFFFFFFFFFFFFFFFFFFFFFFFFFFFFFFFFFFFFFFFFFFFFFFFFFFF
310
FFFFFF636363FF636363FF636363FF636363FFFFFFFFFFFFFFFFFF636363FF636363FF636363FFFFFFFFFF636363FFFFFFFFFFFFFFFFFF636363FF636363FFFFFFFFFFFFFFFFFF636363FFFFFFFFFF636363FF636363FFFFFFFFFF636363FFFFFFFFFFFFFFFFFFFFFFFFFF636363FFFFFFFFFFFFFFFFFFFFFFFFFFFFFFFFFF
310
FFFFFFFF636363FF636363FF636363FFFFFFFFFFFFFFFFFF636363FF636363FF636363FF636363FFFFFFFFFF636363FFFFFFFFFFFFFFFFFF636363FF636363FFFFFFFFFFFFFFFFFF636363FFFFFFFFFF636363FF636363FFFFFFFFFFFFFFFFFFFFFFFFFFFFFFFFFFFFFFFFFFFFFFFFFFFFFFFFFFFFFFFFFFFFFFFFFFFFFFFF
310
FFFFFFFFFFFFFFFFFF636363FFFFFFFFFFFFFFFFFF636363FF636363FF636363FF636363FF636363FFFFFFFFFF636363FFFFFFFFFFFFFFFFFF636363FF636363FFFFFFFFFFFFFFFFFF636363FFFFFFFFFFFFFFFFFFFFFFFFFFFFFFFFFFFFFFFFFF636363FFFFFFFFFFFFFFFFFFFFFFFFFFFFFFFFFFFFFFFFFFFFFFFFFFFFFF
310
FFFFFFFFFFFFFFFFFFFFFFFFFFFFFFFFFFFF636363FF636363FF636363FF636363FF636363FFFFFFFFFFFFFFFFFF636363FFFFFFFFFFFFFFFFFF636363FF636363FFFFFFFFFFFFFFFFFF636363FFFFFFFFFF636363FF636363FFFFFFFFFFFFFFFFFFFFFFFFFFFFFFFFFFFFFFFFFFFFFFFFFFFFFFFFFFFFFFFFFFFFFFFFFFFF
310
FFFFFFFFFFFFFFFFFFFFFFFFFFFFFF636363FF636363FF636363FF636363FF636363FFFFFFFFFF636363FFFFFFFFFF636363FFFFFFFFFFFFFFFFFF636363FF636363FFFFFFFFFFFFFFFFFF636363FFFFFFFFFF636363FF636363FF636363FFFFFFFFFF636363FFFFFFFFFFFFFFFFFFFFFFFFFFFFFFFFFFFFFFFFFFFFFFFFFF
310
FFFFFFFFFFFFFFFFFFFFFFFF636363FF636363FF636363FF636363FF636363FFFFFFFFFF636363FF636363FFFFFFFFFF636363FFFFFFFFFFFFFFFFFF636363FF636363FFFFFFFFFFFFFFFFFF636363FFFFFFFFFF636363FFFFFFFFFFFFFFFFFF636363FF636363FF636363FFFFFFFFFFFFFFFFFFFFFFFFFFFFFFFFFFFFFFFF
310
FFFFFFFFFFFFFFFFFF636363FF636363FF636363FF636363FF636363FFFFFFFFFF636363FF636363FF636363FFFFFFFFFF636363FFFFFFFFFFFFFFFFFF636363FF636363FFFFFFFFFFFFFFFFFF636363FFFFFFFFFFFFFFFFFF636363FF636363FF636363FF636363FF636363FF636363FF636363FF636363FF636363FFFFFF
310
FFFFFFFFFFFF636363FF636363FF636363FF636363FF636363FFFFFFFFFF636363FF636363FF636363FFFFFFFFFFFFFFFFFF636363FFFFFFFFFFFFFFFFFF636363FF636363FFFFFFFFFFFFFFFFFF636363FFFFFFFFFF636363FF636363FF636363FF636363FF636363FF636363FF636363FF636363FF636363FF636363FFFF
310
FFFFFF636363FF636363FF636363FF636363FF636363FFFFFFFFFF636363FF636363FF636363FFFFFFFFFF636363FFFFFFFFFF636363FFFFFFFFFFFFFFFFFF636363FF636363FFFFFFFFFFFFFFFFFFFFFFFFFFFFFFFFFFFFFFFFFFFFFFFFFFFFFFFFFFFFFFFFFFFFFFFFFFFFFFFFFFFFFFFFFFFFFFFFFFFFFFFFFFFFFFFFFF
310
FFFFFFFFFFFFFFFFFFFFFFFFFFFFFFFFFFFFFFFFFFFFFFFFFFFFFFFFFFFFFFFFFFFFFFFFFFFFFFFFFFFFFFFFFFFFFFFFFFFFFFFFFFFFFFFFFFFFFFFFFFFFFFFF636363FF636363FFFFFFFFFFFFFFFFFFFFFFFFFFFFFFFFFF636363FF636363FF636363FF636363FF636363FF636363FF636363FF636363FF636363FF636363
310
FF636363FF636363FF636363FF636363FF636363FF636363FF636363FF636363FF636363FF636363FF636363FF636363FFFFFFFFFFFFFFFFFFFFFFFFFFFFFFFFFF636363FF636363FF636363FF636363FFFFFFFFFFFFFFFFFFFFFFFFFFFFFFFFFFFFFFFFFFFFFFFFFFFFFFFFFFFFFFFFFFFFFFFFFFFFFFFFFFFFFFFFFFFFFF
310
FFFFFFFFFFFFFFFFFFFFFFFFFFFFFFFFFFFFFFFFFFFFFFFFFFFFFFFFFFFFFFFFFFFFFFFFFFFFFFFFFFFFFFFFFFFFFFFFFFFFFFFFFFFFFFFFFFFF636363FF636363FF636363FF636363FF636363FF636363FFFFFFFFFFFFFFFFFFFFFFFFFFFFFFFFFFFFFFFFFFFFFFFFFFFFFFFFFFFFFFFFFFFFFFFFFFFFFFFFFFFFFFFFFFFF
310
FFFFFFFFFFFFFFFFFFFFFFFFFFFFFFFFFFFFFFFFFFFFFFFFFFFFFFFFFFFFFFFFFFFFFFFFFFFFFFFFFFFFFFFFFFFFFFFFFFFFFFFFFFFFFFFFFFFFFF636363FF636363FF636363FF636363FF636363FF636363FF636363FF636363FF636363FF636363FF636363FF636363FF636363FF636363FF636363FF636363FF636363FF
310
636363FF636363FF636363FF636363FF636363FF636363FF636363FF636363FF636363FF636363FF636363FF636363FF636363FF636363FF636363FF636363FF636363FF636363FF
 70
     4
280
     1
281
     0
  0
BLOCK_RECORD
  5
2B57
330
1
100
AcDbSymbolTableRecord
100
AcDbBlockTableRecord
  2
furn 0422
340
0
310
28000000200000002000000001002000000000000010000001000000010000000000000000000000636363FF636363FF636363FF636363FF636363FF636363FF636363FF636363FF636363FF636363FF636363FF636363FF636363FF636363FF636363FF636363FF636363FF636363FF636363FF636363FF636363FF636363
310
FF636363FF636363FF636363FF636363FF636363FF636363FF636363FF636363FF636363FF636363FF636363FFFFFFFFFFFFFFFFFFFFFFFFFFFFFFFFFFFFFFFFFFFFFFFFFFFFFFFFFFFFFFFFFFFFFFFFFFFFFFFFFFFFFFFFFFFFFFFFFFFFFFFFFFFFFFFFFFFFFFFFFFFFFFFFFFFFFFFFFFFFFFFFFFFFFFFFFFFFFFFFFFFFFF
310
FFFFFFFFFFFFFFFFFFFFFFFFFFFFFFFFFFFFFFFFFFFFFFFFFFFFFFFFFFFFFFFFFFFFFFFFFFFF636363FF636363FFFFFFFFFF636363FF636363FF636363FF636363FF636363FF636363FF636363FF636363FF636363FF636363FF636363FF636363FF636363FF636363FF636363FF636363FF636363FF636363FF636363FF63
310
6363FF636363FF636363FF636363FF636363FF636363FF636363FF636363FF636363FFFFFFFFFF636363FF636363FFFFFFFFFF636363FF636363FF636363FF636363FF636363FF636363FF636363FF636363FF636363FF636363FF636363FF636363FF636363FF636363FF636363FF636363FF636363FF636363FF636363FF
310
636363FF636363FF636363FF636363FF636363FF636363FF636363FF636363FF636363FFFFFFFFFF636363FF636363FFFFFFFFFF636363FF636363FFFFFFFFFFFFFFFFFFFFFFFFFFFFFFFFFFFFFFFFFFFFFFFFFFFFFFFFFFFFFFFFFFFFFFFFFFFFFFFFFFFFFFFFFFFFFFFFFFFFFFFFFFFFFFFFFFFFFFFFFFFFFFFFFFFFFFFF
310
FFFFFFFFFFFFFFFFFFFFFFFFFFFFFFFFFFFFFFFFFFFFFFFFFFFFFFFFFF636363FF636363FFFFFFFFFF636363FF636363FFFFFFFFFF636363FF636363FFFFFFFFFFFFFFFFFFFFFFFFFFFFFFFFFFFFFFFFFFFFFFFFFFFFFFFFFFFFFFFFFFFFFFFFFFFFFFFFFFFFFFFFFFFFFFFFFFFFFFFFFFFFFFFFFFFFFFFFFFFFFFFFFFFFFF
310
FFFFFFFFFFFFFFFFFFFFFFFFFFFFFFFFFFFFFFFFFFFFFFFFFFFFFFFFFFFF636363FF636363FFFFFFFFFF636363FF636363FFFFFFFFFF636363FF636363FFFFFFFFFFFFFFFFFF636363FF636363FF636363FF636363FF636363FF636363FF636363FF636363FF636363FF636363FF636363FF636363FF636363FF636363FF63
310
6363FF636363FF636363FF636363FF636363FF636363FFFFFFFFFFFFFFFFFF636363FF636363FFFFFFFFFF636363FF636363FFFFFFFFFF636363FF636363FFFFFFFFFFFFFFFFFF636363FF636363FF636363FF636363FF636363FF636363FF636363FF636363FF636363FF636363FF636363FF636363FF636363FF636363FF
310
636363FF636363FF636363FF636363FF636363FF636363FFFFFFFFFFFFFFFFFF636363FF636363FFFFFFFFFF636363FF636363FFFFFFFFFF636363FF636363FFFFFFFFFFFFFFFFFF636363FF636363FF636363FF636363FF636363FF636363FF636363FF636363FF636363FF636363FF636363FF636363FF636363FF636363
310
FF636363FF636363FF636363FF636363FF636363FF636363FFFFFFFFFFFFFFFFFF636363FF636363FFFFFFFFFF636363FF636363FFFFFFFFFF636363FF636363FFFFFFFFFFFFFFFFFF636363FF636363FF636363FF636363FF636363FF636363FF636363FF636363FF636363FFFFFFFFFF636363FF636363FF636363FF6363
310
63FF636363FF636363FF636363FF636363FF636363FF636363FFFFFFFFFFFFFFFFFF636363FF636363FFFFFFFFFF636363FF636363FFFFFFFFFF636363FF636363FFFFFFFFFFFFFFFFFF636363FF636363FF636363FF636363FF636363FF636363FFFFFFFFFFFFFFFFFFFFFFFFFFFFFFFFFFFFFFFFFFFFFFFFFFFFFFFFFF63
310
6363FF636363FF636363FF636363FF636363FF636363FF636363FFFFFFFFFFFFFFFFFF636363FF636363FFFFFFFFFF636363FF636363FFFFFFFFFF636363FF636363FFFFFFFFFFFFFFFFFF636363FF636363FF636363FF636363FF636363FF636363FFFFFFFFFF636363FF636363FFFFFFFFFFFFFFFFFF636363FFFFFFFFFF
310
FFFFFFFF636363FF636363FF636363FF636363FF636363FF636363FFFFFFFFFFFFFFFFFF636363FF636363FFFFFFFFFF636363FF636363FFFFFFFFFF636363FF636363FFFFFFFFFFFFFFFFFF636363FF636363FF636363FF636363FF636363FFFFFFFFFF636363FFFFFFFFFFFFFFFFFFFFFFFFFF636363FFFFFFFFFF636363
310
FF636363FFFFFFFFFF636363FF636363FF636363FF636363FF636363FFFFFFFFFFFFFFFFFF636363FF636363FFFFFFFFFF636363FF636363FFFFFFFFFF636363FF636363FFFFFFFFFFFFFFFFFF636363FF636363FF636363FF636363FFFFFFFFFF636363FFFFFFFFFF636363FF636363FFFFFFFFFF636363FF636363FFFFFF
310
FFFF636363FFFFFFFFFF636363FF636363FF636363FF636363FF636363FFFFFFFFFFFFFFFFFF636363FF636363FFFFFFFFFF636363FF636363FFFFFFFFFF636363FF636363FFFFFFFFFFFFFFFFFF636363FF636363FF636363FF636363FFFFFFFFFF636363FFFFFFFFFF636363FF636363FFFFFFFFFF636363FF636363FF63
310
6363FFFFFFFFFF636363FFFFFFFFFF636363FF636363FF636363FF636363FFFFFFFFFFFFFFFFFF636363FF636363FFFFFFFFFF636363FF636363FFFFFFFFFF636363FF636363FFFFFFFFFFFFFFFFFF636363FF636363FF636363FFFFFFFFFFFFFFFFFFFFFFFFFFFFFFFFFFFFFFFFFFFFFFFFFFFFFFFFFFFFFFFFFFFFFFFFFF
310
FFFFFFFFFFFFFFFFFFFFFFFFFFFFFFFF636363FF636363FF636363FF636363FFFFFFFFFFFFFFFFFF636363FF636363FFFFFFFFFF636363FF636363FFFFFFFFFF636363FF636363FFFFFFFFFFFFFFFFFF636363FF636363FF636363FF636363FFFFFFFFFF636363FFFFFFFFFF636363FF636363FFFFFFFFFF636363FF636363
310
FF636363FFFFFFFFFF636363FFFFFFFFFF636363FF636363FF636363FF636363FFFFFFFFFFFFFFFFFF636363FF636363FFFFFFFFFF636363FF636363FFFFFFFFFF636363FF636363FFFFFFFFFFFFFFFFFF636363FF636363FF636363FF636363FFFFFFFFFF636363FFFFFFFFFF636363FF636363FFFFFFFFFF636363FF6363
310
63FFFFFFFFFF636363FFFFFFFFFF636363FF636363FF636363FF636363FF636363FFFFFFFFFFFFFFFFFF636363FF636363FFFFFFFFFF636363FF636363FFFFFFFFFF636363FF636363FFFFFFFFFFFFFFFFFF636363FF636363FF636363FF636363FFFFFFFFFF636363FF636363FFFFFFFFFF636363FFFFFFFFFF636363FFFF
310
FFFFFFFFFFFFFF636363FFFFFFFFFF636363FF636363FF636363FF636363FF636363FFFFFFFFFFFFFFFFFF636363FF636363FFFFFFFFFF636363FF636363FFFFFFFFFF636363FF636363FFFFFFFFFFFFFFFFFF636363FF636363FF636363FF636363FF636363FFFFFFFFFFFFFFFFFF636363FFFFFFFFFFFFFFFFFFFFFFFFFF
310
636363FF636363FFFFFFFFFF636363FF636363FF636363FF636363FF636363FF636363FFFFFFFFFFFFFFFFFF636363FF636363FFFFFFFFFF636363FF636363FFFFFFFFFF636363FF636363FFFFFFFFFFFFFFFFFF636363FF636363FF636363FF636363FF636363FF636363FFFFFFFFFFFFFFFFFF636363FFFFFFFFFF636363
310
FF636363FFFFFFFFFF636363FF636363FF636363FF636363FF636363FF636363FF636363FFFFFFFFFFFFFFFFFF636363FF636363FFFFFFFFFF636363FF636363FFFFFFFFFF636363FF636363FFFFFFFFFFFFFFFFFF636363FF636363FF636363FF636363FF636363FF636363FF636363FF636363FFFFFFFFFFFFFFFFFFFFFF
310
FFFFFFFFFFFF636363FF636363FF636363FF636363FF636363FF636363FF636363FF636363FFFFFFFFFFFFFFFFFF636363FF636363FFFFFFFFFF636363FF636363FFFFFFFFFF636363FF636363FFFFFFFFFFFFFFFFFF636363FF636363FF636363FF636363FF636363FF636363FF636363FF636363FF636363FFFFFFFFFF63
310
6363FF636363FF636363FF636363FF636363FF636363FF636363FF636363FF636363FF636363FFFFFFFFFFFFFFFFFF636363FF636363FFFFFFFFFF636363FF636363FFFFFFFFFF636363FF636363FFFFFFFFFFFFFFFFFF636363FF636363FF636363FF636363FF636363FF636363FF636363FF636363FF636363FF636363FF
310
636363FF636363FF636363FF636363FF636363FF636363FF636363FF636363FF636363FF636363FFFFFFFFFFFFFFFFFF636363FF636363FFFFFFFFFF636363FF636363FFFFFFFFFF636363FF636363FFFFFFFFFFFFFFFFFF636363FF636363FF636363FF636363FF636363FF636363FF636363FF636363FF636363FF636363
310
FF636363FF636363FF636363FF636363FF636363FF636363FF636363FF636363FF636363FF636363FFFFFFFFFFFFFFFFFF636363FF636363FFFFFFFFFF636363FF636363FFFFFFFFFF636363FF636363FFFFFFFFFFFFFFFFFF636363FF636363FF636363FF636363FF636363FF636363FF636363FF636363FF636363FF6363
310
63FF636363FF636363FF636363FF636363FF636363FF636363FF636363FF636363FF636363FF636363FFFFFFFFFFFFFFFFFF636363FF636363FFFFFFFFFF636363FF636363FFFFFFFFFF636363FF636363FFFFFFFFFFFFFFFFFFFFFFFFFFFFFFFFFFFFFFFFFFFFFFFFFFFFFFFFFFFFFFFFFFFFFFFFFFFFFFFFFFFFFFFFFFFF
310
FFFFFFFFFFFFFFFFFFFFFFFFFFFFFFFFFFFFFFFFFFFFFFFFFFFFFFFFFFFFFFFFFFFFFFFFFFFFFFFFFFFFFFFFFFFFFFFFFFFFFF636363FF636363FFFFFFFFFF636363FF636363FFFFFFFFFF636363FF636363FFFFFFFFFFFFFFFFFFFFFFFFFFFFFFFFFFFFFFFFFFFFFFFFFFFFFFFFFFFFFFFFFFFFFFFFFFFFFFFFFFFFFFFFFF
310
FFFFFFFFFFFFFFFFFFFFFFFFFFFFFFFFFFFFFFFFFFFFFFFFFFFFFFFFFFFFFFFFFFFFFFFFFFFFFFFFFFFFFFFFFFFFFFFFFFFFFFFF636363FF636363FFFFFFFFFF636363FF636363FFFFFFFFFF636363FF636363FF636363FF636363FF636363FF636363FF636363FF636363FF636363FF636363FF636363FF636363FF636363
310
FF636363FF636363FF636363FF636363FF636363FF636363FF636363FF636363FF636363FF636363FF636363FF636363FF636363FF636363FF636363FFFFFFFFFF636363FF636363FFFFFFFFFF636363FF636363FF636363FF636363FF636363FF636363FF636363FF636363FF636363FF636363FF636363FF636363FF6363
310
63FF636363FF636363FF636363FF636363FF636363FF636363FF636363FF636363FF636363FF636363FF636363FF636363FF636363FF636363FF636363FFFFFFFFFF636363FF636363FFFFFFFFFFFFFFFFFFFFFFFFFFFFFFFFFFFFFFFFFFFFFFFFFFFFFFFFFFFFFFFFFFFFFFFFFFFFFFFFFFFFFFFFFFFFFFFFFFFFFFFFFFFF
310
FFFFFFFFFFFFFFFFFFFFFFFFFFFFFFFFFFFFFFFFFFFFFFFFFFFFFFFFFFFFFFFFFFFFFFFFFFFFFFFFFFFFFFFFFFFFFFFFFFFFFFFFFFFFFFFFFFFFFFFFFFFFFFFFFFFFFF636363FF636363FF636363FF636363FF636363FF636363FF636363FF636363FF636363FF636363FF636363FF636363FF636363FF636363FF636363FF
310
636363FF636363FF636363FF636363FF636363FF636363FF636363FF636363FF636363FF636363FF636363FF636363FF636363FF636363FF636363FF636363FF636363FF636363FF
 70
     4
280
     1
281
     0
  0
BLOCK_RECORD
  5
5F4A
330
1
100
AcDbSymbolTableRecord
100
AcDbBlockTableRecord
  2
chair-dining-table
340
0
310
28000000280000002800000001002000000000000019000001000000010000000000000000000000302821FF302821FF302821FF302821FF302821FF302821FF302821FF302821FF302821FF302821FF302821FF302821FF302821FF302821FF302821FF302821FF302821FF302821FF302821FF302821FF302821FF302821
310
FF302821FF302821FF302821FF302821FF302821FF302821FF302821FF302821FF302821FF302821FF302821FF302821FF302821FF302821FF302821FF302821FF302821FF302821FF302821FF302821FF302821FF302821FF302821FF302821FF302821FF302821FF302821FF302821FF302821FF302821FF302821FF3028
310
21FF302821FF302821FF302821FF302821FF302821FF302821FF302821FF302821FF302821FF302821FF302821FF302821FF302821FF302821FF302821FF302821FF302821FF302821FF302821FF302821FF302821FF302821FF302821FF302821FF302821FF302821FF302821FF302821FF302821FF302821FF302821FF30
310
2821FF302821FF302821FF302821FF302821FF302821FF302821FF302821FF302821FF302821FF302821FF302821FF302821FF302821FF302821FF302821FF302821FF302821FF302821FF302821FF302821FF302821FF302821FF302821FF302821FF302821FF302821FF302821FF302821FF302821FF302821FF302821FF
310
302821FF302821FF302821FF302821FF302821FF302821FF302821FF302821FF302821FF302821FF302821FF302821FF302821FF302821FF302821FF302821FF302821FF302821FF302821FF302821FF302821FF302821FF302821FF302821FF302821FF302821FF302821FF302821FF302821FF302821FF302821FF302821
310
FF302821FF302821FF302821FF302821FF302821FF302821FF302821FF302821FF302821FF302821FF302821FF302821FF302821FF302821FF302821FFFFFFFFFFFFFFFFFFFFFFFFFFFFFFFFFFFFFFFFFFFFFFFFFFFFFFFFFFFFFFFFFFFFFFFFFFFFFFFFFFFFFFFFFFFFFFFFFFFFFFFFFFFFFFFFFFFFFFFFFFFFFFFFFFFFFF
310
FFFFFFFFFFFFFFFFFFFFFFFFFFFFFFFFFFFFFFFFFFFFFFFFFFFFFFFFFFFFFFFFFFFFFFFFFFFFFFFFFFFFFFFFFFFFFFFFFFFFFFFFFFFFFFFFFFFFFFFFFFFF302821FF302821FF302821FF302821FF302821FF302821FF302821FF302821FFFFFFFFFF302821FF302821FF302821FF302821FF302821FF302821FF302821FF30
310
2821FF302821FF302821FF302821FF302821FF302821FF302821FF302821FF302821FF302821FF302821FF302821FF302821FF302821FF302821FF302821FF302821FF302821FF302821FF302821FF302821FF302821FF302821FFFFFFFFFF302821FF302821FF302821FF302821FF302821FF302821FFFFFFFFFFFFFFFFFF
310
FFFFFFFFFFFFFFFFFFFFFFFFFFFFFFFFFFFFFFFFFFFFFFFFFFFFFFFFFFFFFFFFFFFFFFFFFFFFFFFFFFFFFFFFFFFFFFFFFFFFFFFFFFFFFFFFFFFFFFFFFFFFFFFFFFFFFFFFFFFFFFFFFFFFFFFFFFFFFFFFFFFFFFFFFFFFFFFFFFFFFFFFFFFFFFFFFFFFFFFFFFFFFFFFFFFFFFFFFFFFFFFFFFFFFFFFFFFFFFFFFFFFFFFFFFFFFF
310
FFFFFFFFFFFFFFFFFF302821FF302821FF302821FF302821FFFFFFFFFF302821FF302821FF302821FF302821FF302821FF302821FF302821FF302821FF302821FF302821FF302821FF302821FF302821FF302821FF302821FF302821FF302821FF302821FF302821FF302821FF302821FF302821FF302821FF302821FF3028
310
21FF302821FF302821FF302821FF302821FF302821FF302821FF302821FF302821FF302821FFFFFFFFFF302821FF302821FF302821FF302821FFFFFFFFFF302821FF302821FF302821FF302821FF302821FF302821FF302821FF302821FF302821FF302821FF302821FF302821FF302821FF302821FF302821FF302821FF30
310
2821FF302821FF302821FF302821FF302821FF302821FF302821FF302821FF302821FF302821FF302821FF302821FF302821FF302821FF302821FF302821FF302821FF302821FFFFFFFFFF302821FF302821FF302821FF302821FFFFFFFFFFFFFFFFFFFFFFFFFFFFFFFFFFFFFFFFFFFFFFFFFFFFFFFFFFFFFFFFFFFFFFFFFF
310
FFFFFFFFFFFFFFFFFFFFFFFFFFFFFFFFFFFFFFFFFFFFFFFFFFFFFFFFFFFFFFFFFFFFFFFFFFFFFFFFFFFFFFFFFFFFFFFFFFFFFFFFFFFFFFFFFFFFFFFFFFFFFFFFFFFFFFFFFFFFFFFFFFFFFFFFFFFFFFFFFFFFFFFFFFFFFFFFFFFFFFFFFFFFFFFFFFFFFFFFFFFFFFFFFFFFFFFF302821FF302821FF302821FF302821FF302821
310
FF302821FFFFFFFFFF302821FF302821FF302821FF302821FF302821FF302821FF302821FF302821FF302821FF302821FF302821FF302821FF302821FF302821FF302821FF302821FF302821FF302821FF302821FF302821FF302821FF302821FF302821FF302821FF302821FF302821FF302821FF302821FF302821FF3028
310
21FFFFFFFFFF302821FF302821FF302821FF302821FF302821FF302821FF302821FF302821FFFFFFFFFF302821FF302821FF302821FF302821FF302821FF302821FF302821FF302821FF302821FF302821FF302821FF302821FF302821FF302821FF302821FF302821FF302821FF302821FF302821FF302821FF302821FF30
310
2821FF302821FF302821FF302821FF302821FF302821FF302821FF302821FF302821FFFFFFFFFF302821FF302821FF302821FF302821FF302821FF302821FF302821FF302821FFFFFFFFFF302821FF302821FF302821FF302821FF302821FF302821FF302821FF302821FF302821FF302821FF302821FF302821FF302821FF
310
302821FF302821FF302821FF302821FF302821FF302821FF302821FF302821FF302821FF302821FF302821FF302821FF302821FF302821FF302821FF302821FF302821FFFFFFFFFF302821FF302821FF302821FF302821FF302821FF302821FF302821FF302821FFFFFFFFFF302821FF302821FF302821FF302821FF302821
310
FF302821FF302821FF302821FF302821FF302821FF302821FF302821FF302821FF302821FF302821FF302821FF302821FF302821FF302821FF302821FF302821FF302821FF302821FF302821FF302821FF302821FF302821FF302821FF302821FF302821FFFFFFFFFF302821FF302821FF302821FF302821FF302821FF3028
310
21FF302821FF302821FFFFFFFFFF302821FF302821FF302821FF302821FF302821FF302821FF302821FF302821FF302821FF302821FF302821FF302821FF302821FF302821FF302821FF302821FF302821FF302821FF302821FF302821FF302821FF302821FF302821FF302821FF302821FF302821FF302821FF302821FF30
310
2821FF302821FFFFFFFFFF302821FF302821FF302821FF302821FF302821FF302821FF302821FF302821FFFFFFFFFF302821FF302821FF302821FF302821FF302821FF302821FF302821FF302821FF302821FF302821FF302821FF302821FF302821FF302821FF302821FF302821FF302821FF302821FF302821FF302821FF
310
302821FF302821FF302821FF302821FF302821FF302821FF302821FF302821FF302821FF302821FFFFFFFFFF302821FF302821FF302821FF302821FF302821FF302821FF302821FF302821FFFFFFFFFF302821FF302821FF302821FF302821FF302821FF302821FF302821FF302821FF302821FF302821FF302821FF302821
310
FF302821FF302821FF302821FF302821FF302821FF302821FF302821FF302821FF302821FF302821FF302821FF302821FF302821FF302821FF302821FF302821FF302821FF302821FFFFFFFFFF302821FF302821FF302821FF302821FF302821FF302821FF302821FF302821FFFFFFFFFF302821FF302821FF302821FF3028
310
21FF302821FF302821FF302821FF302821FF302821FF302821FF302821FF302821FF302821FF302821FF302821FF302821FF302821FF302821FF302821FF302821FF302821FF302821FF302821FF302821FF302821FF302821FF302821FF302821FF302821FF302821FFFFFFFFFF302821FF302821FF302821FF302821FF30
310
2821FF302821FF302821FF302821FFFFFFFFFF302821FF302821FF302821FF302821FF302821FF302821FF302821FF302821FF302821FF302821FF302821FF302821FF302821FF302821FF302821FF302821FF302821FF302821FF302821FF302821FF302821FF302821FF302821FF302821FF302821FF302821FF302821FF
310
302821FF302821FF302821FFFFFFFFFF302821FF302821FF302821FF302821FF302821FF302821FF302821FF302821FFFFFFFFFF302821FF302821FF302821FF302821FF302821FF302821FF302821FF302821FF302821FF302821FF302821FF302821FF302821FF302821FF302821FF302821FF302821FF302821FF302821
310
FF302821FF302821FF302821FF302821FF302821FF302821FF302821FF302821FF302821FF302821FF302821FFFFFFFFFF302821FF302821FF302821FF302821FF302821FF302821FF302821FF302821FFFFFFFFFF302821FF302821FF302821FF302821FF302821FF302821FF302821FF302821FF302821FF302821FF3028
310
21FF302821FF302821FF302821FF302821FF302821FF302821FF302821FF302821FF302821FF302821FF302821FF302821FF302821FF302821FF302821FF302821FF302821FF302821FF302821FFFFFFFFFF302821FF302821FF302821FF302821FF302821FF302821FF302821FF302821FFFFFFFFFF302821FF302821FF30
310
2821FF302821FF302821FF302821FF302821FF302821FF302821FF302821FF302821FF302821FF302821FF302821FF302821FF302821FF302821FF302821FF302821FF302821FF302821FF302821FF302821FF302821FF302821FF302821FF302821FF302821FF302821FF302821FFFFFFFFFF302821FF302821FF302821FF
310
302821FF302821FF302821FF302821FF302821FFFFFFFFFF302821FF302821FF302821FF302821FF302821FF302821FF302821FF302821FF302821FF302821FF302821FF302821FF302821FF302821FF302821FF302821FF302821FF302821FF302821FF302821FF302821FF302821FF302821FF302821FF302821FF302821
310
FF302821FF302821FF302821FF302821FFFFFFFFFF302821FF302821FF302821FF302821FF302821FF302821FF302821FF302821FFFFFFFFFF302821FF302821FF302821FF302821FF302821FF302821FF302821FF302821FF302821FF302821FF302821FF302821FF302821FF302821FF302821FF302821FF302821FF3028
310
21FF302821FF302821FF302821FF302821FF302821FF302821FF302821FF302821FF302821FF302821FF302821FF302821FFFFFFFFFF302821FF302821FF302821FF302821FF302821FF302821FF302821FF302821FFFFFFFFFF302821FF302821FF302821FF302821FF302821FF302821FF302821FF302821FF302821FF30
310
2821FF302821FF302821FF302821FF302821FF302821FF302821FF302821FF302821FF302821FF302821FF302821FF302821FF302821FF302821FF302821FF302821FF302821FF302821FF302821FF302821FFFFFFFFFF302821FF302821FF302821FF302821FF302821FF302821FF302821FF302821FFFFFFFFFF302821FF
310
302821FF302821FF302821FF302821FF302821FF302821FF302821FF302821FF302821FF302821FF302821FF302821FF302821FF302821FF302821FF302821FF302821FF302821FF302821FF302821FF302821FF302821FF302821FF302821FF302821FF302821FF302821FF302821FF302821FFFFFFFFFF302821FF302821
310
FF302821FF302821FF302821FF302821FF302821FF302821FFFFFFFFFF302821FF302821FF302821FF302821FF302821FF302821FF302821FF302821FF302821FF302821FF302821FF302821FF302821FF302821FF302821FF302821FF302821FF302821FF302821FF302821FF302821FF302821FF302821FF302821FF3028
310
21FF302821FF302821FF302821FF302821FF302821FFFFFFFFFF302821FF302821FF302821FF302821FF302821FF302821FF302821FF302821FFFFFFFFFF302821FF302821FF302821FF302821FF302821FF302821FF302821FF302821FF302821FF302821FF302821FF302821FF302821FF302821FF302821FF302821FF30
310
2821FF302821FF302821FF302821FF302821FF302821FF302821FF302821FF302821FF302821FF302821FF302821FF302821FF302821FFFFFFFFFF302821FF302821FF302821FF302821FF302821FF302821FF302821FF302821FFFFFFFFFF302821FF302821FF302821FF302821FF302821FF302821FF302821FF302821FF
310
302821FF302821FF302821FF302821FF302821FF302821FF302821FF302821FF302821FF302821FF302821FF302821FF302821FF302821FF302821FF302821FF302821FF302821FF302821FF302821FF302821FF302821FFFFFFFFFF302821FF302821FF302821FF302821FF302821FF302821FF302821FF302821FFFFFFFF
310
FF302821FF302821FF302821FF302821FF302821FF302821FF302821FF302821FF302821FF302821FF302821FF302821FF302821FF302821FF302821FF302821FF302821FF302821FF302821FF302821FF302821FF302821FF302821FF302821FF302821FF302821FF302821FF302821FF302821FF302821FFFFFFFFFF3028
310
21FF302821FF302821FF302821FF302821FF302821FF302821FF302821FFFFFFFFFF302821FF302821FF302821FF302821FF302821FF302821FF302821FF302821FF302821FF302821FF302821FF302821FF302821FF302821FF302821FF302821FF302821FF302821FF302821FF302821FF302821FF302821FF302821FF30
310
2821FF302821FF302821FF302821FF302821FF302821FF302821FFFFFFFFFF302821FF302821FF302821FF302821FF302821FF302821FF302821FF302821FFFFFFFFFF302821FF302821FF302821FF302821FF302821FF302821FF302821FF302821FF302821FF302821FF302821FF302821FF302821FF302821FF302821FF
310
302821FF302821FF302821FF302821FF302821FF302821FF302821FF302821FF302821FF302821FF302821FF302821FF302821FF302821FF302821FFFFFFFFFF302821FF302821FF302821FF302821FF302821FF302821FF302821FF302821FFFFFFFFFF302821FF302821FF302821FF302821FF302821FF302821FF302821
310
FF302821FF302821FF302821FF302821FF302821FF302821FF302821FF302821FF302821FF302821FF302821FF302821FF302821FF302821FF302821FF302821FF302821FF302821FF302821FF302821FF302821FF302821FF302821FFFFFFFFFF302821FF302821FF302821FF302821FF302821FF302821FF302821FF3028
310
21FFFFFFFFFF302821FF302821FF302821FF302821FF302821FF302821FF302821FF302821FF302821FF302821FF302821FF302821FF302821FF302821FF302821FF302821FF302821FF302821FF302821FF302821FF302821FF302821FF302821FF302821FF302821FF302821FF302821FF302821FF302821FF302821FFFF
310
FFFFFF302821FF302821FF302821FF302821FF302821FF302821FF302821FF302821FFFFFFFFFF302821FF302821FF302821FF302821FF302821FF302821FF302821FF302821FF302821FF302821FF302821FF302821FF302821FF302821FF302821FF302821FF302821FF302821FF302821FF302821FF302821FF302821FF
310
302821FF302821FF302821FF302821FF302821FF302821FF302821FF302821FFFFFFFFFF302821FF302821FF302821FF302821FF302821FF302821FF302821FF302821FFFFFFFFFFFFFFFFFFFFFFFFFFFFFFFFFFFFFFFFFFFFFFFFFFFFFFFFFFFFFFFFFFFFFFFFFFFFFFFFFFFFFFFFFFFFFFFFFFFFFFFFFFFFFFFFFFFFFFFF
310
FFFFFFFFFFFFFFFFFFFFFFFFFFFFFFFFFFFFFFFFFFFFFFFFFFFFFFFFFFFFFFFFFFFFFFFFFFFFFFFFFFFFFFFFFFFFFFFFFFFFFFFFFFFFFFFFFFFFFFFFFFFFFFFFFFFFFFFFFF302821FF302821FF302821FF302821FF302821FF302821FF302821FF302821FF302821FF302821FF302821FF302821FF302821FF302821FF3028
310
21FF302821FF302821FF302821FF302821FF302821FF302821FF302821FF302821FF302821FF302821FF302821FF302821FF302821FF302821FF302821FF302821FF302821FF302821FF302821FF302821FF302821FF302821FF302821FF302821FF302821FF302821FF302821FF302821FF302821FF302821FF302821FF30
310
2821FF302821FF302821FF302821FF302821FF302821FF302821FF302821FF302821FF302821FF302821FF302821FF302821FF302821FF302821FF302821FF302821FF302821FF302821FF302821FF302821FF302821FF302821FF302821FF302821FF302821FF302821FF302821FF302821FF302821FF302821FF302821FF
310
302821FF302821FF302821FF302821FF302821FF302821FF302821FF302821FF302821FF302821FF302821FF302821FF302821FF302821FF302821FF302821FF302821FF302821FF302821FF302821FF302821FF302821FF302821FF302821FF302821FF302821FF302821FF302821FF302821FF302821FF302821FF302821
310
FF302821FF302821FF302821FF302821FF302821FF302821FF302821FF302821FF302821FF302821FF302821FF302821FF302821FF302821FF302821FF302821FF302821FF302821FF302821FF302821FF302821FF302821FF302821FF302821FF302821FF302821FF302821FF302821FF302821FF302821FF302821FF3028
310
21FF302821FF302821FF302821FF302821FF302821FF302821FF302821FF302821FF302821FF302821FF302821FF302821FF302821FF302821FF302821FF302821FF302821FF302821FF302821FF302821FF302821FF302821FF
 70
     1
280
     1
281
     0
  0
BLOCK_RECORD
  5
148F5
330
1
100
AcDbSymbolTableRecord
100
AcDbBlockTableRecord
  2
wash-basin
340
0
310
28000000280000002800000001002000000000000019000001000000010000000000000000000000302821FF302821FF302821FF302821FF302821FF302821FF302821FF302821FF302821FF302821FF302821FF302821FF302821FF302821FF302821FF302821FF302821FF302821FF302821FF302821FF302821FF302821
310
FF302821FF302821FF302821FF302821FF302821FF302821FF302821FF302821FF302821FF302821FF302821FF302821FF302821FF302821FF302821FF302821FF302821FF302821FF302821FF302821FF302821FF302821FF302821FF302821FF302821FF302821FF302821FF302821FF302821FF302821FF302821FF3028
310
21FF302821FF302821FF302821FF302821FF302821FF302821FF302821FF302821FF302821FF302821FF302821FF302821FF302821FF302821FF302821FF302821FF302821FF302821FF302821FF302821FF302821FF302821FF302821FF302821FF302821FF302821FF302821FF302821FF302821FF302821FF302821FF30
310
2821FF302821FF302821FF302821FF302821FF302821FFFFBF00FFFFBF00FFFFBF00FFFFBF00FFFFBF00FFFFBF00FFFFBF00FFFFBF00FFFFBF00FFFFBF00FFFFBF00FFFFBF00FFFFBF00FFFFBF00FFFFBF00FFFFBF00FFFFBF00FFFFBF00FF302821FF302821FF302821FF302821FF302821FF302821FF302821FF302821FF
310
302821FF302821FF302821FF302821FF302821FF302821FF302821FF302821FF302821FF302821FF302821FF302821FF302821FF302821FFFF0000FF302821FF302821FF302821FF302821FF302821FFFFFFFFFF302821FF302821FF302821FF302821FF302821FF302821FF302821FFFFFFFFFFFFFFFFFF302821FFFFBF00
310
FF302821FF302821FF302821FF302821FF302821FF302821FF302821FF302821FF302821FF302821FF302821FF302821FF302821FF302821FF302821FF302821FF302821FF302821FF302821FF302821FF302821FF302821FFFF0000FF302821FF302821FF302821FF302821FF302821FFFFFFFFFF302821FF302821FF3028
310
21FF302821FF302821FFFFFFFFFFFFFFFFFF302821FF302821FF302821FFFFBF00FF302821FF302821FF302821FF302821FF302821FF302821FF302821FF302821FF302821FF302821FF302821FF302821FF302821FF302821FF302821FF302821FF302821FF302821FF302821FF302821FF302821FF302821FFFF0000FF30
310
2821FF302821FF302821FF302821FF302821FFFFFFFFFF302821FF302821FFFFFF00FFFFFF00FFFFFF00FFFFFF00FFFFFF00FF302821FF302821FF302821FFFFBF00FF302821FF302821FF302821FF302821FF302821FF302821FF302821FF302821FF302821FF302821FF302821FF302821FF302821FF302821FF302821FF
310
302821FF302821FF302821FF302821FF302821FF302821FF302821FFFF0000FF302821FF302821FF302821FF302821FF302821FFFFFFFFFF302821FF302821FFFFFF00FFFFFFFFFF302821FF302821FF302821FFFFFF00FF302821FF302821FFFFBF00FF302821FF302821FF302821FF302821FF302821FF302821FF302821
310
FF302821FF302821FF302821FF302821FF302821FF302821FF302821FF302821FF302821FF302821FF302821FF302821FF302821FF302821FF302821FFFF0000FF302821FF302821FF302821FF302821FF302821FFFFFFFFFF302821FF302821FFFFFF00FF302821FF302821FF302821FF302821FFFFFF00FF302821FF3028
310
21FFFFBF00FF302821FF302821FF302821FF302821FF302821FF302821FF302821FF302821FF302821FF302821FF302821FF302821FF302821FF302821FF302821FF302821FF302821FF302821FF302821FF302821FF302821FF302821FFFF0000FF302821FF302821FF302821FF302821FF302821FFFFFFFFFF302821FF30
310
2821FFFFFF00FF302821FF302821FF302821FF302821FFFFFF00FF302821FF302821FFFFBF00FF302821FF302821FF302821FF302821FF302821FF302821FF302821FF302821FF302821FF302821FF302821FF302821FF302821FF302821FF302821FF302821FF302821FF302821FF302821FF302821FF302821FF302821FF
310
FF0000FF302821FF302821FF302821FF302821FF302821FFFFFFFFFF302821FF302821FFFFFF00FF302821FF302821FF302821FFFFFF00FFFFFF00FF302821FF302821FFFFBF00FF302821FF302821FF302821FF302821FF302821FF302821FF302821FF302821FF302821FF302821FF302821FF302821FF302821FF302821
310
FF302821FF302821FF302821FF302821FF302821FF302821FF302821FF302821FFFF0000FF302821FF302821FF302821FF302821FF302821FFFFFFFFFF302821FFFFFFFFFF302821FFFFFF00FFFFFF00FFFFFF00FF302821FF302821FF302821FF302821FFFFBF00FF302821FF302821FF302821FF302821FF302821FF3028
310
21FF302821FF302821FF302821FF302821FF302821FF302821FF302821FF302821FF302821FF302821FF302821FF302821FF302821FF302821FF302821FF302821FFFF0000FF302821FF302821FF302821FF302821FF302821FFFFFFFFFF302821FFFFFFFFFF302821FF302821FF302821FF302821FF302821FF302821FF30
310
2821FF302821FFFFBF00FF302821FF302821FF302821FF302821FF302821FF302821FF302821FF302821FF302821FF302821FF302821FF302821FF302821FF302821FF302821FF302821FF302821FF302821FF302821FF302821FF302821FF302821FFFF0000FF302821FF302821FF302821FF302821FF302821FFFFFFFFFF
310
302821FFFFFFFFFF302821FF302821FF302821FF302821FF302821FF302821FF302821FF302821FFFFBF00FF302821FF302821FF302821FF302821FF302821FF302821FF302821FF302821FF302821FF302821FF302821FF302821FF302821FF302821FF302821FF302821FF302821FF302821FF302821FF302821FF302821
310
FF302821FFFF0000FF302821FF302821FF302821FF302821FF302821FFFFFFFFFF302821FFFFFF00FFFFFF00FFFFFF00FF302821FF302821FFFFFF00FFFFFF00FF302821FF302821FFFFBF00FF302821FF302821FF302821FF302821FF302821FF302821FF302821FF302821FF302821FF302821FF302821FF302821FF3028
310
21FF302821FF302821FF302821FF302821FF302821FF302821FF302821FF302821FF302821FFFF0000FF302821FF302821FF302821FF302821FF302821FFFFFFFFFFFFFFFFFFFFFF00FFFFFF00FFFFFF00FF302821FF302821FFFFFF00FFFFFF00FF302821FF302821FFFFBF00FF302821FF302821FF302821FF302821FF30
310
2821FF302821FF302821FF302821FF302821FF302821FF302821FF302821FF302821FF302821FF302821FF302821FF302821FF302821FF302821FF302821FF302821FF302821FFFF0000FF302821FF302821FF302821FF302821FF302821FFFFFFFFFFFFFFFFFF302821FF302821FF302821FF302821FF302821FF302821FF
310
302821FF302821FF302821FFFFBF00FF302821FF302821FF302821FF302821FF302821FF302821FF302821FF302821FF302821FF302821FF302821FF302821FF302821FF302821FF302821FF302821FF302821FF302821FF302821FF302821FF302821FF302821FFFF0000FF302821FF302821FF302821FF302821FF302821
310
FFFFFFFFFFFFFFFFFF302821FF302821FF302821FF302821FF302821FF302821FF302821FF302821FF302821FFFFBF00FF302821FF302821FF302821FF302821FF302821FF302821FF302821FF302821FF302821FF302821FF302821FF302821FF302821FF302821FF302821FF302821FF302821FF302821FF302821FF3028
310
21FF302821FF302821FFFF0000FF302821FF302821FF302821FF302821FF302821FFFFFFFFFF302821FF302821FF302821FF302821FF302821FF302821FF302821FF302821FF302821FF302821FFFFBF00FF302821FF302821FF302821FF302821FF302821FF302821FF302821FF302821FF302821FF302821FF302821FF30
310
2821FF302821FF302821FF302821FF302821FF302821FF302821FF302821FF302821FF302821FF302821FFFF0000FF302821FF302821FF302821FF302821FF302821FFFFFFFFFFFFFFFFFFFFFFFFFFFFFFFFFFFFFFFFFFFFFFFFFFFFFFFFFFFFFFFFFFFFFFFFFFFFFFFFFFFFFFFFFFFFBF00FF302821FF302821FF302821FF
310
302821FF302821FF302821FF302821FF302821FF302821FF302821FF302821FF302821FF302821FF302821FF302821FF302821FF302821FF302821FF302821FF302821FF302821FF302821FFFF0000FF302821FF302821FF302821FF302821FF302821FF302821FF302821FF302821FF302821FF302821FF302821FF302821
310
FF302821FF302821FF302821FF302821FFFFBF00FF302821FF302821FF302821FF302821FF302821FF302821FF302821FF302821FF302821FF302821FF302821FF302821FF302821FF302821FF302821FF302821FF302821FF302821FF302821FF302821FF302821FF302821FFFF0000FF302821FF302821FF302821FF3028
310
21FF302821FF302821FF302821FF302821FF302821FF302821FF302821FF302821FF302821FF302821FF302821FF302821FFFFBF00FF302821FF302821FF302821FF302821FF302821FF302821FF302821FF302821FF302821FF302821FF302821FF302821FF302821FF302821FF302821FF302821FF302821FF302821FF30
310
2821FF302821FF302821FF302821FFFF0000FF302821FF302821FF302821FF302821FF302821FF302821FF302821FF302821FF302821FF302821FF302821FF302821FF302821FF302821FF302821FF302821FFFFBF00FF302821FF302821FF302821FF302821FF302821FF302821FF302821FF302821FF302821FF302821FF
310
302821FF302821FF302821FF302821FF302821FF302821FF302821FF302821FF302821FF302821FF302821FF302821FFFF0000FF302821FF302821FF302821FF302821FF302821FF302821FF302821FF302821FF302821FF302821FF302821FF302821FF302821FF302821FF302821FF302821FFFFBF00FF302821FF302821
310
FF302821FF302821FF302821FF302821FF302821FF302821FF302821FF302821FF302821FF302821FF302821FF302821FF302821FF302821FF302821FF302821FF302821FF302821FF302821FF302821FFFF0000FF302821FF302821FF302821FF302821FF302821FF302821FF302821FF302821FF302821FF302821FF3028
310
21FF302821FF302821FF302821FF302821FF302821FFFFBF00FF302821FF302821FF302821FF302821FF302821FF302821FF302821FF302821FF302821FF302821FF302821FF302821FF302821FF302821FF302821FF302821FF302821FF302821FF302821FF302821FF302821FF302821FFFF0000FF302821FF302821FF30
310
2821FF302821FF302821FFFFFFFFFFFFFFFFFFFFFFFFFFFFFFFFFFFFFFFFFFFFFFFFFFFFFFFFFFFFFFFFFFFFFFFFFFFFFFFFFFFFFFFFFFFFBF00FF302821FF302821FF302821FF302821FF302821FF302821FF302821FF302821FF302821FF302821FF302821FF302821FF302821FF302821FF302821FF302821FF302821FF
310
302821FF302821FF302821FF302821FF302821FFFF0000FF302821FF302821FF302821FF302821FF302821FFFFFFFFFF302821FF302821FF302821FF302821FFFFFFFFFFFFFFFFFFFFFFFFFFFFFFFFFF302821FF302821FFFFBF00FF302821FF302821FF302821FF302821FF302821FF302821FF302821FF302821FF302821
310
FF302821FF302821FF302821FF302821FF302821FF302821FF302821FF302821FF302821FF302821FF302821FF302821FF302821FFFF0000FF302821FF302821FF302821FF302821FF302821FFFFFFFFFF302821FFFFFFFFFFFFFFFFFFFFFFFFFF302821FF302821FF302821FF302821FF302821FF302821FFFFBF00FF3028
310
21FF302821FF302821FF302821FF302821FF302821FF302821FF302821FF302821FF302821FF302821FF302821FF302821FF302821FF302821FF302821FF302821FF302821FF302821FF302821FF302821FF302821FFFF0000FF302821FF302821FF302821FF302821FF302821FFFFFFFFFF302821FFFFFFFFFF302821FF30
310
2821FF302821FF302821FF302821FF302821FF302821FF302821FFFFBF00FF302821FF302821FF302821FF302821FF302821FF302821FF302821FF302821FF302821FF302821FF302821FF302821FF302821FF302821FF302821FF302821FF302821FF302821FF302821FF302821FF302821FF302821FFFF0000FF302821FF
310
302821FF302821FF302821FF302821FFFFFFFFFFFFFFFFFF302821FF302821FF302821FF302821FF302821FF302821FF302821FF302821FF302821FFFFBF00FF302821FF302821FF302821FF302821FF302821FF302821FF302821FF302821FF302821FF302821FF302821FF302821FF302821FF302821FF302821FF302821
310
FF302821FF302821FF302821FF302821FF302821FF302821FFFF0000FF302821FF302821FF302821FF302821FF302821FFFFFFFFFFFFFFFFFF302821FF302821FF302821FF302821FF302821FF302821FF302821FF302821FF302821FFFFBF00FF302821FF302821FF302821FF302821FF302821FF302821FF302821FF3028
310
21FF302821FF302821FF302821FF302821FF302821FF302821FF302821FF302821FF302821FF302821FF302821FF302821FF302821FF302821FFFF0000FF302821FF302821FF302821FF302821FF302821FFFFFFFFFFFFFFFFFF302821FF302821FF302821FF302821FF302821FF302821FF302821FF302821FF302821FFFF
310
BF00FF302821FF302821FF302821FF302821FF302821FF302821FF302821FF302821FF302821FF302821FF302821FF302821FF302821FF302821FF302821FF302821FF302821FF302821FF302821FF302821FF302821FF302821FFFF0000FF302821FF302821FF302821FF302821FF302821FFFFFFFFFF302821FF302821FF
310
302821FF302821FF302821FF302821FF302821FF302821FF302821FF302821FFFFBF00FF302821FF302821FF302821FF302821FF302821FF302821FF302821FF302821FF302821FF302821FF302821FF302821FF302821FF302821FF302821FF302821FF302821FF302821FF302821FF302821FF302821FF302821FFFF0000
310
FF302821FF302821FF302821FF302821FF302821FFFFFFFFFFFFFFFFFFFFFFFFFFFFFFFFFFFFFFFFFFFFFFFFFFFFFFFFFFFFFFFFFFFFFFFFFFFFFFFFFFFFFFFFFFFFBF00FF302821FF302821FF302821FF302821FF302821FF302821FF302821FF302821FF302821FF302821FF302821FF302821FF302821FF302821FF3028
310
21FF302821FF302821FF302821FF302821FF302821FF302821FF302821FFFF0000FF302821FF302821FF302821FF302821FF302821FF302821FF302821FF302821FF302821FF302821FF302821FF302821FF302821FF302821FF302821FF302821FFFFBF00FF302821FF302821FF302821FF302821FF302821FF302821FF30
310
2821FF302821FF302821FF302821FF302821FF302821FF302821FF302821FF302821FF302821FF302821FF302821FF302821FF302821FF302821FF302821FFFF0000FF302821FF302821FF302821FF302821FF302821FF302821FF302821FF302821FF302821FF302821FF302821FF302821FF302821FF302821FF302821FF
310
302821FFFFBF00FF302821FF302821FF302821FF302821FF302821FF302821FF302821FF302821FF302821FF302821FF302821FF302821FF302821FF302821FF302821FF302821FF302821FF302821FF302821FF302821FF302821FF302821FFFF0000FF302821FF302821FF302821FF302821FF302821FF302821FF302821
310
FF302821FF302821FF302821FF302821FF302821FF302821FF302821FF302821FF302821FFFFBF00FF302821FF302821FF302821FF302821FF302821FF302821FF302821FF302821FF302821FF302821FF302821FF302821FF302821FF302821FF302821FF302821FF302821FF302821FF302821FF302821FF302821FF3028
310
21FFFF0000FF302821FF302821FF302821FF302821FF302821FF302821FF302821FF302821FF302821FF302821FF302821FF302821FF302821FF302821FF302821FF302821FFFFBF00FF302821FF302821FF302821FF302821FF302821FF302821FF302821FF302821FF302821FF302821FF302821FF302821FF302821FF30
310
2821FF302821FF302821FF302821FF302821FF302821FF302821FF302821FF302821FFFF0000FFFF0000FFFF0000FFFF0000FFFF0000FFFF0000FFFF0000FFFF0000FFFF0000FFFF0000FFFF0000FFFF0000FFFF0000FFFF0000FFFF0000FFFF0000FFFF0000FFFFBF00FF302821FF302821FF302821FF302821FF302821FF
310
302821FF302821FF302821FF302821FF302821FF302821FF302821FF302821FF302821FF302821FF302821FF302821FF302821FF302821FF302821FF302821FF302821FF302821FF302821FF302821FF302821FF302821FF302821FF302821FF302821FF302821FF302821FF302821FF302821FF302821FF302821FF302821
310
FF302821FF302821FF302821FF302821FF302821FF302821FF302821FF302821FF302821FF302821FF302821FF302821FF302821FF302821FF302821FF302821FF302821FF302821FF302821FF302821FF302821FF302821FF302821FF302821FF302821FF302821FF302821FF302821FF302821FF302821FF302821FF3028
310
21FF302821FF302821FF302821FF302821FF302821FF302821FF302821FF302821FF302821FF302821FF302821FF302821FF302821FF302821FF302821FF302821FF302821FF302821FF302821FF302821FF302821FF302821FF
 70
     1
280
     1
281
     0
  0
ENDTAB
  0
ENDSEC
  0
SECTION
  2
BLOCKS
  0
BLOCK
  5
20
330
1F
100
AcDbEntity
  8
0
100
AcDbBlockBegin
  2
*Model_Space
 70
     0
 10
0.0
 20
0.0
 30
0.0
  3
*Model_Space
  1

  0
ENDBLK
  5
21
330
1F
100
AcDbEntity
  8
0
100
AcDbBlockEnd
  0
BLOCK
  5
5A
330
58
100
AcDbEntity
 67
     1
  8
0
100
AcDbBlockBegin
  2
*Paper_Space
 70
     0
 10
0.0
 20
0.0
 30
0.0
  3
*Paper_Space
  1

  0
ENDBLK
  5
5B
330
58
100
AcDbEntity
 67
     1
  8
0
100
AcDbBlockEnd
  0
BLOCK
  5
5F
330
5D
100
AcDbEntity
 67
     1
  8
0
100
AcDbBlockBegin
  2
*Paper_Space0
 70
     0
 10
0.0
 20
0.0
 30
0.0
  3
*Paper_Space0
  1

  0
ENDBLK
  5
60
330
5D
100
AcDbEntity
 67
     1
  8
0
100
AcDbBlockEnd
  0
BLOCK
  5
90D
330
90C
100
AcDbEntity
  8
0
100
AcDbBlockBegin
  2
*U3
 70
     1
 10
0.0
 20
0.0
 30
0.0
  3
*U3
  1

  0
MTEXT
  5
90E
330
90C
100
AcDbEntity
  8
0
 62
     0
100
AcDbMText
 10
4646.540647252077
 20
-40.04293242697531
 30
0.0
 40
8.0
 41
10.0
 46
0.0
 71
     1
 72
     5
  1
dwgmodels.com
 11
0.0000000000000001
 21
1.0
 31
0.0
 73
     1
 44
1.0
101
Embedded Object
 70
     1
 10
0.0000000000000001
 20
1.0
 30
0.0
 11
4646.540647252077
 21
-40.04293242697531
 31
0.0
 40
10.0
 41
0.0
 42
79.64529331514325
 43
10.35197817189631
 71
     2
 72
     1
 44
10.0
 45
12.5
 73
     0
 74
     0
 46
0.0
  0
LWPOLYLINE
  5
90F
330
90C
100
AcDbEntity
  8
0
 62
     0
100
AcDbPolyline
 90
        8
 70
     1
 43
0.0
 10
170.9306792106217
 20
-781.130365535726
 10
169.0284687239254
 20
-781.7640151784217
 42
-0.3954510419712063
 10
180.4177089189252
 20
-787.0095129605543
 10
226.9682185348866
 20
-901.5459937096165
 42
-0.4142135623730867
 10
221.9274717101507
 20
-913.4896156312461
 10
221.1012669909251
 20
-913.8254060316103
 42
-0.4121918532068051
 10
209.1816882003695
 20
-908.84323597217
 42
-0.0151633292432068
 10
165.1624158171471
 20
-792.8175950786244
 42
-0.4173628194798479
  0
LWPOLYLINE
  5
910
330
90C
100
AcDbEntity
  8
0
 62
     0
100
AcDbPolyline
 90
        2
 70
     0
 43
0.0
 10
215.3714987549247
 20
-939.8374056543252
 42
-0.0509531487467951
 10
134.684559729576
 20
-711.5578186504717
 42
-3.197024223508955
  0
LWPOLYLINE
  5
911
330
90C
100
AcDbEntity
  8
0
 62
     0
100
AcDbPolyline
 90
        7
 70
     0
 43
0.0
 10
4250.969243496955
 20
-100.1598807344635
 42
0.2775325337634555
 10
4218.942331834674
 20
-80.89933029413078
 10
2559.121261798111
 20
-80.89933029413078
 42
0.3726258541287526
 10
2532.278787846135
 20
-99.15735021499859
 42
0.3726258541287526
 10
2559.121261798111
 20
-117.4153701358736
 10
4218.942331834674
 20
-117.4153701358736
 42
0.2775325337634555
 10
4250.969243496955
 20
-98.15481969554094
  0
LWPOLYLINE
  5
912
330
90C
100
AcDbEntity
  8
0
 62
     0
100
AcDbPolyline
 90
        7
 70
     0
 43
0.0
 10
4250.969243496955
 20
-291.3808844489977
 42
0.2775325337634555
 10
4218.942331834674
 20
-272.1203340086649
 10
2559.121261798111
 20
-272.1203340086649
 42
0.3726258541287526
 10
2532.278787846135
 20
-290.3783539295328
 42
0.3726258541287526
 10
2559.121261798111
 20
-308.6363738504005
 10
4218.942331834674
 20
-308.6363738504005
 42
0.2775325337634555
 10
4250.969243496955
 20
-289.3758234100678
  0
LWPOLYLINE
  5
913
330
90C
100
AcDbEntity
  8
0
 62
     0
100
AcDbPolyline
 90
        7
 70
     0
 43
0.0
 10
4250.969243496955
 20
-487.3767931480688
 42
0.2775325337634555
 10
4218.942331834674
 20
-468.116242707736
 10
2559.121261798111
 20
-468.116242707736
 42
0.3726258541287526
 10
2532.278787846135
 20
-486.3742626286039
 42
0.3726258541287526
 10
2559.121261798111
 20
-504.6322825494717
 10
4218.942331834674
 20
-504.6322825494717
 42
0.2775325337634555
 10
4250.969243496955
 20
-485.3717321091462
  0
LWPOLYLINE
  5
914
330
90C
100
AcDbEntity
  8
0
 62
     0
100
AcDbPolyline
 90
        2
 70
     0
 43
0.0
 10
4599.227656375609
 20
-193.1796471063208
 42
-0.6382371194885734
 10
4545.616340926367
 20
-174.2064482332571
 42
-1.623826938703941
  0
LWPOLYLINE
  5
915
330
90C
100
AcDbEntity
  8
0
 62
     0
100
AcDbPolyline
 90
        5
 70
     0
 43
0.0
 10
4654.006823624157
 20
-320.4431407996672
 10
4657.38276277134
 20
-251.8790480787866
 42
0.9408795465992698
 10
4636.621725134217
 20
-249.5737997546967
 10
4632.784436906491
 20
-318.5989385549983
 42
0.9693294453021559
 10
4654.006823624157
 20
-320.4431407996672
 42
0.2687213445050692
  0
LWPOLYLINE
  5
916
330
90C
100
AcDbEntity
  8
0
 62
     0
100
AcDbPolyline
 90
        5
 70
     0
 43
0.0
 10
4545.616340926367
 20
62.44864911595505
 42
0.317380499392088
 10
4534.635209214087
 20
46.89161560935462
 10
4534.635209214087
 20
0.0
 10
4534.635209214087
 20
-46.89161560935462
 42
0.317380499392088
 10
4545.616340926367
 20
-62.44864911594778
  0
LWPOLYLINE
  5
917
330
90C
100
AcDbEntity
  8
0
 62
     0
100
AcDbPolyline
 90
       13
 70
     0
 43
0.0
 10
4559.486519960875
 20
713.4732383083683
 42
-0.1061435896453252
 10
4569.931155648883
 20
678.6511475559819
 42
-0.0242768507281142
 10
4583.464403209865
 20
247.314825144902
 42
-0.2846243103920715
 10
4573.814384232973
 20
230.3420621498444
 42
0.0462366378979418
 10
4559.313948666924
 20
220.598730428399
 42
0.2253916331033154
 10
4545.616340926367
 20
191.7561552353872
 10
4545.616340926367
 20
0.0
 10
4545.616340926367
 20
-191.7561552353945
 42
0.2253916331033154
 10
4559.313948666924
 20
-220.598730428399
 42
0.0462366378979418
 10
4573.814384232973
 20
-230.3420621498444
 42
-0.2846243103920715
 10
4583.464403209865
 20
-247.3148251448947
 42
-0.0242768507281142
 10
4569.931155648883
 20
-678.6511475559819
 42
-0.1061435896453252
 10
4559.486519960875
 20
-713.4732383083683
  0
LWPOLYLINE
  5
918
330
90C
100
AcDbEntity
  8
0
 62
     0
100
AcDbPolyline
 90
       10
 70
     1
 43
0.0
 10
1135.485431804903
 20
-736.1458417032699
 10
1291.095121697181
 20
-736.1458417032699
 42
-0.331721687893343
 10
1317.4502691503
 20
-755.7929424884132
 10
1370.486806272383
 20
-933.782263661822
 42
-0.5018152953293189
 10
1361.701757121344
 20
-945.5667639955063
 10
1294.831094193388
 20
-945.5667639955063
 42
-0.0742512555520514
 10
1213.801086984124
 20
-933.4668948593243
 42
-0.0181109572627967
 10
1144.919622068599
 20
-909.6669103207315
 42
-0.2847529648765624
 10
1119.525499085088
 20
-876.0592003474521
 10
1117.155401080206
 20
-754.837760827082
 42
-0.4199510847823265
  0
LWPOLYLINE
  5
919
330
90C
100
AcDbEntity
  8
0
 62
     0
100
AcDbPolyline
 90
        3
 70
     0
 43
0.0
 10
1338.526183758273
 20
-694.5494268044712
 10
1107.573925796576
 20
-694.5494268044712
 42
0.3246964052531223
 10
1060.445428623679
 20
-728.7612050315438
 42
1.377551814468529
  0
LWPOLYLINE
  5
91A
330
90C
100
AcDbEntity
  8
0
 62
     0
100
AcDbPolyline
 90
        6
 70
     0
 43
0.0
 10
79.36041195355937
 20
-435.8309451700115
 10
99.89722219463146
 20
-434.2287563345453
 42
-0.4379200254136971
 10
105.8848282627586
 20
-438.5552867984515
 42
0.0252011454030757
 10
145.5851205889266
 20
-668.4928458329595
 42
-0.441088609619142
 10
143.2235518114612
 20
-673.523023502421
 10
118.4360482945485
 20
-678.4668255490687
  0
LWPOLYLINE
  5
91B
330
90C
100
AcDbEntity
  8
0
 62
     0
100
AcDbPolyline
 90
        6
 70
     0
 43
0.0
 10
67.15342978529225
 20
-319.8216232094637
 10
88.99092841369565
 20
-318.3488955119392
 42
-0.4142135623730956
 10
93.87232851547741
 20
-322.6134870909591
 10
98.1302900814917
 20
-385.7502298939944
 42
-0.4019550059000454
 10
94.05759064503945
 20
-390.6146310444165
 10
74.34695023519452
 20
-392.7790667884837
  0
LWPOLYLINE
  5
91C
330
90C
100
AcDbEntity
  8
0
 62
     0
100
AcDbPolyline
 90
        6
 70
     0
 43
0.0
 10
57.87579337188799
 20
-201.8274837170466
 10
78.84962091891793
 20
-200.8673277299968
 42
-0.4142135623730951
 10
83.63781138162449
 20
-205.2363139261652
 10
86.57975945509679
 20
-269.5007796770806
 42
-0.4028298457156079
 10
82.38923522649566
 20
-274.2773075157238
 10
63.15477873168129
 20
-275.9117116086272
  0
LWPOLYLINE
  5
91D
330
90C
100
AcDbEntity
  8
0
 62
     0
100
AcDbPolyline
 90
        6
 70
     0
 43
0.0
 10
53.62740812811535
 20
-82.48290164211358
 10
74.95053733332316
 20
-82.48290164211358
 42
-0.4051655807900546
 10
79.53172005965462
 20
-86.92426761570095
 10
81.56084853807987
 20
-152.3796359446933
 42
-0.4142135623730979
 10
77.12168332035071
 20
-157.102836179627
 10
55.69715065538912
 20
-157.7670006397311
  0
LWPOLYLINE
  5
91E
330
90C
100
AcDbEntity
  8
0
 62
     0
100
AcDbPolyline
 90
        7
 70
     0
 43
0.0
 10
53.40074256512162
 20
-33.0171666715396
 10
72.50186082041182
 20
-33.0171666715396
 42
0.4142135623730933
 10
77.08524430259422
 20
-28.43378318934993
 10
77.08524430259422
 20
0.0
 10
77.08524430259422
 20
28.43378318934993
 42
0.4142135623730933
 10
72.50186082041182
 20
33.0171666715396
 10
53.40074256512162
 20
33.0171666715396
  0
LWPOLYLINE
  5
91F
330
90C
100
AcDbEntity
  8
0
 62
     0
100
AcDbPolyline
 90
        8
 70
     1
 43
0.0
 10
1652.139347323769
 20
-766.3701030491429
 10
1763.942521892371
 20
-766.3701030491429
 42
-0.4142135623730951
 10
1768.525905374554
 20
-770.9534865313253
 10
1768.525905374554
 20
-822.7556983508474
 42
-0.4142135623730951
 10
1763.942521892371
 20
-827.3390818330298
 10
1658.892145500853
 20
-827.3390818330298
 42
-0.355334062926516
 10
1651.164438730862
 20
-821.0536315612117
 42
-0.0670017587291046
 10
1647.564908871973
 20
-770.6672750788639
 42
-0.3960279984768354
  0
LWPOLYLINE
  5
920
330
90C
100
AcDbEntity
  8
0
 62
     0
100
AcDbPolyline
 90
       13
 70
     0
 43
0.0
 10
1633.1741203903
 20
-850.0581411383027
 10
1444.318432242697
 20
-952.3711824201019
 42
-0.3907308423898623
 10
1424.689271802999
 20
-947.3905653365946
 42
-0.0534067395399675
 10
1352.05249117445
 20
-749.8662022969219
 42
-0.0234127117880133
 10
1262.148606218805
 20
-303.7402645520415
 42
-0.0385490725955386
 10
1244.989710550842
 20
-75.32626236558281
 10
1244.989710550842
 20
0.0
 10
1244.989710550842
 20
75.32626236558281
 42
-0.0385490725955386
 10
1262.148606218805
 20
303.7402645520415
 42
-0.0234127117880133
 10
1352.05249117445
 20
749.8662022969219
 42
-0.0534067395399675
 10
1424.689271802999
 20
947.3905653365873
 42
-0.3907308423898623
 10
1444.318432242697
 20
952.3711824201019
 10
1633.1741203903
 20
850.0581411383027
  0
LWPOLYLINE
  5
921
330
90C
100
AcDbEntity
  8
0
 62
     0
100
AcDbPolyline
 90
        5
 70
     0
 43
0.0
 10
1083.791658039161
 20
942.4128165073852
 42
0.1645710185410125
 10
1065.263755159532
 20
892.5292728878412
 10
1039.004072573814
 20
0.0
 10
1065.263755159532
 20
-892.5292728878339
 42
0.1645710185410125
 10
1083.791658039161
 20
-942.4128165073852
  0
LWPOLYLINE
  5
922
330
90C
100
AcDbEntity
  8
0
 62
     0
100
AcDbPolyline
 90
        4
 70
     0
 43
0.0
 10
125.2885323337759
 20
-711.9221600607415
 10
177.77870239826
 20
-709.8867953495864
 42
0.0229705419437552
 10
1169.063313570354
 20
-960.1685762836641
 42
-0.2174925093464316
 10
1214.582065268136
 20
-993.3357218418532
 42
-4.379602654696396
  0
LWPOLYLINE
  5
923
330
90C
100
AcDbEntity
  8
0
 62
     0
100
AcDbPolyline
 90
        9
 70
     0
 43
0.0
 10
285.804702990281
 20
957.1461845625526
 42
-0.2194870719860422
 10
285.7603061431218
 20
935.6027511465436
 42
0.0380576956132432
 10
248.6412997006119
 20
836.4176990518316
 42
0.0706234307109653
 10
141.2999183366919
 20
80.25223801313405
 10
141.2999183366919
 20
0.0
 10
141.2999183366919
 20
-80.25223801312677
 42
0.0706234307109653
 10
248.6412997006119
 20
-836.4176990518389
 42
0.0380576956132432
 10
285.7603061431218
 20
-935.6027511465436
 42
-0.2194870719860422
 10
285.804702990281
 20
-957.1461845625526
  0
LWPOLYLINE
  5
924
330
90C
100
AcDbEntity
  8
0
 62
     0
100
AcDbPolyline
 90
       10
 70
     1
 43
0.0
 10
4641.298334180094
 20
0.0
 10
4641.298334180094
 20
31.29805025544192
 42
-0.4142135623730951
 10
4650.465101144465
 20
40.46481721981399
 10
4651.801318754879
 20
40.46481721981399
 42
-0.4142135623730951
 10
4660.96808571925
 20
31.29805025544192
 10
4660.96808571925
 20
0.0
 10
4660.96808571925
 20
-31.29805025544192
 42
-0.4142135623730951
 10
4651.801318754879
 20
-40.46481721981399
 10
4650.465101144465
 20
-40.46481721981399
 42
-0.4142135623730951
 10
4641.298334180094
 20
-31.29805025544192
  0
LWPOLYLINE
  5
925
330
90C
100
AcDbEntity
  8
0
 62
     0
100
AcDbPolyline
 90
        4
 70
     0
 43
0.0
 10
4632.446893575914
 20
-839.490388680686
 10
4660.87041525748
 20
-891.1700221732608
 42
0.210502322051279
 10
4667.471007898536
 20
-896.2192509087982
 42
0.0641441110225083
 10
4681.061337939827
 20
-897.7195791459962
 42
2293.819800821361
  0
LWPOLYLINE
  5
926
330
90C
100
AcDbEntity
  8
0
 62
     0
100
AcDbPolyline
 90
        9
 70
     0
 43
0.0
 10
4624.352560626117
 20
987.4656218444798
 42
-0.2549217246166223
 10
4676.560415512081
 20
922.3829194713472
 10
4681.211612298414
 20
896.3583582615756
 10
4699.544062520632
 20
730.2986635843335
 10
4724.172845429122
 20
0.0
 10
4699.544062520632
 20
-730.2986635843335
 10
4681.211612298414
 20
-896.3583582615756
 10
4676.560415512081
 20
-922.3829194713472
 42
-0.2549217246166223
 10
4624.352560626117
 20
-987.4656218444798
  0
LWPOLYLINE
  5
927
330
90C
100
AcDbEntity
  8
0
 62
     0
100
AcDbPolyline
 90
       17
 70
     0
 43
0.0
 10
4532.109623300363
 20
891.549198888766
 42
-0.2242958258331258
 10
4609.162537979318
 20
872.0485891173884
 42
-0.2128399745745225
 10
4637.351964404174
 20
815.4666283852712
 10
4641.623348816247
 20
715.704174316983
 10
4704.895125063296
 20
731.6469899403673
 42
-0.0801379717276648
 10
4772.756271275858
 20
736.6091302453788
 42
-0.3537072846892862
 10
4795.428723500786
 20
714.7607926683995
 42
-0.0309997835839154
 10
4819.0
 20
334.9416117534202
 10
4819.0
 20
0.0
 10
4819.0
 20
-334.9416117534202
 42
-0.0309997835839154
 10
4795.428723500786
 20
-714.7607926683995
 42
-0.3537072846892862
 10
4772.756271275858
 20
-736.6091302453788
 42
-0.0801379717276648
 10
4704.895125063296
 20
-731.6469899403673
 10
4641.623348816247
 20
-715.704174316983
 10
4637.351964404174
 20
-815.4666283852712
 42
-0.2128399745745225
 10
4609.162537979318
 20
-872.0485891173884
 42
-0.2242958258331258
 10
4532.109623300363
 20
-891.549198888766
  0
LWPOLYLINE
  5
928
330
90C
100
AcDbEntity
  8
0
 62
     0
100
AcDbPolyline
 90
       10
 70
     1
 43
0.0
 10
4487.794378221347
 20
0.0
 10
4499.91273008415
 20
654.9914600023694
 42
-0.4088055259418065
 10
4559.486519960875
 20
713.4732383083683
 10
4583.399954124593
 20
713.4732383083683
 10
4641.623348816247
 20
715.704174316983
 10
4672.26661719194
 20
0.0
 10
4641.623348816247
 20
-715.704174316983
 10
4583.399954124593
 20
-713.4732383083683
 10
4559.486519960875
 20
-713.4732383083683
 42
-0.4088055259418065
 10
4499.91273008415
 20
-654.9914600023694
  0
LWPOLYLINE
  5
929
330
90C
100
AcDbEntity
  8
0
 62
     0
100
AcDbPolyline
 90
        8
 70
     1
 43
0.0
 10
4416.013473845269
 20
-806.0445346693231
 10
4416.013473845269
 20
-761.9777046297095
 42
-0.4142135623730951
 10
4425.18024080964
 20
-752.8109376653446
 10
4535.513114222252
 20
-752.8109376653446
 42
-0.4879769425591086
 10
4542.182655111537
 20
-761.3545103120195
 10
4530.535808431792
 20
-807.9108424181395
 42
-0.343068474291037
 10
4521.677141170999
 20
-814.8528828970738
 10
4425.214294734557
 20
-815.2112383794447
 42
-0.4153020626073677
  0
LWPOLYLINE
  5
92A
330
90C
100
AcDbEntity
  8
0
 62
     0
100
AcDbPolyline
 90
        6
 70
     0
 43
0.0
 10
1602.922904841136
 20
-711.5681660623522
 10
1792.526367707542
 20
-711.5681660623522
 10
1792.526367707542
 20
-792.5238558056007
 10
4387.195670897789
 20
-792.5238558056007
 10
4387.195670897789
 20
-722.4719107554046
 10
4583.054213546406
 20
-722.4719107554046
  0
LWPOLYLINE
  5
92B
330
90C
100
AcDbEntity
  8
0
 62
     0
100
AcDbPolyline
 90
        8
 70
     1
 43
0.0
 10
1604.230785478139
 20
-252.3799589906848
 10
1606.752119350181
 20
-316.0910325712612
 42
0.4142135623730955
 10
1628.176807532203
 20
-335.8845316092193
 10
1654.464803727926
 20
-334.8441973076406
 42
0.414213562373096
 10
1674.258302765884
 20
-313.4195091256115
 10
1671.739495651949
 20
-249.7722836822723
 42
0.4135023651556024
 10
1650.364864978473
 20
-229.976864525328
 10
1624.074342024658
 20
-230.9533506896769
 42
0.4149251174261981
  0
LWPOLYLINE
  5
92C
330
90C
100
AcDbEntity
  8
0
 62
     0
100
AcDbPolyline
 90
        6
 70
     0
 43
0.0
 10
1598.055171435335
 20
0.1221240060112905
 10
1598.055171435335
 20
-29.68767614569515
 42
0.4142135623730951
 10
1618.68039710517
 20
-50.3129018155305
 10
1649.525727531792
 20
-50.3129018155305
 42
0.4142135623730951
 10
1670.150953201621
 20
-29.68767614569515
 10
1670.150953201621
 20
0.1221240060112905
  0
LWPOLYLINE
  5
92D
330
90C
100
AcDbEntity
  8
0
 62
     0
100
AcDbPolyline
 90
       16
 70
     1
 43
0.0
 10
1942.934208086153
 20
605.7104346551205
 42
0.1087303244622993
 10
1848.671694654506
 20
585.4596344888777
 42
0.2273143400589086
 10
1771.918280853613
 20
493.5049237134226
 42
0.0630534579849353
 10
1733.243303655283
 20
179.5377791488354
 10
1733.849427927234
 20
0.0
 10
1733.243303655283
 20
-179.5377791488354
 42
0.0630534579849353
 10
1771.918280853613
 20
-493.5049237134226
 42
0.2273143400589086
 10
1848.671694654506
 20
-585.4596344888777
 42
0.1087303244622993
 10
1942.934208086153
 20
-605.7104346551205
 10
4237.651710703335
 20
-614.0600485351751
 42
0.3844149858880134
 10
4338.6661489049
 20
-522.1286834991333
 42
0.0246151479429632
 10
4355.783390352866
 20
-174.6420452566453
 10
4355.783390352866
 20
0.0
 10
4355.783390352866
 20
174.6420452566453
 42
0.0246151479429632
 10
4338.6661489049
 20
522.1286834991333
 42
0.3844149858880134
 10
4237.651710703335
 20
614.0600485351824
  0
LWPOLYLINE
  5
92E
330
90C
100
AcDbEntity
  8
0
 62
     0
100
AcDbPolyline
 90
        9
 70
     0
 43
0.0
 10
3787.213102044108
 20
-960.5199432657604
 42
-0.2206093462267978
 10
3776.676519730696
 20
-955.7389889933396
 10
3738.174782506881
 20
-910.9963187674798
 42
-0.6361130684536965
 10
3741.579470543366
 20
-903.4238876352533
 10
4532.109623300363
 20
-891.549198888766
 42
-0.3188633538281553
 10
4553.974556911824
 20
-906.5779876489759
 10
4569.142746214187
 20
-947.9681534612245
 42
-0.5186327950121288
 10
4564.87726555988
 20
-954.1284782655566
 10
3787.213102044108
 20
-960.5199432657604
  0
LWPOLYLINE
  5
92F
330
90C
100
AcDbEntity
  8
0
 62
     0
100
AcDbPolyline
 90
        8
 70
     1
 43
0.0
 10
3381.328297562206
 20
-926.2572961418477
 10
3404.711843807934
 20
-978.7960585726173
 42
-0.5424757471913813
 10
3392.168322826925
 20
-998.1372465843664
 10
2679.773325935883
 20
-999.1003732204626
 42
-0.4146097437683433
 10
2666.004578988508
 20
-985.3502353494114
 10
2666.004578988515
 20
-931.8483462825462
 42
-0.4142135623730933
 10
2679.75472943507
 20
-918.0981958359916
 10
3368.766180080384
 20
-918.0981958359911
 42
-0.2962489955667436
  0
LWPOLYLINE
  5
930
330
90C
100
AcDbEntity
  8
0
 62
     0
100
AcDbPolyline
 90
        2
 70
     0
 43
0.0
 10
2558.462466601577
 20
-1009.603081552843
 10
2558.462466601577
 20
-870.0959716338548
  0
LWPOLYLINE
  5
931
330
90C
100
AcDbEntity
  8
0
 62
     0
100
AcDbPolyline
 90
        8
 70
     0
 43
0.0
 10
1694.542031894096
 20
-1000.387210604873
 10
2434.674557621391
 20
-999.4318593107818
 42
0.4138174919340301
 10
2448.406111567132
 20
-985.6817214397306
 10
2448.406111567132
 20
-931.8483462825462
 42
0.4142135623730968
 10
2434.655961120578
 20
-918.0981958359916
 10
1715.968294830178
 20
-918.0981958359916
 10
1579.907390712054
 20
-984.847991238108
 42
0.7560534897842465
 10
1580.672770079829
 20
-1000.387210604873
  0
LWPOLYLINE
  5
932
330
90C
100
AcDbEntity
  8
0
 62
     0
100
AcDbPolyline
 90
        7
 70
     0
 43
0.0
 10
1460.904150098154
 20
-1009.217634738677
 10
1672.491067821298
 20
-907.0861596287068
 42
-0.1117347769084376
 10
1682.347352944962
 20
-904.8078856222419
 10
3502.504439706005
 20
-896.5679156287437
 42
-0.1917100392677811
 10
3518.282027138957
 20
-902.7640117679979
 10
3605.299406120932
 20
-984.3236791850499
 42
-0.4351482884946227
 10
3603.918100656541
 20
-1004.008481712204
 42
-0.4138705536036586
  0
LWPOLYLINE
  5
933
330
90C
100
AcDbEntity
  8
0
 62
     0
100
AcDbPolyline
 90
       12
 70
     0
 43
0.0
 10
3566.998953452778
 20
-862.9878294034638
 10
1662.397343979297
 20
-876.1751351884086
 10
1442.433097605208
 20
-985.2936621525659
 42
-0.1156367849892922
 10
1440.396252495353
 20
-985.7711150285103
 10
1381.301442010124
 20
-985.7711150285103
 42
0.4142135623730951
 10
1373.968028438627
 20
-993.1045286000081
 10
1373.968028438627
 20
-996.1136158704103
 42
0.4142135623730951
 10
1381.301442010124
 20
-1003.447029441908
 10
1427.29686172257
 20
-1003.447029441908
 10
1436.180121957586
 20
-1008.315241783522
 42
0.125990992023828
 10
1439.704455716295
 20
-1009.217634738677
 10
1546.373138020492
 20
-1009.217634738677
  0
LWPOLYLINE
  5
934
330
90C
100
AcDbEntity
  8
0
 62
     0
100
AcDbPolyline
 90
       17
 70
     0
 43
0.0
 10
1701.748480872083
 20
-1009.603081552843
 10
3530.547181543967
 20
-1009.603081552842
 42
0.0682343060744367
 10
3660.794254020191
 20
-991.7452999235315
 42
0.6090754275048309
 10
3665.920759628265
 20
-966.9836312377734
 10
3566.998953452778
 20
-862.9878294034638
 10
4517.098852467279
 20
-851.2269940420519
 42
0.3989081231601842
 10
4580.414351342973
 20
-789.6347115951138
 42
0.0032459364785244
 10
4599.227656375609
 20
-229.4559411583177
 10
4599.227656375609
 20
0.0
 10
4599.227656375609
 20
229.4559411583104
 42
0.0032459364785244
 10
4580.414351342973
 20
789.6347115951138
 42
0.3989081231601842
 10
4517.098852467279
 20
851.2269940420519
 10
3566.998953452778
 20
862.9878294034647
 10
3665.920759628265
 20
966.9836312377743
 42
0.6090754275048309
 10
3660.794254020191
 20
991.7452999235324
 42
0.0682343060744367
 10
3530.547181543967
 20
1009.603081552843
 10
1701.748480872083
 20
1009.603081552843
  0
LWPOLYLINE
  5
935
330
90C
100
AcDbEntity
  8
0
 62
     0
100
AcDbPolyline
 90
        2
 70
     0
 43
0.0
 10
1593.470533926796
 20
-1041.621545160262
 10
1585.003069404993
 20
-1019.359916370282
  0
LWPOLYLINE
  5
936
330
90C
100
AcDbEntity
  8
0
 62
     0
100
AcDbPolyline
 90
        2
 70
     0
 43
0.0
 10
1626.890366952328
 20
-1028.083459971152
 10
1598.461275522379
 20
-1060.601200816316
  0
LWPOLYLINE
  5
937
330
90C
100
AcDbEntity
  8
0
 62
     0
100
AcDbPolyline
 90
        6
 70
     0
 43
0.0
 10
1692.471289671099
 20
-1226.263862062427
 10
1675.288885017893
 20
-1231.148445603816
 42
-0.3914094372854382
 10
1658.638374701557
 20
-1222.707593110586
 10
1594.107238534838
 20
-1048.872200289625
 42
-0.2744595386383634
 10
1596.624250656401
 20
-1035.061708016525
 10
1610.285118601001
 20
-1019.359916370282
  0
LWPOLYLINE
  5
938
330
90C
100
AcDbEntity
  8
0
 62
     0
100
AcDbPolyline
 90
        8
 70
     0
 43
0.0
 10
1637.336518707241
 20
-1019.359916370282
 10
1632.715664361233
 20
-1021.893381834845
 42
0.3672603256957239
 10
1626.356598471837
 20
-1038.517479831404
 10
1694.248159227587
 20
-1231.309651808638
 42
0.4142135623730968
 10
1711.784828570431
 20
-1239.711943339251
 10
1741.305151767636
 20
-1229.316392548382
 42
0.4097607586124592
 10
1749.775480444754
 20
-1211.977727683203
 10
1684.752616894475
 20
-1017.951418944692
  0
LWPOLYLINE
  5
939
330
90C
100
AcDbEntity
  8
0
 62
     0
100
AcDbPolyline
 90
        9
 70
     0
 43
0.0
 10
1543.845885473012
 20
-1000.387210604873
 10
1694.542031894096
 20
-1000.387210604873
 10
1702.056380798618
 20
-1005.671566006494
 42
-0.5699480462473395
 10
1701.748480872083
 20
-1009.603081552843
 10
1684.752616894475
 20
-1017.951418944692
 42
-0.1146436839308221
 10
1678.690419437029
 20
-1019.359916370282
 10
1574.697053885815
 20
-1019.359916370282
 42
-0.197359598585097
 10
1543.334629215998
 20
-1006.478836784918
 42
-0.4677946820448439
 10
1543.845885473012
 20
-1000.387210604873
 42
-1.546328126208505
  0
LWPOLYLINE
  5
93A
330
90C
100
AcDbEntity
  8
0
 62
     0
100
AcDbPolyline
 90
        5
 70
     0
 43
0.0
 10
3569.176210134152
 20
-1008.058807267698
 42
0.2123064178000609
 10
3640.223083348588
 20
-1036.302458991507
 10
4340.569425480302
 20
-1036.302458991507
 42
0.168977129737224
 10
4407.264407830182
 20
-1013.100102461467
 42
0.2149602656016423
 10
4419.150800941439
 20
-990.141755329234
  0
LWPOLYLINE
  5
93B
330
90C
100
AcDbEntity
  8
0
 62
     0
100
AcDbPolyline
 90
        4
 70
     0
 43
0.0
 10
4781.797850355426
 20
-734.0512392683304
 10
4763.665462812961
 20
-944.3477919598954
 42
-0.3892403314205031
 10
4718.001057305111
 20
-986.2443073774702
 10
3624.417839280752
 20
-1000.411134656947
  0
LWPOLYLINE
  5
93C
330
90C
100
AcDbEntity
  8
0
 62
     0
100
AcDbPolyline
 90
        8
 70
     0
 43
0.0
 10
3566.998953452778
 20
862.9878294034647
 10
1662.397343979297
 20
876.1751351884159
 42
0.312021503682894
 10
1633.1741203903
 20
850.0581411383027
 42
0.0592118686739147
 10
1541.402636210114
 20
77.833490582183
 10
1541.402636210114
 20
0.0
 10
1541.402636210114
 20
-77.833490582183
 42
0.0592118686739147
 10
1633.1741203903
 20
-850.0581411383027
 42
0.312021503682894
 10
1662.397343979297
 20
-876.1751351884086
  0
LWPOLYLINE
  5
93D
330
90C
100
AcDbEntity
  8
0
 62
     0
100
AcDbPolyline
 90
        5
 70
     0
 43
0.0
 10
250.9120611651597
 20
398.7479679514872
 42
0.0205708002743953
 10
233.4984168184746
 20
60.74142325061984
 10
233.4984168184746
 20
0.0
 10
233.4984168184746
 20
-60.74142325061984
 42
0.0205708002743953
 10
250.9120611651597
 20
-398.7479679514872
  0
LWPOLYLINE
  5
93E
330
90C
100
AcDbEntity
  8
0
 62
     0
100
AcDbPolyline
 90
        5
 70
     0
 43
0.0
 10
283.2942459058904
 20
399.9472480863405
 42
0.0206440056060861
 10
265.7690418501152
 20
60.74142325061984
 10
265.7690418501152
 20
0.0
 10
265.7690418501152
 20
-60.74142325061984
 42
0.0206440056060861
 10
283.2942459058904
 20
-399.9472480863405
  0
LWPOLYLINE
  5
93F
330
90C
100
AcDbEntity
  8
0
 62
     0
100
AcDbPolyline
 90
        5
 70
     0
 43
0.0
 10
319.1862046681199
 20
400.330112979107
 42
0.02066737655194
 10
301.6253111064362
 20
60.74142325061984
 10
301.6253111064362
 20
0.0
 10
301.6253111064362
 20
-60.74142325061984
 42
0.02066737655194
 10
319.1862046681199
 20
-400.330112979107
  0
LWPOLYLINE
  5
940
330
90C
100
AcDbEntity
  8
0
 62
     0
100
AcDbPolyline
 90
        5
 70
     0
 43
0.0
 10
353.291406351731
 20
400.777736174532
 42
0.0206947007791161
 10
335.6887409513656
 20
60.74142325061984
 10
335.6887409513656
 20
0.0
 10
335.6887409513656
 20
-60.74142325061984
 42
0.0206947007791161
 10
353.291406351731
 20
-400.7777361745393
  0
LWPOLYLINE
  5
941
330
90C
100
AcDbEntity
  8
0
 62
     0
100
AcDbPolyline
 90
        5
 70
     0
 43
0.0
 10
385.6087055786993
 20
401.2772684571973
 42
0.0207251940541723
 10
367.9593659829988
 20
60.74142325061984
 10
367.9593659829988
 20
0.0
 10
367.9593659829988
 20
-60.74142325061984
 42
0.0207251940541723
 10
385.6087055786993
 20
-401.2772684571973
  0
LWPOLYLINE
  5
942
330
90C
100
AcDbEntity
  8
0
 62
     0
100
AcDbPolyline
 90
        5
 70
     0
 43
0.0
 10
424.2190325083356
 20
401.9702440403489
 42
0.020767496454324
 10
406.5048424592532
 20
60.74142325061984
 10
406.5048424592532
 20
0.0
 10
406.5048424592532
 20
-60.74142325061984
 42
0.020767496454324
 10
424.2190325083356
 20
-401.9702440403562
  0
LWPOLYLINE
  5
943
330
90C
100
AcDbEntity
  8
0
 62
     0
100
AcDbPolyline
 90
        5
 70
     0
 43
0.0
 10
457.4498713489011
 20
402.6505179537271
 42
0.020809024210577
 10
439.671904495648
 20
60.74142325061984
 10
439.671904495648
 20
0.0
 10
439.671904495648
 20
-60.74142325061984
 42
0.020809024210577
 10
457.4498713489011
 20
-402.6505179537198
  0
LWPOLYLINE
  5
944
330
90C
100
AcDbEntity
  8
0
 62
     0
100
AcDbPolyline
 90
        5
 70
     0
 43
0.0
 10
492.4849658316088
 20
403.4517421466298
 42
0.0208579363759475
 10
474.6317367472147
 20
60.74142325061984
 10
474.6317367472147
 20
0.0
 10
474.6317367472147
 20
-60.74142325061984
 42
0.0208579363759475
 10
492.4849658316088
 20
-403.4517421466298
  0
LWPOLYLINE
  5
945
330
90C
100
AcDbEntity
  8
0
 62
     0
100
AcDbPolyline
 90
        5
 70
     0
 43
0.0
 10
524.8324354742144
 20
404.2680812121398
 42
0.0209077722834874
 10
506.9023617788552
 20
60.74142325061984
 10
506.9023617788552
 20
0.0
 10
506.9023617788552
 20
-60.74142325061984
 42
0.0209077722834874
 10
524.8324354742144
 20
-404.2680812121398
  0
LWPOLYLINE
  5
946
330
90C
100
AcDbEntity
  8
0
 62
     0
100
AcDbPolyline
 90
        5
 70
     0
 43
0.0
 10
561.7402882704627
 20
405.28932853492
 42
0.0209701189044437
 10
543.7138502271627
 20
60.74142325061984
 10
543.7138502271627
 20
0.0
 10
543.7138502271627
 20
-60.74142325061984
 42
0.0209701189044437
 10
561.7402882704627
 20
-405.28932853492
  0
LWPOLYLINE
  5
947
330
90C
100
AcDbEntity
  8
0
 62
     0
100
AcDbPolyline
 90
       14
 70
     1
 43
0.0
 10
574.3588139101921
 20
0.0
 42
-0.0019629358401559
 10
578.1750891296178
 20
200.2982833146234
 42
-0.0178432405401898
 10
591.9023040613101
 20
376.5898849042715
 42
0.4566274953758086
 10
565.4238522553278
 20
405.396508337777
 42
-0.0053813606367307
 10
258.8801085684608
 20
399.738508907627
 42
0.3653713284510714
 10
224.9095746462554
 20
370.6402673280463
 42
0.0404955348957182
 10
202.6959971412798
 20
96.8181067466212
 10
202.6959971412798
 20
0.0
 10
202.6959971412798
 20
-96.81810674662848
 42
0.0404955348957182
 10
224.9095746462554
 20
-370.6402673280536
 42
0.3653713284510714
 10
258.8801085684608
 20
-399.738508907627
 42
-0.0053813606367307
 10
565.4238522553278
 20
-405.396508337777
 42
0.4566274953758086
 10
591.9023040613101
 20
-376.5898849042715
 42
-0.0178432405401898
 10
578.1750891296178
 20
-200.2982833146234
 42
-0.0019629358401559
  0
LWPOLYLINE
  5
948
330
90C
100
AcDbEntity
  8
0
 62
     0
100
AcDbPolyline
 90
        5
 70
     0
 43
0.0
 10
1247.379875685605
 20
-993.7190442687496
 42
-0.2447674250197451
 10
1179.115906986102
 20
-1034.915304697555
 10
470.8634837031131
 20
-1034.915304697555
 42
-0.1586364996599635
 10
414.4721642010044
 20
-1016.561990580885
 42
-0.2357515008039334
 10
389.8204475437815
 20
-969.0303066667693
 42
129.882565037953
  0
LWPOLYLINE
  5
949
330
90C
100
AcDbEntity
  8
0
 62
     0
100
AcDbPolyline
 90
        7
 70
     0
 43
0.0
 10
164.4131014524464
 20
-876.8988337621268
 10
215.3714987549247
 20
-939.8374056543252
 42
0.2476576975508315
 10
256.3881105699547
 20
-957.4042771409803
 10
285.804702990281
 20
-957.1461845625526
 42
0.0461625733298298
 10
317.7621113409405
 20
-962.9952084694668
 42
0.0202867193658799
 10
880.606328587608
 20
-990.1422314727897
 42
-0.0014293283010087
 10
1373.968028438597
 20
-995.3154620641871
 42
-0.0014293283010087
  0
LWPOLYLINE
  5
94A
330
90C
100
AcDbEntity
  8
0
 62
     0
100
AcDbPolyline
 90
       11
 70
     0
 43
0.0
 10
35.42234182035463
 20
-0.5447263372334419
 42
-0.0288005356374375
 10
48.32323459400504
 20
314.8647635775778
 42
-0.0486375434871475
 10
165.3318119589821
 20
949.1961267552833
 42
0.9556335120012848
 10
151.6737855791725
 20
952.6650770583655
 42
0.073655786649615
 10
18.33353392872959
 20
52.41770006703155
 10
18.33353392872959
 20
0.0
 10
18.33353392872959
 20
-52.41770006703155
 42
0.073655786649615
 10
151.6737855791725
 20
-952.6650770583655
 42
0.9556335120012848
 10
165.3318119589821
 20
-949.196126755276
 42
-0.0486375434871475
 10
48.32323459400504
 20
-314.8647635775778
 42
-0.0288005356374375
 10
35.42234182035463
 20
0.5447263372334419
  0
LWPOLYLINE
  5
94B
330
90C
100
AcDbEntity
  8
0
 62
     0
100
AcDbPolyline
 90
       11
 70
     0
 43
0.0
 10
53.75331748351891
 20
-0.2384624763217289
 42
-0.0288116915417044
 10
66.57990903926111
 20
313.183348689905
 42
-0.0486832800252334
 10
183.0863079193877
 20
944.5994275026896
 42
0.9730505723036317
 10
134.1273887954448
 20
957.9794374360499
 42
0.073655786649615
 10
0.0
 20
52.41770006703155
 10
0.0
 20
0.0
 10
0.0
 20
-52.41770006703155
 42
0.073655786649615
 10
134.1273887954448
 20
-957.9794374360572
 42
0.9730505723036317
 10
183.0863079193877
 20
-944.5994275026896
 42
-0.0486832800252334
 10
66.57990903926111
 20
-313.183348689905
 42
-0.0288116915417044
 10
53.75331748351891
 20
0.2384624763217289
  0
LWPOLYLINE
  5
94C
330
90C
100
AcDbEntity
  8
0
 62
     0
100
AcDbPolyline
 90
        8
 70
     1
 43
0.0
 10
170.9306792106217
 20
781.130365535726
 10
169.0284687239254
 20
781.7640151784217
 42
0.3954510419712063
 10
180.4177089189252
 20
787.0095129605543
 10
226.9682185348866
 20
901.5459937096165
 42
0.4142135623730867
 10
221.9274717101507
 20
913.4896156312533
 10
221.1012669909251
 20
913.8254060316103
 42
0.4121918532068051
 10
209.1816882003695
 20
908.84323597217
 42
0.0151633292432068
 10
165.1624158171471
 20
792.8175950786171
 42
0.4173628194798479
  0
LWPOLYLINE
  5
94D
330
90C
100
AcDbEntity
  8
0
 62
     0
100
AcDbPolyline
 90
        2
 70
     0
 43
0.0
 10
215.3714987549247
 20
939.8374056543252
 42
0.0509531487467951
 10
134.684559729576
 20
711.5578186504717
 42
3.197024223508955
  0
LWPOLYLINE
  5
94E
330
90C
100
AcDbEntity
  8
0
 62
     0
100
AcDbPolyline
 90
        7
 70
     0
 43
0.0
 10
4250.969243496955
 20
100.1598807344635
 42
-0.2775325337634555
 10
4218.942331834674
 20
80.89933029413078
 10
2559.121261798111
 20
80.89933029413078
 42
-0.3726258541287526
 10
2532.278787846135
 20
99.15735021499859
 42
-0.3726258541287526
 10
2559.121261798111
 20
117.4153701358664
 10
4218.942331834674
 20
117.4153701358664
 42
-0.2775325337634555
 10
4250.969243496955
 20
98.15481969554094
  0
LWPOLYLINE
  5
94F
330
90C
100
AcDbEntity
  8
0
 62
     0
100
AcDbPolyline
 90
        7
 70
     0
 43
0.0
 10
4250.969243496955
 20
291.3808844489904
 42
-0.2775325337634555
 10
4218.942331834674
 20
272.1203340086649
 10
2559.121261798111
 20
272.1203340086649
 42
-0.3726258541287526
 10
2532.278787846135
 20
290.3783539295328
 42
-0.3726258541287526
 10
2559.121261798111
 20
308.6363738504005
 10
4218.942331834674
 20
308.6363738504005
 42
-0.2775325337634555
 10
4250.969243496955
 20
289.3758234100678
  0
LWPOLYLINE
  5
950
330
90C
100
AcDbEntity
  8
0
 62
     0
100
AcDbPolyline
 90
        7
 70
     0
 43
0.0
 10
4250.969243496955
 20
487.3767931480688
 42
-0.2775325337634555
 10
4218.942331834674
 20
468.116242707736
 10
2559.121261798111
 20
468.116242707736
 42
-0.3726258541287526
 10
2532.278787846135
 20
486.3742626286039
 42
-0.3726258541287526
 10
2559.121261798111
 20
504.6322825494717
 10
4218.942331834674
 20
504.6322825494717
 42
-0.2775325337634555
 10
4250.969243496955
 20
485.3717321091462
  0
LWPOLYLINE
  5
951
330
90C
100
AcDbEntity
  8
0
 62
     0
100
AcDbPolyline
 90
        2
 70
     0
 43
0.0
 10
4599.227656375609
 20
193.1796471063135
 42
0.6382371194885734
 10
4545.616340926367
 20
174.2064482332571
 42
1.623826938703941
  0
LWPOLYLINE
  5
952
330
90C
100
AcDbEntity
  8
0
 62
     0
100
AcDbPolyline
 90
        5
 70
     0
 43
0.0
 10
4654.006823624157
 20
320.4431407996672
 10
4657.38276277134
 20
251.8790480787866
 42
-0.9408795465992698
 10
4636.621725134217
 20
249.5737997546967
 10
4632.784436906491
 20
318.5989385549983
 42
-0.9693294453021559
 10
4654.006823624157
 20
320.4431407996672
 42
-0.2687213445050692
  0
LWPOLYLINE
  5
953
330
90C
100
AcDbEntity
  8
0
 62
     0
100
AcDbPolyline
 90
       10
 70
     1
 43
0.0
 10
1135.485431804903
 20
736.1458417032699
 10
1291.095121697181
 20
736.1458417032699
 42
0.331721687893343
 10
1317.4502691503
 20
755.7929424884132
 10
1370.486806272383
 20
933.782263661822
 42
0.5018152953293189
 10
1361.701757121344
 20
945.5667639955063
 10
1294.831094193388
 20
945.5667639955063
 42
0.0742512555520514
 10
1213.801086984124
 20
933.4668948593243
 42
0.0181109572627967
 10
1144.919622068599
 20
909.6669103207315
 42
0.2847529648765624
 10
1119.525499085088
 20
876.0592003474448
 10
1117.155401080206
 20
754.837760827082
 42
0.4199510847823265
  0
LWPOLYLINE
  5
954
330
90C
100
AcDbEntity
  8
0
 62
     0
100
AcDbPolyline
 90
        3
 70
     0
 43
0.0
 10
1338.526183758273
 20
694.5494268044712
 10
1107.573925796576
 20
694.5494268044712
 42
-0.3246964052531223
 10
1060.445428623679
 20
728.7612050315365
 42
-1.377551814468529
  0
LWPOLYLINE
  5
955
330
90C
100
AcDbEntity
  8
0
 62
     0
100
AcDbPolyline
 90
        6
 70
     0
 43
0.0
 10
79.36041195355937
 20
435.8309451700115
 10
99.89722219463146
 20
434.2287563345453
 42
0.4379200254136971
 10
105.8848282627586
 20
438.5552867984515
 42
-0.0252011454030757
 10
145.5851205889266
 20
668.4928458329595
 42
0.441088609619142
 10
143.2235518114612
 20
673.523023502421
 10
118.4360482945485
 20
678.4668255490687
  0
LWPOLYLINE
  5
956
330
90C
100
AcDbEntity
  8
0
 62
     0
100
AcDbPolyline
 90
        6
 70
     0
 43
0.0
 10
67.15342978529225
 20
319.8216232094637
 10
88.99092841369565
 20
318.3488955119392
 42
0.4142135623730956
 10
93.87232851547741
 20
322.6134870909591
 10
98.1302900814917
 20
385.7502298939944
 42
0.4019550059000454
 10
94.05759064503945
 20
390.6146310444165
 10
74.34695023519452
 20
392.7790667884837
  0
LWPOLYLINE
  5
957
330
90C
100
AcDbEntity
  8
0
 62
     0
100
AcDbPolyline
 90
        6
 70
     0
 43
0.0
 10
57.87579337188799
 20
201.8274837170466
 10
78.84962091891793
 20
200.8673277299968
 42
0.4142135623730951
 10
83.63781138162449
 20
205.2363139261652
 10
86.57975945509679
 20
269.5007796770806
 42
0.4028298457156079
 10
82.38923522649566
 20
274.2773075157238
 10
63.15477873168129
 20
275.9117116086272
  0
LWPOLYLINE
  5
958
330
90C
100
AcDbEntity
  8
0
 62
     0
100
AcDbPolyline
 90
        6
 70
     0
 43
0.0
 10
53.62740812811535
 20
82.48290164212084
 10
74.95053733332316
 20
82.48290164212084
 42
0.4051655807900546
 10
79.53172005965462
 20
86.92426761569368
 10
81.56084853807987
 20
152.3796359446933
 42
0.4142135623730979
 10
77.12168332035071
 20
157.1028361796197
 10
55.69715065538912
 20
157.7670006397311
  0
LWPOLYLINE
  5
959
330
90C
100
AcDbEntity
  8
0
 62
     0
100
AcDbPolyline
 90
        8
 70
     1
 43
0.0
 10
1652.139347323769
 20
766.3701030491429
 10
1763.942521892371
 20
766.3701030491429
 42
0.4142135623730951
 10
1768.525905374554
 20
770.9534865313253
 10
1768.525905374554
 20
822.7556983508474
 42
0.4142135623730951
 10
1763.942521892371
 20
827.3390818330298
 10
1658.892145500853
 20
827.3390818330298
 42
0.355334062926516
 10
1651.164438730862
 20
821.0536315612117
 42
0.0670017587291046
 10
1647.564908871973
 20
770.6672750788639
 42
0.3960279984768354
  0
LWPOLYLINE
  5
95A
330
90C
100
AcDbEntity
  8
0
 62
     0
100
AcDbPolyline
 90
        4
 70
     0
 43
0.0
 10
125.2885323337759
 20
711.9221600607415
 10
177.77870239826
 20
709.8867953495864
 42
-0.0229705419437552
 10
1169.063313570354
 20
960.1685762836641
 42
0.2174925093464316
 10
1214.582065268136
 20
993.3357218418532
 42
4.379602654696396
  0
LWPOLYLINE
  5
95B
330
90C
100
AcDbEntity
  8
0
 62
     0
100
AcDbPolyline
 90
        4
 70
     0
 43
0.0
 10
4632.446893575914
 20
839.490388680686
 10
4660.87041525748
 20
891.1700221732608
 42
-0.210502322051279
 10
4667.471007898536
 20
896.2192509087982
 42
-0.0641441110225083
 10
4681.061337939827
 20
897.7195791459962
 42
-2293.819800821361
  0
LWPOLYLINE
  5
95C
330
90C
100
AcDbEntity
  8
0
 62
     0
100
AcDbPolyline
 90
        8
 70
     1
 43
0.0
 10
4416.013473845269
 20
806.0445346693159
 10
4416.013473845269
 20
761.9777046297167
 42
0.4142135623730951
 10
4425.18024080964
 20
752.8109376653446
 10
4535.513114222252
 20
752.8109376653446
 42
0.4879769425591086
 10
4542.182655111537
 20
761.3545103120195
 10
4530.535808431792
 20
807.9108424181395
 42
0.343068474291037
 10
4521.677141170999
 20
814.8528828970738
 10
4425.214294734557
 20
815.2112383794447
 42
0.4153020626073677
  0
LWPOLYLINE
  5
95D
330
90C
100
AcDbEntity
  8
0
 62
     0
100
AcDbPolyline
 90
        6
 70
     0
 43
0.0
 10
1602.922904841136
 20
711.5681660623522
 10
1792.526367707542
 20
711.5681660623522
 10
1792.526367707542
 20
792.523855805608
 10
4387.195670897789
 20
792.523855805608
 10
4387.195670897789
 20
722.4719107554046
 10
4583.054213546406
 20
722.4719107554046
  0
LWPOLYLINE
  5
95E
330
90C
100
AcDbEntity
  8
0
 62
     0
100
AcDbPolyline
 90
        8
 70
     1
 43
0.0
 10
1604.230785478139
 20
252.3799589906776
 10
1606.752119350181
 20
316.0910325712612
 42
-0.4142135623730955
 10
1628.176807532203
 20
335.8845316092193
 10
1654.464803727926
 20
334.8441973076406
 42
-0.414213562373096
 10
1674.258302765884
 20
313.4195091256115
 10
1671.739495651949
 20
249.7722836822723
 42
-0.4135023651556024
 10
1650.364864978473
 20
229.976864525328
 10
1624.074342024658
 20
230.9533506896769
 42
-0.4149251174261981
  0
LWPOLYLINE
  5
95F
330
90C
100
AcDbEntity
  8
0
 62
     0
100
AcDbPolyline
 90
        6
 70
     0
 43
0.0
 10
1598.055171435335
 20
-0.1221240060112905
 10
1598.055171435335
 20
29.68767614569515
 42
-0.4142135623730951
 10
1618.68039710517
 20
50.3129018155305
 10
1649.525727531792
 20
50.3129018155305
 42
-0.4142135623730951
 10
1670.150953201621
 20
29.68767614569515
 10
1670.150953201621
 20
-0.1221240060112905
  0
LWPOLYLINE
  5
960
330
90C
100
AcDbEntity
  8
0
 62
     0
100
AcDbPolyline
 90
        9
 70
     0
 43
0.0
 10
3787.213102044108
 20
960.5199432657613
 42
0.2206093462267978
 10
3776.676519730696
 20
955.7389889933332
 10
3738.174782506881
 20
910.9963187674734
 42
0.6361130684536965
 10
3741.579470543366
 20
903.4238876352542
 10
4532.109623300363
 20
891.549198888766
 42
0.3188633538281553
 10
4553.974556911824
 20
906.5779876489759
 10
4569.142746214187
 20
947.9681534612245
 42
0.5186327950121288
 10
4564.87726555988
 20
954.1284782655566
 10
3787.213102044108
 20
960.5199432657613
  0
LWPOLYLINE
  5
961
330
90C
100
AcDbEntity
  8
0
 62
     0
100
AcDbPolyline
 90
        8
 70
     1
 43
0.0
 10
3381.328297562206
 20
926.2572961418486
 10
3404.711843807934
 20
978.7960585726182
 42
0.5424757471913813
 10
3392.168322826925
 20
998.1372465843602
 10
2679.773325935883
 20
999.1003732204626
 42
0.4146097437683433
 10
2666.004578988508
 20
985.3502353494114
 10
2666.004578988515
 20
931.8483462825389
 42
0.4142135623730933
 10
2679.75472943507
 20
918.0981958359843
 10
3368.766180080384
 20
918.0981958359849
 42
0.2962489955667436
  0
LWPOLYLINE
  5
962
330
90C
100
AcDbEntity
  8
0
 62
     0
100
AcDbPolyline
 90
        2
 70
     0
 43
0.0
 10
2558.462466601577
 20
1009.603081552843
 10
2558.462466601577
 20
870.0959716338548
  0
LWPOLYLINE
  5
963
330
90C
100
AcDbEntity
  8
0
 62
     0
100
AcDbPolyline
 90
        8
 70
     0
 43
0.0
 10
1694.542031894096
 20
1000.387210604865
 10
2434.674557621391
 20
999.4318593107818
 42
-0.4138174919340301
 10
2448.406111567132
 20
985.6817214397233
 10
2448.406111567132
 20
931.8483462825389
 42
-0.4142135623730968
 10
2434.655961120578
 20
918.0981958359843
 10
1715.968294830178
 20
918.0981958359843
 10
1579.907390712054
 20
984.847991238108
 42
-0.7560534897842465
 10
1580.672770079829
 20
1000.387210604865
  0
LWPOLYLINE
  5
964
330
90C
100
AcDbEntity
  8
0
 62
     0
100
AcDbPolyline
 90
        7
 70
     0
 43
0.0
 10
1460.904150098154
 20
1009.217634738677
 10
1672.491067821298
 20
907.0861596287068
 42
0.1117347769084376
 10
1682.347352944962
 20
904.8078856222419
 10
3502.504439706005
 20
896.5679156287446
 42
0.1917100392677811
 10
3518.282027138957
 20
902.7640117680062
 10
3605.299406120932
 20
984.3236791850509
 42
0.4351482884946227
 10
3603.918100656541
 20
1004.008481712205
 42
0.4138705536036586
  0
LWPOLYLINE
  5
965
330
90C
100
AcDbEntity
  8
0
 62
     0
100
AcDbPolyline
 90
        2
 70
     0
 43
0.0
 10
1593.470533926796
 20
1041.621545160262
 10
1585.003069404993
 20
1019.359916370282
  0
LWPOLYLINE
  5
966
330
90C
100
AcDbEntity
  8
0
 62
     0
100
AcDbPolyline
 90
        2
 70
     0
 43
0.0
 10
1626.890366952328
 20
1028.083459971152
 10
1598.461275522379
 20
1060.601200816316
  0
LWPOLYLINE
  5
967
330
90C
100
AcDbEntity
  8
0
 62
     0
100
AcDbPolyline
 90
        6
 70
     0
 43
0.0
 10
1692.471289671099
 20
1226.263862062427
 10
1675.288885017893
 20
1231.148445603816
 42
0.3914094372854382
 10
1658.638374701557
 20
1222.707593110586
 10
1594.107238534838
 20
1048.872200289625
 42
0.2744595386383634
 10
1596.624250656401
 20
1035.061708016525
 10
1610.285118601001
 20
1019.359916370282
  0
LWPOLYLINE
  5
968
330
90C
100
AcDbEntity
  8
0
 62
     0
100
AcDbPolyline
 90
        8
 70
     0
 43
0.0
 10
1637.336518707241
 20
1019.359916370282
 10
1632.715664361233
 20
1021.893381834845
 42
-0.3672603256957239
 10
1626.356598471837
 20
1038.517479831404
 10
1694.248159227587
 20
1231.309651808638
 42
-0.4142135623730968
 10
1711.784828570431
 20
1239.711943339251
 10
1741.305151767636
 20
1229.316392548375
 42
-0.4097607586124592
 10
1749.775480444754
 20
1211.977727683203
 10
1684.752616894475
 20
1017.951418944692
  0
LWPOLYLINE
  5
969
330
90C
100
AcDbEntity
  8
0
 62
     0
100
AcDbPolyline
 90
        9
 70
     0
 43
0.0
 10
1543.845885473012
 20
1000.387210604865
 10
1694.542031894096
 20
1000.387210604865
 10
1702.056380798618
 20
1005.671566006494
 42
0.5699480462473395
 10
1701.748480872083
 20
1009.603081552843
 10
1684.752616894475
 20
1017.951418944692
 42
0.1146436839308221
 10
1678.690419437029
 20
1019.359916370282
 10
1574.697053885815
 20
1019.359916370282
 42
0.197359598585097
 10
1543.334629215998
 20
1006.478836784918
 42
0.4677946820448439
 10
1543.845885473012
 20
1000.387210604865
 42
1.546328126208505
  0
LWPOLYLINE
  5
96A
330
90C
100
AcDbEntity
  8
0
 62
     0
100
AcDbPolyline
 90
       11
 70
     0
 43
0.0
 10
1662.397343979297
 20
876.1751351884159
 10
1442.433097605208
 20
985.2936621525659
 42
0.1156367849892922
 10
1440.396252495353
 20
985.7711150285103
 10
1381.301442010124
 20
985.7711150285103
 42
-0.4142135623730951
 10
1373.968028438627
 20
993.1045286000081
 10
1373.968028438627
 20
996.1136158704103
 42
-0.4142135623730951
 10
1381.301442010124
 20
1003.447029441908
 10
1427.29686172257
 20
1003.447029441908
 10
1436.180121957586
 20
1008.315241783522
 42
-0.125990992023828
 10
1439.704455716295
 20
1009.217634738677
 10
1546.373138020492
 20
1009.217634738677
  0
LWPOLYLINE
  5
96B
330
90C
100
AcDbEntity
  8
0
 62
     0
100
AcDbPolyline
 90
        5
 70
     0
 43
0.0
 10
3569.176210134152
 20
1008.058807267699
 42
-0.2123064178000609
 10
3640.223083348588
 20
1036.302458991508
 10
4340.569425480302
 20
1036.302458991507
 42
-0.168977129737224
 10
4407.264407830182
 20
1013.100102461467
 42
-0.2149602656016423
 10
4419.150800941439
 20
990.141755329234
  0
LWPOLYLINE
  5
96C
330
90C
100
AcDbEntity
  8
0
 62
     0
100
AcDbPolyline
 90
        4
 70
     0
 43
0.0
 10
4781.797850355426
 20
734.0512392683231
 10
4763.665462812961
 20
944.3477919599027
 42
0.3892403314205031
 10
4718.001057305111
 20
986.2443073774629
 10
3624.417839280752
 20
1000.411134656948
  0
LWPOLYLINE
  5
96D
330
90C
100
AcDbEntity
  8
0
 62
     0
100
AcDbPolyline
 90
        5
 70
     0
 43
0.0
 10
1247.379875685605
 20
993.7190442687496
 42
0.2447674250197451
 10
1179.115906986102
 20
1034.915304697555
 10
470.8634837031131
 20
1034.915304697555
 42
0.1586364996599635
 10
414.4721642010044
 20
1016.561990580885
 42
0.2357515008039334
 10
389.8204475437815
 20
969.0303066667693
 42
-129.882565037953
  0
LWPOLYLINE
  5
96E
330
90C
100
AcDbEntity
  8
0
 62
     0
100
AcDbPolyline
 90
        7
 70
     0
 43
0.0
 10
164.4131014524464
 20
876.8988337621268
 10
215.3714987549247
 20
939.8374056543252
 42
-0.2476576975508315
 10
256.3881105699547
 20
957.4042771409803
 10
285.804702990281
 20
957.1461845625526
 42
-0.0461625733298298
 10
317.7621113409405
 20
962.9952084694741
 42
-0.0202867193658799
 10
880.606328587608
 20
990.1422314727897
 42
0.0014293283010087
 10
1373.968028438597
 20
995.3154620641871
 42
0.0014293283010087
  0
ENDBLK
  5
96F
330
90C
100
AcDbEntity
  8
0
100
AcDbBlockEnd
  0
BLOCK
  5
A29
330
A26
100
AcDbEntity
  8
0
100
AcDbBlockBegin
  2
A$C3B810B85
 70
     0
 10
0.0
 20
0.0
 30
0.0
  3
A$C3B810B85
  1

  0
LINE
  5
A2A
330
A26
100
AcDbEntity
  8
0
100
AcDbLine
 10
119.9999815044139
 20
678.2755031239794
 30
0.0
 11
119.9999815044139
 21
680.2550411604897
 31
0.0
  0
LINE
  5
A2B
330
A26
100
AcDbEntity
  8
0
100
AcDbLine
 10
119.9999815044139
 20
678.2755031239794
 30
0.0
 11
119.9999815044139
 21
680.2550411604897
 31
0.0
  0
LINE
  5
A2C
330
A26
100
AcDbEntity
  8
0
100
AcDbLine
 10
119.9999815044139
 20
678.2755031239794
 30
0.0
 11
119.9999815044139
 21
680.2550411604897
 31
0.0
  0
ARC
  5
A2D
330
A26
100
AcDbEntity
  8
0
100
AcDbCircle
 10
117.6783182812069
 20
79.63143849639163
 30
0.0
 40
599.6383281380421
100
AcDbArc
 50
3.456704344921858
 51
90.12773910701039
  0
LINE
  5
A2E
330
A26
100
AcDbEntity
  8
0
100
AcDbLine
 10
717.3422125321958
 20
79.26827637558744
 30
0.0
 11
119.9999815044139
 21
79.26827637558744
 31
0.0
  0
LINE
  5
A2F
330
A26
100
AcDbEntity
  8
0
100
AcDbLine
 10
119.9999815044139
 20
115.8536422297911
 30
0.0
 11
717.3422125321958
 21
115.8536422297911
 31
0.0
  0
LINE
  5
A30
330
A26
100
AcDbEntity
  8
0
100
AcDbLine
 10
644.1714808237884
 20
82.92681296063529
 30
0.0
 11
193.1707132202718
 21
82.92681296063529
 31
0.0
  0
LINE
  5
A31
330
A26
100
AcDbEntity
  8
0
100
AcDbLine
 10
644.1714808237884
 20
112.1951056447433
 30
0.0
 11
193.1707132202718
 21
112.1951056447433
 31
0.0
  0
LINE
  5
A32
330
A26
100
AcDbEntity
  8
0
100
AcDbLine
 10
119.9999815044139
 20
-0.0000163066579262
 30
0.0
 11
119.9999815044139
 21
75.60973979053961
 31
0.0
  0
LINE
  5
A33
330
A26
100
AcDbEntity
  8
0
100
AcDbLine
 10
119.9999815044139
 20
79.26827637558744
 30
0.0
 11
119.9999815044139
 21
115.8536422297911
 31
0.0
  0
LINE
  5
A34
330
A26
100
AcDbEntity
  8
0
100
AcDbLine
 10
116.3414449286792
 20
79.26827637558744
 30
0.0
 11
51.21949370625952
 21
79.26827637558744
 31
0.0
  0
ARC
  5
A35
330
A26
100
AcDbEntity
  8
0
100
AcDbCircle
 10
116.3414449286792
 20
75.60973979053961
 30
0.0
 40
3.658536585365899
100
AcDbArc
 50
0.0
 51
90.0
  0
LINE
  5
A36
330
A26
100
AcDbEntity
  8
0
100
AcDbLine
 10
51.21949370625952
 20
79.26827637558744
 30
0.0
 11
51.21949370625952
 21
82.92681296063529
 31
0.0
  0
ARC
  5
A37
330
A26
100
AcDbEntity
  8
0
100
AcDbCircle
 10
47.56095711562375
 20
82.92681296063529
 30
0.0
 40
3.658536585365899
100
AcDbArc
 50
0.0
 51
90.0
  0
LINE
  5
A38
330
A26
100
AcDbEntity
  8
0
100
AcDbLine
 10
193.1707132202718
 20
79.26827637558744
 30
0.0
 11
193.1707132202718
 21
115.8536422297911
 31
0.0
  0
LINE
  5
A39
330
A26
100
AcDbEntity
  8
0
100
AcDbLine
 10
119.9999815044139
 20
90.24388613259361
 30
0.0
 11
193.1707132202718
 21
90.24388613259361
 31
0.0
  0
LINE
  5
A3A
330
A26
100
AcDbEntity
  8
0
100
AcDbLine
 10
119.9999815044139
 20
104.8780324746476
 30
0.0
 11
193.1707132202718
 21
104.8780324746476
 31
0.0
  0
ARC
  5
A3B
330
A26
100
AcDbEntity
  8
0
100
AcDbCircle
 10
7.317054670784273
 20
79.26827637558744
 30
0.0
 40
7.317073170731699
100
AcDbArc
 50
90.0
 51
180.0
  0
LINE
  5
A3C
330
A26
100
AcDbEntity
  8
0
100
AcDbLine
 10
47.56095711562375
 20
86.58534954754577
 30
0.0
 11
7.317054670784273
 21
86.58534954754577
 31
0.0
  0
LINE
  5
A3D
330
A26
100
AcDbEntity
  8
0
100
AcDbLine
 10
-0.0000184955861187
 20
-0.0000163066579262
 30
0.0
 11
119.9999815044139
 21
-0.0000163066579262
 31
0.0
  0
LINE
  5
A3E
330
A26
100
AcDbEntity
  8
0
100
AcDbLine
 10
-0.0000184955861187
 20
79.26827637558744
 30
0.0
 11
-0.0000184955861187
 21
-0.0000163066579262
 31
0.0
  0
LINE
  5
A3F
330
A26
100
AcDbEntity
  8
0
100
AcDbLine
 10
119.9999815044139
 20
79.26827637558744
 30
0.0
 11
118.9284209502075
 21
78.19671581951843
 31
0.0
  0
CIRCLE
  5
A40
330
A26
100
AcDbEntity
  8
0
100
AcDbCircle
 10
126.0847766217921
 20
73.1472526461439
 30
0.0
 40
3.452068618475199
  0
LINE
  5
A41
330
A26
100
AcDbEntity
  8
0
100
AcDbLine
 10
131.0532320332859
 20
73.1472526461439
 30
0.0
 11
121.1163212102983
 21
73.1472526461439
 31
0.0
  0
LINE
  5
A42
330
A26
100
AcDbEntity
  8
0
100
AcDbLine
 10
126.0847766217921
 20
78.11570805577503
 30
0.0
 11
126.0847766217921
 21
68.17879723837541
 31
0.0
  0
LINE
  5
A43
330
A26
100
AcDbEntity
  8
0
100
AcDbLine
 10
644.1714808237884
 20
90.24388613259361
 30
0.0
 11
717.3422125321958
 21
90.24388613259361
 31
0.0
  0
LINE
  5
A44
330
A26
100
AcDbEntity
  8
0
100
AcDbLine
 10
644.1714808237884
 20
104.8780324746476
 30
0.0
 11
717.3422125321958
 21
104.8780324746476
 31
0.0
  0
LINE
  5
A45
330
A26
100
AcDbEntity
  8
0
100
AcDbLine
 10
644.1714808237884
 20
115.8536422297911
 30
0.0
 11
644.1714808237884
 21
79.26827637558744
 31
0.0
  0
ARC
  5
A46
330
A26
100
AcDbEntity
  8
0
100
AcDbCircle
 10
663.3550392356847
 20
71.99081298788951
 30
0.0
 40
8.7485934368295
100
AcDbArc
 50
324.9699588744996
 51
56.28861145596401
  0
ARC
  5
A47
330
A26
100
AcDbEntity
  8
0
100
AcDbCircle
 10
698.1586541202996
 20
71.99081298788951
 30
0.0
 40
8.7485934368295
100
AcDbArc
 50
123.711388544036
 51
215.0300411255003
  0
CIRCLE
  5
A48
330
A26
100
AcDbEntity
  8
0
100
AcDbCircle
 10
680.7568466779921
 20
63.01342314934299
 30
0.0
 40
10.9756097560976
  0
CIRCLE
  5
A49
330
A26
100
AcDbEntity
  8
0
100
AcDbCircle
 10
680.7568466779921
 20
132.1084954578982
 30
0.0
 40
10.9756097560976
  0
ARC
  5
A4A
330
A26
100
AcDbEntity
  8
0
100
AcDbCircle
 10
698.1586541202996
 20
123.1311056193517
 30
0.0
 40
8.7485934368295
100
AcDbArc
 50
144.9699588744996
 51
236.288611455964
  0
ARC
  5
A4B
330
A26
100
AcDbEntity
  8
0
100
AcDbCircle
 10
663.3550392356847
 20
123.1311056193517
 30
0.0
 40
8.7485934368295
100
AcDbArc
 50
303.711388544036
 51
35.03004112550037
  0
LINE
  5
A4C
330
A26
100
AcDbEntity
  8
0
100
AcDbLine
 10
717.3422125321958
 20
115.8536422297911
 30
0.0
 11
717.3422125321958
 21
79.26827637558744
 31
0.0
  0
LINE
  5
A4D
330
A26
100
AcDbEntity
  8
0
100
AcDbLine
 10
305.8536400390003
 20
79.26827637558744
 30
0.0
 11
305.8536400390003
 21
115.8536422297911
 31
0.0
  0
LINE
  5
A4E
330
A26
100
AcDbEntity
  8
0
100
AcDbLine
 10
418.5365668726299
 20
79.26827637558744
 30
0.0
 11
418.5365668726299
 21
115.8536422297911
 31
0.0
  0
LINE
  5
A4F
330
A26
100
AcDbEntity
  8
0
100
AcDbLine
 10
531.2194936988089
 20
79.26827637558744
 30
0.0
 11
531.2194936988089
 21
115.8536422297911
 31
0.0
  0
ARC
  5
A50
330
A26
100
AcDbEntity
  8
0
100
AcDbCircle
 10
117.6783182812069
 20
1278.899105786215
 30
0.0
 40
599.638328138042
100
AcDbArc
 50
269.8722608929896
 51
356.5432956550781
  0
LINE
  5
A51
330
A26
100
AcDbEntity
  8
0
100
AcDbLine
 10
717.3422125321958
 20
1279.262267908882
 30
0.0
 11
119.9999815044139
 21
1279.262267908882
 31
0.0
  0
LINE
  5
A52
330
A26
100
AcDbEntity
  8
0
100
AcDbLine
 10
119.9999815044139
 20
1242.676902054678
 30
0.0
 11
717.3422125321958
 21
1242.676902054678
 31
0.0
  0
LINE
  5
A53
330
A26
100
AcDbEntity
  8
0
100
AcDbLine
 10
644.1714808237884
 20
1275.603731321971
 30
0.0
 11
193.1707132202718
 21
1275.603731321971
 31
0.0
  0
LINE
  5
A54
330
A26
100
AcDbEntity
  8
0
100
AcDbLine
 10
644.1714808237884
 20
1246.335438641589
 30
0.0
 11
193.1707132202718
 21
1246.335438641589
 31
0.0
  0
LINE
  5
A55
330
A26
100
AcDbEntity
  8
0
100
AcDbLine
 10
119.9999815044139
 20
1358.530560591127
 30
0.0
 11
119.9999815044139
 21
1282.920804493929
 31
0.0
  0
LINE
  5
A56
330
A26
100
AcDbEntity
  8
0
100
AcDbLine
 10
119.9999815044139
 20
1279.262267908882
 30
0.0
 11
119.9999815044139
 21
1242.676902054678
 31
0.0
  0
LINE
  5
A57
330
A26
100
AcDbEntity
  8
0
100
AcDbLine
 10
116.3414449286792
 20
1279.262267908882
 30
0.0
 11
51.21949370625952
 21
1279.262267908882
 31
0.0
  0
ARC
  5
A58
330
A26
100
AcDbEntity
  8
0
100
AcDbCircle
 10
116.3414449286792
 20
1282.920804493929
 30
0.0
 40
3.658536585365899
100
AcDbArc
 50
270.0
 51
0.0
  0
LINE
  5
A59
330
A26
100
AcDbEntity
  8
0
100
AcDbLine
 10
51.21949370625952
 20
1279.262267908882
 30
0.0
 11
51.21949370625952
 21
1275.603731321971
 31
0.0
  0
ARC
  5
A5A
330
A26
100
AcDbEntity
  8
0
100
AcDbCircle
 10
47.56095711562375
 20
1275.603731321971
 30
0.0
 40
3.658536585365899
100
AcDbArc
 50
270.0
 51
0.0
  0
LINE
  5
A5B
330
A26
100
AcDbEntity
  8
0
100
AcDbLine
 10
193.1707132202718
 20
1279.262267908882
 30
0.0
 11
193.1707132202718
 21
1242.676902054678
 31
0.0
  0
LINE
  5
A5C
330
A26
100
AcDbEntity
  8
0
100
AcDbLine
 10
119.9999815044139
 20
1268.286658151875
 30
0.0
 11
193.1707132202718
 21
1268.286658151875
 31
0.0
  0
LINE
  5
A5D
330
A26
100
AcDbEntity
  8
0
100
AcDbLine
 10
119.9999815044139
 20
1253.652511811684
 30
0.0
 11
193.1707132202718
 21
1253.652511811684
 31
0.0
  0
ARC
  5
A5E
330
A26
100
AcDbEntity
  8
0
100
AcDbCircle
 10
7.317054670784273
 20
1279.262267908882
 30
0.0
 40
7.317073170731699
100
AcDbArc
 50
180.0
 51
270.0
  0
LINE
  5
A5F
330
A26
100
AcDbEntity
  8
0
100
AcDbLine
 10
47.56095711562375
 20
1271.945194736923
 30
0.0
 11
7.317054670784273
 21
1271.945194736923
 31
0.0
  0
LINE
  5
A60
330
A26
100
AcDbEntity
  8
0
100
AcDbLine
 10
-0.0000184955861187
 20
1358.530560591127
 30
0.0
 11
119.9999815044139
 21
1358.530560591127
 31
0.0
  0
LINE
  5
A61
330
A26
100
AcDbEntity
  8
0
100
AcDbLine
 10
-0.0000184955861187
 20
1279.262267908882
 30
0.0
 11
-0.0000184955861187
 21
1358.530560591127
 31
0.0
  0
LINE
  5
A62
330
A26
100
AcDbEntity
  8
0
100
AcDbLine
 10
119.9999815044139
 20
1279.262267908882
 30
0.0
 11
118.9284209502075
 21
1280.333828466813
 31
0.0
  0
CIRCLE
  5
A63
330
A26
100
AcDbEntity
  8
0
100
AcDbCircle
 10
126.0847766217921
 20
1285.383291638325
 30
0.0
 40
3.452068618475199
  0
LINE
  5
A64
330
A26
100
AcDbEntity
  8
0
100
AcDbLine
 10
131.0532320332859
 20
1285.383291638325
 30
0.0
 11
121.1163212102983
 21
1285.383291638325
 31
0.0
  0
LINE
  5
A65
330
A26
100
AcDbEntity
  8
0
100
AcDbLine
 10
126.0847766217921
 20
1280.414836228694
 30
0.0
 11
126.0847766217921
 21
1290.351747046094
 31
0.0
  0
LINE
  5
A66
330
A26
100
AcDbEntity
  8
0
100
AcDbLine
 10
644.1714808237884
 20
1268.286658151875
 30
0.0
 11
717.3422125321958
 21
1268.286658151875
 31
0.0
  0
LINE
  5
A67
330
A26
100
AcDbEntity
  8
0
100
AcDbLine
 10
644.1714808237884
 20
1253.652511811684
 30
0.0
 11
717.3422125321958
 21
1253.652511811684
 31
0.0
  0
LINE
  5
A68
330
A26
100
AcDbEntity
  8
0
100
AcDbLine
 10
644.1714808237884
 20
1242.676902054678
 30
0.0
 11
644.1714808237884
 21
1279.262267908882
 31
0.0
  0
ARC
  5
A69
330
A26
100
AcDbEntity
  8
0
100
AcDbCircle
 10
663.3550392356847
 20
1286.53973129658
 30
0.0
 40
8.7485934368295
100
AcDbArc
 50
303.711388544036
 51
35.03004112550037
  0
ARC
  5
A6A
330
A26
100
AcDbEntity
  8
0
100
AcDbCircle
 10
698.1586541202996
 20
1286.53973129658
 30
0.0
 40
8.7485934368295
100
AcDbArc
 50
144.9699588744996
 51
236.288611455964
  0
CIRCLE
  5
A6B
330
A26
100
AcDbEntity
  8
0
100
AcDbCircle
 10
680.7568466779921
 20
1295.517121135126
 30
0.0
 40
10.9756097560976
  0
CIRCLE
  5
A6C
330
A26
100
AcDbEntity
  8
0
100
AcDbCircle
 10
680.7568466779921
 20
1226.422048828434
 30
0.0
 40
10.9756097560976
  0
ARC
  5
A6D
330
A26
100
AcDbEntity
  8
0
100
AcDbCircle
 10
698.1586541202996
 20
1235.399438665117
 30
0.0
 40
8.7485934368295
100
AcDbArc
 50
123.711388544036
 51
215.0300411255003
  0
ARC
  5
A6E
330
A26
100
AcDbEntity
  8
0
100
AcDbCircle
 10
663.3550392356847
 20
1235.399438665117
 30
0.0
 40
8.7485934368295
100
AcDbArc
 50
324.9699588744996
 51
56.28861145596401
  0
LINE
  5
A6F
330
A26
100
AcDbEntity
  8
0
100
AcDbLine
 10
717.3422125321958
 20
1242.676902054678
 30
0.0
 11
717.3422125321958
 21
1279.262267908882
 31
0.0
  0
LINE
  5
A70
330
A26
100
AcDbEntity
  8
0
100
AcDbLine
 10
305.8536400390003
 20
1279.262267908882
 30
0.0
 11
305.8536400390003
 21
1242.676902054678
 31
0.0
  0
LINE
  5
A71
330
A26
100
AcDbEntity
  8
0
100
AcDbLine
 10
418.5365668726299
 20
1279.262267908882
 30
0.0
 11
418.5365668726299
 21
1242.676902054678
 31
0.0
  0
LINE
  5
A72
330
A26
100
AcDbEntity
  8
0
100
AcDbLine
 10
531.2194936988089
 20
1279.262267908882
 30
0.0
 11
531.2194936988089
 21
1242.676902054678
 31
0.0
  0
ENDBLK
  5
A73
330
A26
100
AcDbEntity
  8
0
100
AcDbBlockEnd
  0
BLOCK
  5
A80
330
A7D
100
AcDbEntity
  8
0
100
AcDbBlockBegin
  2
A$C2F7241D3
 70
     0
 10
0.0
 20
0.0
 30
0.0
  3
A$C2F7241D3
  1

  0
ARC
  5
A81
330
A7D
100
AcDbEntity
  8
0
100
AcDbCircle
 10
-28.66320950956652
 20
69.12945576924539
 30
0.0
 40
1003.517614311532
100
AcDbArc
 50
2.905696355311578
 51
83.98835053438553
  0
ARC
  5
A82
330
A7D
100
AcDbEntity
  8
0
100
AcDbCircle
 10
80.5348188518583
 20
1006.661136859839
 30
0.0
 40
18.0670137057743
100
AcDbArc
 50
270.0
 51
90.0
  0
LINE
  5
A83
330
A7D
100
AcDbEntity
  8
0
100
AcDbLine
 10
80.5348188518583
 20
988.5941231491015
 30
0.0
 11
80.5348188518583
 21
1024.728150563125
 31
0.0
  0
LINE
  5
A84
330
A7D
100
AcDbEntity
  8
0
100
AcDbLine
 10
22.33690397208921
 20
988.5941231491015
 30
0.0
 11
22.33690397208921
 21
1024.728150563125
 31
0.0
  0
ARC
  5
A85
330
A7D
100
AcDbEntity
  8
0
100
AcDbCircle
 10
22.33690397208921
 20
1006.661136859839
 30
0.0
 40
18.0670137057743
100
AcDbArc
 50
90.0
 51
270.0
  0
LINE
  5
A86
330
A7D
100
AcDbEntity
  8
0
100
AcDbLine
 10
66.43586141197374
 20
200.0000041516468
 30
0.0
 11
76.43586141197374
 21
200.0000041516468
 31
0.0
  0
LINE
  5
A87
330
A7D
100
AcDbEntity
  8
0
100
AcDbLine
 10
36.43586141197375
 20
192.5328272374317
 30
0.0
 11
66.43586141197374
 21
192.5328272374317
 31
0.0
  0
LINE
  5
A88
330
A7D
100
AcDbEntity
  8
0
100
AcDbLine
 10
66.43586141197374
 20
937.1283473165677
 30
0.0
 11
76.43586141197374
 21
937.1283473165677
 31
0.0
  0
LINE
  5
A89
330
A7D
100
AcDbEntity
  8
0
100
AcDbLine
 10
36.43586141197375
 20
947.5945339666649
 30
0.0
 11
66.43586141197374
 21
947.5945339666649
 31
0.0
  0
LINE
  5
A8A
330
A7D
100
AcDbEntity
  8
0
100
AcDbLine
 10
66.43586141197374
 20
947.5945339666649
 30
0.0
 11
66.43586141197374
 21
192.5328272374317
 31
0.0
  0
LINE
  5
A8B
330
A7D
100
AcDbEntity
  8
0
100
AcDbLine
 10
36.43586141197375
 20
192.5328272374317
 30
0.0
 11
36.43586141197375
 21
947.5945339666649
 31
0.0
  0
LINE
  5
A8C
330
A7D
100
AcDbEntity
  8
0
100
AcDbLine
 10
26.43586141197375
 20
937.1283473165677
 30
0.0
 11
36.43586141197375
 21
937.1283473165677
 31
0.0
  0
LINE
  5
A8D
330
A7D
100
AcDbEntity
  8
0
100
AcDbLine
 10
26.43586141197375
 20
200.0000041516468
 30
0.0
 11
36.43586141197375
 21
200.0000041516468
 31
0.0
  0
LINE
  5
A8E
330
A7D
100
AcDbEntity
  8
0
100
AcDbLine
 10
26.43586141197375
 20
120.0000041516468
 30
0.0
 11
76.43586141197374
 21
120.0000041516468
 31
0.0
  0
LINE
  5
A8F
330
A7D
100
AcDbEntity
  8
0
100
AcDbLine
 10
76.43586141197374
 20
1067.128347316567
 30
0.0
 11
76.43586141197374
 21
120.0000041516468
 31
0.0
  0
LINE
  5
A90
330
A7D
100
AcDbEntity
  8
0
100
AcDbLine
 10
26.43586141197375
 20
1067.128347316567
 30
0.0
 11
76.43586141197374
 21
1067.128347316567
 31
0.0
  0
LINE
  5
A91
330
A7D
100
AcDbEntity
  8
0
100
AcDbLine
 10
26.43586141197375
 20
120.0000041516468
 30
0.0
 11
26.43586141197375
 21
1067.128347316567
 31
0.0
  0
LINE
  5
A92
330
A7D
100
AcDbEntity
  8
0
100
AcDbLine
 10
950.0000329925715
 20
0.0000041516468627
 30
0.0
 11
1000.000032994434
 21
0.0000041516468627
 31
0.0
  0
LINE
  5
A93
330
A7D
100
AcDbEntity
  8
0
100
AcDbLine
 10
0.0000329944341502
 20
0.0000041516468627
 30
0.0
 11
50.00003299257151
 21
0.0000041516468627
 31
0.0
  0
LINE
  5
A94
330
A7D
100
AcDbEntity
  8
0
100
AcDbLine
 10
26.43586141197375
 20
120.0000041516468
 30
0.0
 11
0.0000329944341502
 21
120.0000041516468
 31
0.0
  0
LINE
  5
A95
330
A7D
100
AcDbEntity
  8
0
100
AcDbLine
 10
0.0000329944341502
 20
0.0000041516468627
 30
0.0
 11
0.0000329944341502
 21
120.0000041516468
 31
0.0
  0
LINE
  5
A96
330
A7D
100
AcDbEntity
  8
0
100
AcDbLine
 10
50.00003299257151
 20
0.0000041516468627
 30
0.0
 11
50.00003299257151
 21
65.24427101183391
 31
0.0
  0
LINE
  5
A97
330
A7D
100
AcDbEntity
  8
0
100
AcDbLine
 10
26.43586141197375
 20
65.24427101183391
 30
0.0
 11
26.43586141197375
 21
120.0000041516468
 31
0.0
  0
LINE
  5
A98
330
A7D
100
AcDbEntity
  8
0
100
AcDbLine
 10
50.00003299257151
 20
65.24427101183391
 30
0.0
 11
26.43586141197375
 21
65.24427101183391
 31
0.0
  0
LINE
  5
A99
330
A7D
100
AcDbEntity
  8
0
100
AcDbLine
 10
950.0000329925715
 20
65.24427101183391
 30
0.0
 11
973.5642045750319
 21
65.24427101183391
 31
0.0
  0
LINE
  5
A9A
330
A7D
100
AcDbEntity
  8
0
100
AcDbLine
 10
973.5642045750319
 20
65.24427101183391
 30
0.0
 11
973.5642045750319
 21
120.0000041516468
 31
0.0
  0
LINE
  5
A9B
330
A7D
100
AcDbEntity
  8
0
100
AcDbLine
 10
950.0000329925715
 20
0.0000041516468627
 30
0.0
 11
950.0000329925715
 21
65.24427101183391
 31
0.0
  0
LINE
  5
A9C
330
A7D
100
AcDbEntity
  8
0
100
AcDbLine
 10
1000.000032994434
 20
0.0000041516468627
 30
0.0
 11
1000.000032994434
 21
120.0000041516468
 31
0.0
  0
LINE
  5
A9D
330
A7D
100
AcDbEntity
  8
0
100
AcDbLine
 10
973.5642045750319
 20
120.0000041516468
 30
0.0
 11
1000.000032994434
 21
120.0000041516468
 31
0.0
  0
ENDBLK
  5
A9E
330
A7D
100
AcDbEntity
  8
0
100
AcDbBlockEnd
  0
BLOCK
  5
ADB
330
AD9
100
AcDbEntity
  8
0
100
AcDbBlockBegin
  2
A$C1352
 70
     0
 10
0.0
 20
0.0
 30
0.0
  3
A$C1352
  1

  0
LWPOLYLINE
  5
22B6
330
AD9
100
AcDbEntity
  8
0
 62
     0
100
AcDbPolyline
 90
        8
 70
     1
 43
0.0
 10
0.0026870767163327
 20
0.0529944317703652
 10
0.0026870767163327
 20
0.5529944317703688
 42
-0.4142135623730951
 10
0.0526870767163334
 20
0.6029944317703695
 10
0.752687076716331
 20
0.602994431770366
 42
-0.4142135623730951
 10
0.8026870767163316
 20
0.5529944317703653
 10
0.8026870767163316
 20
0.0529944317703723
 42
-0.4142135623730951
 10
0.752687076716331
 20
0.0029944317703716
 10
0.0526870767163334
 20
0.0029944317703645
 42
-0.4142135623730966
  0
LWPOLYLINE
  5
22B7
330
AD9
100
AcDbEntity
  8
0
 62
     0
100
AcDbPolyline
 90
        8
 70
     1
 43
0.0
 10
0.0226870767163305
 20
0.0529944317703652
 10
0.0226870767163305
 20
0.5529944317703688
 42
-0.4142135623731206
 10
0.0526870767163334
 20
0.58299443177037
 10
0.752687076716331
 20
0.5829944317703664
 42
-0.4142135623731033
 10
0.7826870767163321
 20
0.5529944317703653
 10
0.7826870767163321
 20
0.0529944317703723
 42
-0.4142135623731033
 10
0.752687076716331
 20
0.0229944317703712
 10
0.0526870767163334
 20
0.0229944317703641
 42
-0.4142135623731206
  0
ENDBLK
  5
ADE
330
AD9
100
AcDbEntity
  8
0
100
AcDbBlockEnd
  0
BLOCK
  5
17D3
330
17D1
100
AcDbEntity
  8
0
370
     9
100
AcDbBlockBegin
  2
table06
 70
     0
 10
0.0
 20
0.0
 30
0.0
  3
table06
  1

  0
ENDBLK
  5
17E5
330
17D1
100
AcDbEntity
  8
0
370
     9
100
AcDbBlockEnd
  0
BLOCK
  5
17E7
330
17E6
100
AcDbEntity
  8
0
 48
70.0
100
AcDbBlockBegin
  2
1158
 70
     0
 10
0.0
 20
0.0
 30
0.0
  3
1158
  1

  0
ARC
  5
17E8
330
17E6
100
AcDbEntity
  8
0
100
AcDbCircle
 10
20.00001541054371
 20
355.7736460664164
 30
0.0
 40
20.0
100
AcDbArc
 50
90.0
 51
180.0
  0
ARC
  5
17E9
330
17E6
100
AcDbEntity
  8
0
100
AcDbCircle
 10
250.0000154105437
 20
450.2994565517147
 30
0.0
 40
450.299436730358
100
AcDbArc
 50
237.6892109756287
 51
270.0
  0
ARC
  5
17EA
330
17E6
100
AcDbEntity
  8
0
100
AcDbCircle
 10
20.00001541054371
 20
86.62706929851266
 30
0.0
 40
20.0
100
AcDbArc
 50
180.0
 51
237.6892109756287
  0
LINE
  5
17EB
330
17E6
100
AcDbEntity
  8
0
100
AcDbLine
 10
0.0000154105437105
 20
355.7736460664164
 30
0.0
 11
0.0000154105437105
 21
86.62706929851266
 31
0.0
  0
LINE
  5
17EC
330
17E6
100
AcDbEntity
  8
0
100
AcDbLine
 10
250.0000154105437
 20
300.0000198213675
 30
0.0
 11
397.8639833936832
 21
300.0000198213675
 31
0.0
  0
ARC
  5
17ED
330
17E6
100
AcDbEntity
  8
0
100
AcDbCircle
 10
250.0000154105437
 20
450.2994565517147
 30
0.0
 40
450.299436730358
100
AcDbArc
 50
270.0
 51
302.3107890243713
  0
ARC
  5
17EE
330
17E6
100
AcDbEntity
  8
0
100
AcDbCircle
 10
250.0000154105437
 20
450.2994565517147
 30
0.0
 40
420.299436730358
100
AcDbArc
 50
270.0
 51
295.0204430139954
  0
LINE
  5
17EF
330
17E6
100
AcDbEntity
  8
0
100
AcDbLine
 10
480.0000154105437
 20
375.7736460664164
 30
0.0
 11
20.00001541054371
 21
375.7736460664164
 31
0.0
  0
ARC
  5
17F0
330
17E6
100
AcDbEntity
  8
0
100
AcDbCircle
 10
247.2526103886849
 20
266.3556279380137
 30
0.0
 40
10.01505044346
100
AcDbArc
 50
270.0
 51
90.0
  0
ARC
  5
17F1
330
17E6
100
AcDbEntity
  8
0
100
AcDbCircle
 10
247.2526103886849
 20
266.3556279380137
 30
0.0
 40
10.01505044346
100
AcDbArc
 50
90.0
 51
270.0
  0
ARC
  5
17F2
330
17E6
100
AcDbEntity
  8
0
100
AcDbCircle
 10
247.2526103886849
 20
266.3556279380137
 30
0.0
 40
16.66181569842116
100
AcDbArc
 50
90.0
 51
270.0
  0
ARC
  5
17F3
330
17E6
100
AcDbEntity
  8
0
100
AcDbCircle
 10
247.2526103886849
 20
266.3556279380137
 30
0.0
 40
16.66181569842116
100
AcDbArc
 50
270.0
 51
90.0
  0
LWPOLYLINE
  5
17F4
330
17E6
100
AcDbEntity
  8
0
100
AcDbPolyline
 90
        2
 70
     0
 43
0.0
 10
275.152610388679
 20
266.3556279380137
 10
219.3526103886761
 20
266.3556279380137
  0
LWPOLYLINE
  5
17F5
330
17E6
100
AcDbEntity
  8
0
100
AcDbPolyline
 90
        2
 70
     0
 43
0.0
 10
247.2526103886849
 20
238.4556279380195
 10
247.2526103886849
 20
288.9250947350665
  0
LINE
  5
17F6
330
17E6
100
AcDbEntity
  8
0
100
AcDbLine
 10
60.81970991328853
 20
89.77986024737765
 30
0.0
 11
82.25902760084863
 21
282.2145362052834
 31
0.0
  0
ARC
  5
17F7
330
17E6
100
AcDbEntity
  8
0
100
AcDbCircle
 10
80.69672973984415
 20
87.5653438634472
 30
0.0
 40
20.0
100
AcDbArc
 50
173.6428424551825
 51
244.9795569860047
  0
ARC
  5
17F8
330
17E6
100
AcDbEntity
  8
0
100
AcDbCircle
 10
102.1360474274042
 20
280.0000198213675
 30
0.0
 40
20.0
100
AcDbArc
 50
90.0
 51
173.6428424551825
  0
LINE
  5
17F9
330
17E6
100
AcDbEntity
  8
0
100
AcDbLine
 10
250.0000154105437
 20
300.0000198213675
 30
0.0
 11
102.1360474274042
 21
300.0000198213675
 31
0.0
  0
ARC
  5
17FA
330
17E6
100
AcDbEntity
  8
0
100
AcDbCircle
 10
250.0000154105437
 20
450.2994565517147
 30
0.0
 40
420.299436730358
100
AcDbArc
 50
244.9795569860047
 51
270.0
  0
ARC
  5
17FB
330
17E6
100
AcDbEntity
  8
0
100
AcDbCircle
 10
480.0000154105437
 20
355.7736460664164
 30
0.0
 40
20.0
100
AcDbArc
 50
0.0
 51
90.0
  0
LINE
  5
17FC
330
17E6
100
AcDbEntity
  8
0
100
AcDbLine
 10
439.1803209077843
 20
89.77986024737765
 30
0.0
 11
417.7410032202387
 21
282.2145362052834
 31
0.0
  0
ARC
  5
17FD
330
17E6
100
AcDbEntity
  8
0
100
AcDbCircle
 10
480.0000154105437
 20
86.62706929851266
 30
0.0
 40
20.0
100
AcDbArc
 50
302.3107890243713
 51
0.0
  0
ARC
  5
17FE
330
17E6
100
AcDbEntity
  8
0
100
AcDbCircle
 10
419.3033010812286
 20
87.5653438634472
 30
0.0
 40
20.0
100
AcDbArc
 50
295.0204430139954
 51
6.357157544817448
  0
LINE
  5
17FF
330
17E6
100
AcDbEntity
  8
0
100
AcDbLine
 10
500.0000154105436
 20
355.7736460664164
 30
0.0
 11
500.0000154105436
 21
86.62706929851266
 31
0.0
  0
ARC
  5
1800
330
17E6
100
AcDbEntity
  8
0
100
AcDbCircle
 10
397.8639833936832
 20
280.0000198213675
 30
0.0
 40
20.0
100
AcDbArc
 50
6.357157544817448
 51
90.0
  0
ENDBLK
  5
1801
330
17E6
100
AcDbEntity
  8
0
 48
70.0
100
AcDbBlockEnd
  0
BLOCK
  5
1803
330
1802
100
AcDbEntity
  8
0
100
AcDbBlockBegin
  2
s_riho
 70
     0
 10
0.0
 20
0.0
 30
0.0
  3
s_riho
  1

  0
LINE
  5
1804
330
1802
100
AcDbEntity
  8
0
100
AcDbLine
 10
-0.0000000000009095
 20
1399.999999999993
 30
0.0
 11
0.0
 21
-0.0036047472021892
 31
0.0
  0
LINE
  5
1805
330
1802
100
AcDbEntity
  8
0
100
AcDbLine
 10
900.0
 20
481.1759029043387
 30
0.0
 11
900.0
 21
-0.0036047472021892
 31
0.0
  0
LINE
  5
1806
330
1802
100
AcDbEntity
  8
0
100
AcDbLine
 10
-0.0000000000009095
 20
0.0
 30
0.0
 11
900.0
 21
0.0000000002983143
 31
0.0
  0
LINE
  5
1807
330
1802
100
AcDbEntity
  8
0
100
AcDbLine
 10
-0.0000000000009095
 20
1400.0
 30
0.0
 11
150.0000000000127
 21
1400.000000000044
 31
0.0
  0
ARC
  5
1808
330
1802
100
AcDbEntity
  8
0
100
AcDbCircle
 10
-94.45030716515885
 20
434.9550105635353
 30
0.0
 40
995.5238743042071
100
AcDbArc
 50
2.661125958331901
 51
75.78569510635931
  0
CIRCLE
  5
1809
330
1802
100
AcDbEntity
  8
0
100
AcDbCircle
 10
590.0
 20
890.0000000001965
 30
0.0
 40
39.51756817727255
  0
ELLIPSE
  5
180A
330
1802
100
AcDbEntity
  8
0
100
AcDbEllipse
 10
462.0832956018366
 20
695.9688567826888
 30
0.0
 11
287.149657437007
 21
-577.5552564333643
 31
0.0
210
0.0
220
0.0
230
1.0
 40
0.4883720930232558
 41
0.0
 42
6.283185307179586
  0
ELLIPSE
  5
180B
330
1802
100
AcDbEntity
  8
0
100
AcDbEllipse
 10
422.8542944443561
 20
776.3195739055518
 30
0.0
 11
233.7264653557034
 21
-470.1031157015757
 31
0.0
210
0.0
220
0.0
230
1.0
 40
0.5523809523809524
 41
0.0
 42
6.283185307179586
  0
ARC
  5
180C
330
1802
100
AcDbEntity
  8
0
100
AcDbCircle
 10
204.5106674064955
 20
244.6013450910395
 30
0.0
 40
163.9697333148797
100
AcDbArc
 50
162.7960992944405
 51
286.8988383965793
  0
ARC
  5
180D
330
1802
100
AcDbEntity
  8
0
100
AcDbCircle
 10
204.5106674064955
 20
244.6013450910395
 30
0.0
 40
138.9697333148797
100
AcDbArc
 50
162.7960992944405
 51
286.8988383965793
  0
ARC
  5
180E
330
1802
100
AcDbEntity
  8
0
100
AcDbCircle
 10
-2691.095655209032
 20
682.6214502071016
 30
0.0
 40
2766.532137621387
100
AcDbArc
 50
351.9059726523345
 51
5.806210778969973
  0
ARC
  5
180F
330
1802
100
AcDbEntity
  8
0
100
AcDbCircle
 10
-2691.095655209032
 20
682.6214502071016
 30
0.0
 40
2791.532137621387
100
AcDbArc
 50
351.9059726523345
 51
1.585699713960653
  0
ARC
  5
1810
330
1802
100
AcDbEntity
  8
0
100
AcDbCircle
 10
529.7746691904294
 20
-1945.012021579598
 30
0.0
 40
2051.591772310275
100
AcDbArc
 50
86.02724027406901
 51
97.77654433322737
  0
ARC
  5
1811
330
1802
100
AcDbEntity
  8
0
100
AcDbCircle
 10
529.7746691904294
 20
-1945.012021579598
 30
0.0
 40
2076.591772310275
100
AcDbArc
 50
89.24613594069748
 51
97.77654433322737
  0
ENDBLK
  5
1812
330
1802
100
AcDbEntity
  8
0
100
AcDbBlockEnd
  0
BLOCK
  5
1D9B
330
1D98
100
AcDbEntity
  8
0
 62
     2
 48
10.0
370
     9
100
AcDbBlockBegin
  2
v1
 70
     0
 10
0.0
 20
0.0
 30
0.0
  3
v1
  1

  0
ENDBLK
  5
1DA0
330
1D98
100
AcDbEntity
  8
0
 62
     2
 48
10.0
370
     9
100
AcDbBlockEnd
  0
BLOCK
  5
2189
330
2186
100
AcDbEntity
  8
0
 62
     2
 48
10.0
370
     9
100
AcDbBlockBegin
  2
1150
 70
     0
 10
0.0
 20
0.0
 30
0.0
  3
1150
  1

  4
1
  0
LINE
  5
218A
330
2186
100
AcDbEntity
  8
0
 62
     0
100
AcDbLine
 10
1.20191817358136
 20
1083.012602166156
 30
0.0
 11
1501.201918173581
 21
1083.012602166156
 31
0.0
1001
AcDbBlockRepETag
1070
     1
1071
      202
1005
218A
  0
ARC
  5
218B
330
2186
100
AcDbEntity
  8
0
 62
     0
100
AcDbCircle
 10
1438.183681864291
 20
-1856.707278764923
 30
0.0
 40
2539.917490229966
100
AcDbArc
 50
88.5511593271719
 51
124.4879180563785
1001
AcDbBlockRepETag
1070
     1
1071
      203
1005
218B
  0
ARC
  5
218C
330
2186
100
AcDbEntity
  8
0
 62
     0
100
AcDbCircle
 10
594.5781597979366
 20
-163.5067613191204
 30
0.0
 40
942.6084139860595
100
AcDbArc
 50
306.9312554906931
 51
344.3865663334894
1001
AcDbBlockRepETag
1070
     1
1071
      205
1005
218C
  0
ARC
  5
218D
330
2186
100
AcDbEntity
  8
0
 62
     0
100
AcDbCircle
 10
1421.073713045376
 20
-836.8591926387743
 30
0.0
 40
80.12820512820512
100
AcDbArc
 50
270.0
 51
0.0
1001
AcDbBlockRepETag
1070
     1
1071
      206
1005
218D
  0
ARC
  5
218E
330
2186
100
AcDbEntity
  8
0
 62
     0
100
AcDbCircle
 10
1551.915076572448
 20
337.0527508341475
 30
0.0
 40
348.8765415323434
100
AcDbArc
 50
98.15874409387475
 51
171.7728647357231
1001
AcDbBlockRepETag
1070
     1
1071
      210
1005
218E
  0
LINE
  5
218F
330
2186
100
AcDbEntity
  8
0
 62
     0
100
AcDbLine
 10
1501.201918173581
 20
1083.012602166156
 30
0.0
 11
1501.201918173581
 21
-836.8591926387743
 31
0.0
1001
AcDbBlockRepETag
1070
     1
1071
      211
1005
218F
  0
CIRCLE
  5
2190
330
2186
100
AcDbEntity
  8
0
 62
     0
100
AcDbCircle
 10
1758.337219256907
 20
844.1561338164612
 30
0.0
 40
130.2083333333333
1001
AcDbBlockRepETag
1070
     1
1071
      212
1005
2190
  0
CIRCLE
  5
2191
330
2186
100
AcDbEntity
  8
0
 62
     0
100
AcDbCircle
 10
1758.337219256907
 20
844.1561338164612
 30
0.0
 40
90.14423076923078
1001
AcDbBlockRepETag
1070
     1
1071
      213
1005
2191
  0
LINE
  5
2192
330
2186
100
AcDbEntity
  8
0
 62
     0
100
AcDbLine
 10
1876.953548390418
 20
962.7724631362363
 30
0.0
 11
1639.720889378339
 21
725.539804496686
 31
0.0
1001
AcDbBlockRepETag
1070
     1
1071
      214
1005
2192
  0
LINE
  5
2193
330
2186
100
AcDbEntity
  8
0
 62
     0
100
AcDbLine
 10
1876.953548390418
 20
962.7724631362363
 30
0.0
 11
1639.720889378339
 21
725.539804496686
 31
0.0
1001
AcDbBlockRepETag
1070
     1
1071
      215
1005
2193
  0
LINE
  5
2194
330
2186
100
AcDbEntity
  8
0
 62
     0
100
AcDbLine
 10
1873.810199845582
 20
728.6831528552576
 30
0.0
 11
1636.577540833503
 21
965.9158116810722
 31
0.0
1001
AcDbBlockRepETag
1070
     1
1071
      216
1005
2194
  0
LINE
  5
2195
330
2186
100
AcDbEntity
  8
0
 62
     0
100
AcDbLine
 10
1873.810199845582
 20
728.6831528552576
 30
0.0
 11
1636.577540833503
 21
965.9158116810722
 31
0.0
1001
AcDbBlockRepETag
1070
     1
1071
      217
1005
2195
  0
LINE
  5
2196
330
2186
100
AcDbEntity
  8
0
 62
     0
100
AcDbLine
 10
2010.254145611078
 20
1083.012602166156
 30
0.0
 11
2010.254145611078
 21
582.2113201626343
 31
0.0
1001
AcDbBlockRepETag
1070
     1
1071
      218
1005
2196
  0
LINE
  5
2197
330
2186
100
AcDbEntity
  8
0
 62
     0
100
AcDbLine
 10
1960.17401759699
 20
1032.932473779539
 30
0.0
 11
1960.17401759699
 21
632.291448176722
 31
0.0
1001
AcDbBlockRepETag
1070
     1
1071
      219
1005
2197
  0
LINE
  5
2198
330
2186
100
AcDbEntity
  8
0
 62
     0
100
AcDbLine
 10
1509.452863235027
 20
582.2113201626343
 30
0.0
 11
1509.452863235027
 21
1083.012602166156
 31
0.0
1001
AcDbBlockRepETag
1070
     1
1071
      220
1005
2198
  0
LINE
  5
2199
330
2186
100
AcDbEntity
  8
0
 62
     0
100
AcDbLine
 10
2010.254145611078
 20
582.2113201626343
 30
0.0
 11
1509.452863235027
 21
582.2113201626343
 31
0.0
1001
AcDbBlockRepETag
1070
     1
1071
      221
1005
2199
  0
LINE
  5
219A
330
2186
100
AcDbEntity
  8
0
 62
     0
100
AcDbLine
 10
1960.17401759699
 20
632.291448176722
 30
0.0
 11
1559.53299273923
 21
632.291448176722
 31
0.0
1001
AcDbBlockRepETag
1070
     1
1071
      222
1005
219A
  0
LINE
  5
219B
330
2186
100
AcDbEntity
  8
0
 62
     0
100
AcDbLine
 10
1509.452863235027
 20
1083.012602166156
 30
0.0
 11
2010.254145611078
 21
1083.012602166156
 31
0.0
1001
AcDbBlockRepETag
1070
     1
1071
      223
1005
219B
  0
LINE
  5
219C
330
2186
100
AcDbEntity
  8
0
 62
     0
100
AcDbLine
 10
1559.53299273923
 20
1032.932473779539
 30
0.0
 11
1960.17401759699
 21
1032.932473779539
 31
0.0
1001
AcDbBlockRepETag
1070
     1
1071
      224
1005
219C
  0
LINE
  5
219D
330
2186
100
AcDbEntity
  8
0
 62
     0
100
AcDbLine
 10
1.20191817358136
 20
-836.8591926387743
 30
0.0
 11
1.20191817358136
 21
1083.012602166156
 31
0.0
1001
AcDbBlockRepETag
1070
     1
1071
      227
1005
219D
  0
LINE
  5
219E
330
2186
100
AcDbEntity
  8
0
 62
     0
100
AcDbLine
 10
1422.27563579753
 20
-916.9873978338436
 30
0.0
 11
80.12820054963231
 21
-916.9873978338436
 31
0.0
1001
AcDbBlockRepETag
1070
     1
1071
      237
1005
219E
  0
ARC
  5
219F
330
2186
100
AcDbEntity
  8
0
 62
     0
100
AcDbCircle
 10
-155.480512779206
 20
-3056.279955185135
 30
0.0
 40
2391.013645913135
100
AcDbArc
 50
63.47274631757769
 51
86.27159528616617
1001
AcDbBlockRepETag
1070
     1
1071
      241
1005
219F
  0
LINE
  5
21A0
330
2186
100
AcDbEntity
  8
0
 62
     0
100
AcDbLine
 10
1322.526662249118
 20
-755.3558760649757
 30
0.0
 11
1322.526662249118
 21
-755.3558760649757
 31
0.0
1001
AcDbBlockRepETag
1070
     1
1071
      280
1005
21A0
  0
LINE
  5
21A1
330
2186
100
AcDbEntity
  8
0
 62
     0
100
AcDbLine
 10
1475.782372999936
 20
-896.5044641263084
 30
0.0
 11
1475.774275708944
 21
-896.4963679529027
 31
0.0
1001
AcDbBlockRepETag
1070
     1
1071
      291
1005
21A1
  0
ARC
  5
21A2
330
2186
100
AcDbEntity
  8
0
 62
     0
100
AcDbCircle
 10
81.33012330178649
 20
-836.8591926387743
 30
0.0
 40
80.12820512820512
100
AcDbArc
 50
180.0
 51
270.0
1001
AcDbBlockRepETag
1070
     1
1071
      848
1005
21A2
  0
LINE
  5
21A3
330
2186
100
AcDbEntity
  8
0
 62
     0
100
AcDbLine
 10
-0.9826300553977487
 20
-790.0257344684797
 30
0.0
 11
-0.9826300553977487
 21
-790.0257344684797
 31
0.0
1001
AcDbBlockRepETag
1070
     1
1071
      932
1005
21A3
  0
LINE
  5
21A4
330
2186
100
AcDbEntity
  8
0
 62
     0
100
AcDbLine
 10
128.8400316722691
 20
1032.596164443414
 30
0.0
 11
656.2589021511374
 21
1032.596164443414
 31
0.0
1001
AcDbBlockRepETag
1070
     1
1071
     1373
1005
21A4
  0
LINE
  5
21A5
330
2186
100
AcDbEntity
  8
0
 62
     0
100
AcDbLine
 10
137.7793351300061
 20
1005.778255746583
 30
0.0
 11
647.3196001835167
 21
1005.778255746583
 31
0.0
1001
AcDbBlockRepETag
1070
     1
1071
     1374
1005
21A5
  0
LINE
  5
21A6
330
2186
100
AcDbEntity
  8
0
 62
     0
100
AcDbLine
 10
137.7793351300061
 20
996.83895284764
 30
0.0
 11
647.3196001835167
 21
996.83895284764
 31
0.0
1001
AcDbBlockRepETag
1070
     1
1071
     1375
1005
21A6
  0
LINE
  5
21A7
330
2186
100
AcDbEntity
  8
0
 62
     0
100
AcDbLine
 10
128.8400316722691
 20
710.7812604539795
 30
0.0
 11
656.2589021511374
 21
710.7812604539795
 31
0.0
1001
AcDbBlockRepETag
1070
     1
1071
     1376
1005
21A7
  0
LINE
  5
21A8
330
2186
100
AcDbEntity
  8
0
 62
     0
100
AcDbLine
 10
137.7793351300061
 20
737.5991693370743
 30
0.0
 11
647.3196001835167
 21
737.5991693370743
 31
0.0
1001
AcDbBlockRepETag
1070
     1
1071
     1377
1005
21A8
  0
LINE
  5
21A9
330
2186
100
AcDbEntity
  8
0
 62
     0
100
AcDbLine
 10
137.7793351300061
 20
746.5384722360178
 30
0.0
 11
647.3196001835167
 21
746.5384722360178
 31
0.0
1001
AcDbBlockRepETag
1070
     1
1071
     1378
1005
21A9
  0
ARC
  5
21AA
330
2186
100
AcDbEntity
  8
0
 62
     0
100
AcDbCircle
 10
837.1382879205048
 20
-1566.931974454899
 30
0.0
 40
1988.53725494147
100
AcDbArc
 50
79.29162220144188
 51
114.8965977520557
1001
AcDbBlockRepETag
1070
     1
1071
     1380
1005
21AA
  0
HATCH
  5
21AB
330
2186
100
AcDbEntity
  8
0
 62
     0
100
AcDbHatch
 10
0.0
 20
0.0
 30
0.0
210
0.0
220
0.0
230
1.0
  2
AR-SAND
 70
     0
 71
     0
 91
        1
 92
        5
 93
       10
 72
     1
 10
248.8518254943192
 20
770.5698777594371
 11
413.247170548886
 21
746.5384721185546
 72
     1
 10
413.2471697516739
 20
746.5384722360178
 11
257.1363438609988
 21
746.5384722360178
 72
     1
 10
257.1363436169922
 20
746.5384722360178
 11
233.0563935413957
 21
750.0584931204794
 72
     1
 10
233.0563942082226
 20
750.0584930785699
 11
152.1065142005681
 21
764.9539525514701
 72
     1
 10
152.1065140254795
 20
764.9539525293512
 11
124.4134082514792
 21
786.2329483709762
 72
     1
 10
124.413408536464
 20
786.2329483636423
 11
110.9614266548305
 21
813.6448312522842
 72
     1
 10
110.9614269919693
 20
813.6448311292332
 11
110.9614269919693
 21
866.3434806591832
 72
     1
 10
110.9614269919693
 20
866.3434807815356
 11
140.2088397704065
 21
806.7443331194809
 72
     1
 10
140.2088390775025
 20
806.7443330445094
 11
167.9019448515028
 21
785.4653372028843
 72
     1
 10
167.9019453115761
 20
785.4653372102181
 11
248.8518253341317
 21
770.5698777373181
 97
        0
 75
     0
 76
     1
 52
269.9999999999999
 41
19.07051282051282
 77
     0
 78
     4
 53
322.5
 43
57293.25668831543
 44
-2899.040552354534
 45
-1.126233415721682
 46
-34.44892255296963
 79
     6
 49
0.0
 49
-27.17548076923075
 49
0.0
 49
-30.39362980769227
 49
0.0
 49
-29.05273437499996
 53
352.4999999999999
 43
57293.25668831543
 44
-2899.040552354534
 45
31.64114001304977
 46
-50.45603692342837
 79
     6
 49
0.0
 49
-14.66045673076923
 49
0.0
 49
-24.49368990384618
 49
0.0
 49
-9.386268028846156
 53
32.49999999999998
 43
57271.26600389554
 44
-2899.040552354534
 45
55.67651465571332
 46
-0.1011759872143968
 79
     6
 49
0.0
 49
-8.939302884615369
 49
0.0
 49
-32.18149038461532
 49
0.0
 49
-42.01472355769225
 53
42.49999999999992
 43
57271.26600389554
 44
-2899.040552354534
 45
53.74535245554429
 46
-15.69161541874638
 79
     6
 49
0.0
 49
-4.469651442307688
 49
0.0
 49
-21.09675480769229
 49
0.0
 49
-24.13611778846152
 47
1.765021250770095
 98
        1
 10
23331.02298994735
 20
27712.04862023227
1001
AcDbBlockRepETag
1070
     1
1071
     1381
1005
21AB
  0
HATCH
  5
21AC
330
2186
100
AcDbEntity
  8
0
 62
     0
100
AcDbHatch
 10
0.0
 20
0.0
 30
0.0
210
0.0
220
0.0
230
1.0
  2
AR-SAND
 70
     0
 71
     0
 91
        3
 92
        5
 93
       10
 72
     1
 10
624.9947013445197
 20
792.6313311465782
 11
652.6878071185201
 21
813.9103269882035
 72
     1
 10
652.6878075785933
 20
813.9103269808693
 11
674.1375082600861
 21
857.6196248690829
 72
     1
 10
674.1375083215532
 20
857.6196250178618
 11
674.1375083215532
 21
793.0707724754466
 72
     1
 10
674.1375083215532
 20
793.0707723506492
 11
673.1048349458723
 21
790.9664339859738
 72
     1
 10
673.1048347540197
 20
790.9664340921445
 11
645.4117289800198
 21
769.6874382505192
 72
     1
 10
645.4117285199462
 20
769.6874380715891
 11
564.4618485122919
 21
754.7919785986888
 72
     1
 10
564.4618498273192
 20
754.7919788070721
 11
508.0008136369285
 21
746.5384722185554
 72
     1
 10
508.0008136220276
 20
746.5384722360178
 11
330.6279566828162
 21
746.5384722360178
 72
     1
 10
330.6279564388096
 20
746.5384722360178
 11
544.0448222616687
 21
777.7358718434116
 72
     1
 10
544.0448211617766
 20
777.7358716957968
 11
624.994701169431
 21
792.6313311686972
 97
        0
 92
        5
 93
       11
 72
     1
 10
616.4901787526905
 20
954.9726086341543
 11
535.5402987450361
 21
969.8680681070545
 72
     1
 10
535.5402985699472
 20
969.8680680849356
 11
394.0115858092904
 21
990.5568163292482
 72
     1
 10
394.01158561185
 20
990.5568162583513
 11
436.9867668449876
 21
996.8389528490366
 72
     1
 10
436.9867676980793
 20
996.83895284764
 11
543.295638486743
 21
996.83895284764
 72
     1
 10
543.2956384606659
 20
996.83895284764
 11
553.4050478013231
 21
995.3611536019016
 72
     1
 10
553.4050474055111
 20
995.3611536555687
 11
634.3549274131653
 21
980.4656941826689
 72
     1
 10
634.3549275882542
 20
980.4656942047875
 11
662.0480333622545
 21
959.1866983631623
 72
     1
 10
662.0480330772697
 20
959.1866983704969
 11
674.1375080915166
 21
934.5512746644672
 72
     1
 10
674.1375083215532
 20
934.5512746506136
 11
674.1375083215532
 21
872.6541557514574
 72
     1
 10
674.1375083215532
 20
872.6541557022137
 11
644.1832847185432
 21
933.6936127182562
 72
     1
 10
644.1832842417061
 20
933.6936127998633
 11
616.4901784677057
 21
954.9726086414883
 97
        0
 92
        5
 93
       11
 72
     1
 10
351.0364050157369
 20
996.83895284764
 11
394.0115862349048
 21
990.5568162569544
 72
     1
 10
394.01158561185
 20
990.5568162583513
 11
258.3290831558406
 21
970.7226703827036
 72
     1
 10
258.3290839679539
 20
970.7226705410285
 11
177.3792039602995
 21
955.8272110681283
 72
     1
 10
177.3792037852108
 20
955.8272109039828
 11
149.6860980112105
 21
934.5482150623574
 72
     1
 10
149.6860982961953
 20
934.5482150696916
 11
110.9614269742742
 21
855.636708543636
 72
     1
 10
110.9614269919693
 20
855.6367084988162
 11
110.9614269919693
 21
925.3373624021186
 72
     1
 10
110.9614269919693
 20
925.3373625361128
 11
127.5724950358271
 21
959.1866983794608
 72
     1
 10
127.5724941976368
 20
959.1866983704969
 11
155.2655999716371
 21
980.4656942121219
 72
     1
 10
155.2656004317105
 20
980.4656942047875
 11
236.2154804393649
 21
995.3611536776879
 72
     1
 10
236.2154806144535
 20
995.3611536555687
 11
246.3248899551108
 21
996.8389529010746
 72
     1
 10
246.3248895592987
 20
996.83895284764
 11
351.0364047186449
 21
996.83895284764
 97
        0
 75
     0
 76
     1
 52
269.9999999999999
 41
19.07051282051282
 77
     0
 78
     4
 53
322.5
 43
57293.25668831543
 44
-2899.040552354534
 45
-1.126233415721682
 46
-34.44892255296963
 79
     6
 49
0.0
 49
-27.17548076923075
 49
0.0
 49
-30.39362980769227
 49
0.0
 49
-29.05273437499996
 53
352.4999999999999
 43
57293.25668831543
 44
-2899.040552354534
 45
31.64114001304977
 46
-50.45603692342837
 79
     6
 49
0.0
 49
-14.66045673076923
 49
0.0
 49
-24.49368990384618
 49
0.0
 49
-9.386268028846156
 53
32.49999999999998
 43
57271.26600389554
 44
-2899.040552354534
 45
55.67651465571332
 46
-0.1011759872143968
 79
     6
 49
0.0
 49
-8.939302884615369
 49
0.0
 49
-32.18149038461532
 49
0.0
 49
-42.01472355769225
 53
42.49999999999992
 43
57271.26600389554
 44
-2899.040552354534
 45
53.74535245554429
 46
-15.69161541874638
 79
     6
 49
0.0
 49
-4.469651442307688
 49
0.0
 49
-21.09675480769229
 49
0.0
 49
-24.13611778846152
 47
1.42590286803703
 98
        3
 10
23327.22797339037
 20
27239.64876426838
 10
23135.51941310242
 20
27226.03746621392
 10
23104.24795617536
 20
27607.15466781042
1001
AcDbBlockRepETag
1070
     1
1071
     1382
1005
21AC
  0
HATCH
  5
21AD
330
2186
100
AcDbEntity
  8
0
 62
     0
100
AcDbHatch
 10
0.0
 20
0.0
 30
0.0
210
0.0
220
0.0
230
1.0
  2
AR-SAND,_O
 70
     0
 71
     0
 91
        4
 92
        5
 93
        5
 72
     1
 10
110.9614269919693
 20
917.1118565507933
 11
110.9614269919693
 21
970.0210443043616
 72
     3
 10
137.7793351300061
 20
970.0210443370744
 11
-18.96312506637611
 21
-18.96312506637611
 40
0.99999999999999
 50
45.00000000000827
 51
134.9999999999833
 73
     0
 72
     1
 10
137.7793351300061
 20
996.83895284764
 11
203.9440564718097
 21
996.83895284764
 72
     1
 10
203.9440559335053
 20
996.83895284764
 11
157.1623583175242
 21
972.8511465841439
 72
     1
 10
157.1623588092625
 20
972.8511466317575
 11
110.9614264275878
 21
917.1118564878124
 97
        0
 92
        5
 93
        5
 72
     1
 10
147.1396984644234
 20
773.1885165580313
 11
199.1133680501953
 21
746.5384721953888
 72
     1
 10
199.1133676953614
 20
746.5384722360178
 11
137.7793347369879
 21
746.5384722360178
 72
     3
 10
137.7793351300061
 20
773.3563807465834
 11
-18.96312506637205
 21
-18.96312506637203
 40
0.9999999999999847
 50
-44.99999999999999
 51
44.99999999999999
 73
     0
 72
     1
 10
110.9614269919693
 20
773.3563807465834
 11
110.9614269919693
 21
816.8359299942386
 72
     1
 10
110.9614269919693
 20
816.835930072586
 11
147.139699020423
 21
773.1885165338171
 97
        0
 92
        5
 93
        5
 72
     1
 10
647.3196001835167
 20
746.5384722360178
 11
604.6959331519901
 21
746.5384722360178
 72
     1
 10
604.6959327645597
 20
746.5384722360178
 11
633.0876829158515
 21
761.0966399934842
 72
     1
 10
633.0876821763812
 20
761.0966399916216
 11
674.1375077273696
 21
810.6213577544547
 72
     1
 10
674.1375083215532
 20
810.6213575833244
 11
674.1375083215532
 21
773.3563807168974
 72
     3
 10
647.3196001835167
 20
773.3563807465834
 11
18.96312506637592
 21
-18.96312506637593
 40
0.9999999999998646
 50
314.9999999999502
 51
404.9999999999917
 73
     0
 97
        0
 92
        5
 93
        5
 72
     1
 10
674.1375083215532
 20
970.0210443370744
 11
674.1375083215532
 21
923.3264289646177
 72
     1
 10
674.1375083215532
 20
923.3264288537904
 11
633.0876827705651
 21
972.8511466166237
 72
     1
 10
633.0876821763812
 20
972.8511466317575
 11
586.3059845604002
 21
996.8389528952538
 72
     1
 10
586.3059850521385
 20
996.83895284764
 11
647.3195995632558
 21
996.83895284764
 72
     3
 10
647.3196001835167
 20
970.0210443370744
 11
-18.96312506637787
 21
-18.96312506637787
 40
0.9999999999999497
 50
135.0000000000164
 51
224.9999999999834
 73
     0
 97
        0
 75
     1
 76
     1
 52
360.0
 41
9.535256410256408
 77
     0
 78
     4
 53
232.4999999999999
 43
57293.25668831543
 44
-2899.040552354534
 45
-17.22446127648481
 46
0.5631167078608445
 79
     6
 49
0.0
 49
-13.58774038461536
 49
0.0
 49
-15.19681490384614
 49
0.0
 49
-14.52636718749999
 53
262.5
 43
57293.25668831543
 44
-2899.040552354534
 45
-25.22801846171419
 46
-15.82057000652488
 79
     6
 49
0.0
 49
-7.330228365384612
 49
0.0
 49
-12.24684495192307
 49
0.0
 49
-4.693134014423075
 53
302.4999999999999
 43
57293.25668831543
 44
-2888.04520977207
 45
-0.0505879936072029
 46
-27.83825732785666
 79
     6
 49
0.0
 49
-4.46965144230768
 49
0.0
 49
-16.09074519230764
 49
0.0
 49
-21.0073617788461
 53
312.4999999999999
 43
57293.25668831543
 44
-2888.04520977207
 45
-7.845807709373192
 46
-26.87267622777215
 79
     6
 49
0.0
 49
-2.234825721153844
 49
0.0
 49
-10.54837740384614
 49
0.0
 49
-12.06805889423076
 47
2.27519822311004
 98
        4
 10
23117.97853355482
 20
27747.86101771973
 10
23330.81990053132
 20
27765.21676561318
 10
23350.36640634015
 20
27205.4958433517
 10
23122.32250069454
 20
27201.15677645885
1001
AcDbBlockRepETag
1070
     1
1071
     1383
1005
21AD
  0
LINE
  5
21AE
330
2186
100
AcDbEntity
  8
0
 62
     0
100
AcDbLine
 10
844.0180705972016
 20
1032.596164443414
 30
0.0
 11
1371.436940331012
 21
1032.596164443414
 31
0.0
1001
AcDbBlockRepETag
1070
     1
1071
     1390
1005
21AE
  0
LINE
  5
21AF
330
2186
100
AcDbEntity
  8
0
 62
     0
100
AcDbLine
 10
852.9573733098805
 20
1005.778255746583
 30
0.0
 11
1362.497637618333
 21
1005.778255746583
 31
0.0
1001
AcDbBlockRepETag
1070
     1
1071
     1391
1005
21AF
  0
LINE
  5
21B0
330
2186
100
AcDbEntity
  8
0
 62
     0
100
AcDbLine
 10
852.9573733098805
 20
996.83895284764
 30
0.0
 11
1362.497637618333
 21
996.83895284764
 31
0.0
1001
AcDbBlockRepETag
1070
     1
1071
     1392
1005
21B0
  0
HATCH
  5
21B1
330
2186
100
AcDbEntity
  8
0
 62
     0
100
AcDbHatch
 10
0.0
 20
0.0
 30
0.0
210
0.0
220
0.0
230
1.0
  2
AR-SAND
 70
     0
 71
     0
 91
        1
 92
        5
 93
       10
 72
     1
 10
964.0298636741936
 20
770.5698777594371
 11
1128.42520872876
 21
746.5384721185546
 72
     1
 10
1128.425208676606
 20
746.5384722360178
 11
972.3143827859312
 21
746.5384722360178
 72
     1
 10
972.3143825419247
 20
746.5384722360178
 11
948.2344324663282
 21
750.0584931204794
 72
     1
 10
948.2344323880973
 20
750.0584930785699
 11
867.2845523804426
 21
764.9539525514701
 72
     1
 10
867.284552205354
 20
764.9539525293512
 11
839.5914464313536
 21
786.2329483709762
 72
     1
 10
839.5914459712804
 20
786.2329483636423
 11
826.1394640896469
 21
813.6448312522842
 72
     1
 10
826.1394651718438
 20
813.6448311292332
 11
826.1394651718438
 21
866.3434806591832
 72
     1
 10
826.1394651718438
 20
866.3434807815356
 11
855.3868779502808
 21
806.7443331194809
 72
     1
 10
855.3868772573769
 20
806.7443330445094
 11
883.0799830313774
 21
785.4653372028843
 72
     1
 10
883.0799834914506
 20
785.4653372102181
 11
964.0298634991047
 21
770.5698777373181
 97
        0
 75
     0
 76
     1
 52
269.9999999999999
 41
19.07051282051282
 77
     0
 78
     4
 53
322.5
 43
58008.43472649527
 44
-2899.040552354534
 45
-1.126233415721682
 46
-34.44892255296963
 79
     6
 49
0.0
 49
-27.17548076923075
 49
0.0
 49
-30.39362980769227
 49
0.0
 49
-29.05273437499996
 53
352.4999999999999
 43
58008.43472649527
 44
-2899.040552354534
 45
31.64114001304977
 46
-50.45603692342837
 79
     6
 49
0.0
 49
-14.66045673076923
 49
0.0
 49
-24.49368990384618
 49
0.0
 49
-9.386268028846156
 53
32.49999999999998
 43
57986.44404207543
 44
-2899.040552354534
 45
55.67651465571332
 46
-0.1011759872143968
 79
     6
 49
0.0
 49
-8.939302884615369
 49
0.0
 49
-32.18149038461532
 49
0.0
 49
-42.01472355769225
 53
42.49999999999992
 43
57986.44404207543
 44
-2899.040552354534
 45
53.74535245554429
 46
-15.69161541874638
 79
     6
 49
0.0
 49
-4.469651442307688
 49
0.0
 49
-21.09675480769229
 49
0.0
 49
-24.13611778846152
 47
1.765021250770095
 98
        1
 10
23331.02298994735
 20
26949.19204606197
1001
AcDbBlockRepETag
1070
     1
1071
     1393
1005
21B1
  0
LINE
  5
21B2
330
2186
100
AcDbEntity
  8
0
 62
     0
100
AcDbLine
 10
844.0180705972016
 20
710.7812604539795
 30
0.0
 11
1371.436940331012
 21
710.7812604539795
 31
0.0
1001
AcDbBlockRepETag
1070
     1
1071
     1394
1005
21B2
  0
LINE
  5
21B3
330
2186
100
AcDbEntity
  8
0
 62
     0
100
AcDbLine
 10
852.9573733098805
 20
737.5991693370743
 30
0.0
 11
1362.497637618333
 21
737.5991693370743
 31
0.0
1001
AcDbBlockRepETag
1070
     1
1071
     1395
1005
21B3
  0
LINE
  5
21B4
330
2186
100
AcDbEntity
  8
0
 62
     0
100
AcDbLine
 10
852.9573733098805
 20
746.5384722360178
 30
0.0
 11
1362.497637618333
 21
746.5384722360178
 31
0.0
1001
AcDbBlockRepETag
1070
     1
1071
     1396
1005
21B4
  0
HATCH
  5
21B5
330
2186
100
AcDbEntity
  8
0
 62
     0
100
AcDbHatch
 10
0.0
 20
0.0
 30
0.0
210
0.0
220
0.0
230
1.0
  2
AR-SAND
 70
     0
 71
     0
 91
        3
 92
        5
 93
       10
 72
     1
 10
1340.172739524394
 20
792.6313311465782
 11
1367.865845298394
 21
813.9103269882035
 72
     1
 10
1367.865845758468
 20
813.9103269808693
 11
1389.31554643996
 21
857.6196248690829
 72
     1
 10
1389.315546501428
 20
857.6196250178618
 11
1389.315546501428
 21
793.0707724754466
 72
     1
 10
1389.315546501428
 20
793.0707723506492
 11
1388.282873125747
 21
790.9664339859738
 72
     1
 10
1388.282873678952
 20
790.9664340921445
 11
1360.589767904952
 21
769.6874382505192
 72
     1
 10
1360.589767444879
 20
769.6874380715891
 11
1279.639887437224
 21
754.7919785986888
 72
     1
 10
1279.639887262136
 20
754.7919788070721
 11
1223.178851071745
 21
746.5384722185554
 72
     1
 10
1223.178851056844
 20
746.5384722360178
 11
1045.805994117632
 21
746.5384722360178
 72
     1
 10
1045.805993873626
 20
746.5384722360178
 11
1259.222859696485
 21
777.7358718434116
 72
     1
 10
1259.222860086709
 20
777.7358716957968
 11
1340.172740094363
 21
792.6313311686972
 97
        0
 92
        5
 93
       11
 72
     1
 10
1331.668217677623
 20
954.9726086341543
 11
1250.718337669968
 21
969.8680681070545
 72
     1
 10
1250.71833749488
 20
969.8680680849356
 11
1109.189624720253
 21
990.5568163292482
 72
     1
 10
1109.189624536782
 20
990.5568162583513
 11
1152.16480576992
 21
996.8389528490366
 72
     1
 10
1152.164805132896
 20
996.83895284764
 11
1258.473675921559
 21
996.83895284764
 72
     1
 10
1258.47367664054
 20
996.83895284764
 11
1268.583085981197
 21
995.3611536019016
 72
     1
 10
1268.583084840327
 20
995.3611536555687
 11
1349.532964847982
 21
980.4656941826689
 72
     1
 10
1349.53296502307
 20
980.4656942047875
 11
1377.226070797071
 21
959.1866983631623
 72
     1
 10
1377.226071257144
 20
959.1866983704969
 11
1389.315546271391
 21
934.5512746644672
 72
     1
 10
1389.315546501428
 20
934.5512746506136
 11
1389.315546501428
 21
872.6541557514574
 72
     1
 10
1389.315546501428
 20
872.6541557022137
 11
1359.361322898418
 21
933.6936127182562
 72
     1
 10
1359.361322421581
 20
933.6936127998633
 11
1331.66821664758
 21
954.9726086414883
 97
        0
 92
        5
 93
       11
 72
     1
 10
1066.214443195611
 20
996.83895284764
 11
1109.189624414779
 21
990.5568162569544
 72
     1
 10
1109.189624536782
 20
990.5568162583513
 11
973.507122080773
 21
970.7226703827036
 72
     1
 10
973.5071221478284
 20
970.7226705410285
 11
892.5572421401739
 21
955.8272110681283
 72
     1
 10
892.5572419650853
 20
955.8272109039828
 11
864.8641361910849
 21
934.5482150623574
 72
     1
 10
864.8641357310118
 20
934.5482150696916
 11
826.1394644090906
 21
855.636708543636
 72
     1
 10
826.1394651718438
 20
855.6367084988162
 11
826.1394651718438
 21
925.3373624021186
 72
     1
 10
826.1394651718438
 20
925.3373625361128
 11
842.7505332157016
 21
959.1866983794608
 72
     1
 10
842.7505323775113
 20
959.1866983704969
 11
870.4436381515115
 21
980.4656942121219
 72
     1
 10
870.4436378665269
 20
980.4656942047875
 11
951.3935178741812
 21
995.3611536776879
 72
     1
 10
951.3935180492699
 20
995.3611536555687
 11
961.5029273899272
 21
996.8389529010746
 72
     1
 10
961.5029277391732
 20
996.83895284764
 11
1066.214442898519
 21
996.83895284764
 97
        0
 75
     0
 76
     1
 52
269.9999999999999
 41
19.07051282051282
 77
     0
 78
     4
 53
322.5
 43
58008.43472649527
 44
-2899.040552354534
 45
-1.126233415721682
 46
-34.44892255296963
 79
     6
 49
0.0
 49
-27.17548076923075
 49
0.0
 49
-30.39362980769227
 49
0.0
 49
-29.05273437499996
 53
352.4999999999999
 43
58008.43472649527
 44
-2899.040552354534
 45
31.64114001304977
 46
-50.45603692342837
 79
     6
 49
0.0
 49
-14.66045673076923
 49
0.0
 49
-24.49368990384618
 49
0.0
 49
-9.386268028846156
 53
32.49999999999998
 43
57986.44404207543
 44
-2899.040552354534
 45
55.67651465571332
 46
-0.1011759872143968
 79
     6
 49
0.0
 49
-8.939302884615369
 49
0.0
 49
-32.18149038461532
 49
0.0
 49
-42.01472355769225
 53
42.49999999999992
 43
57986.44404207543
 44
-2899.040552354534
 45
53.74535245554429
 46
-15.69161541874638
 79
     6
 49
0.0
 49
-4.469651442307688
 49
0.0
 49
-21.09675480769229
 49
0.0
 49
-24.13611778846152
 47
1.42590286803703
 98
        3
 10
23327.22797339037
 20
26476.79219009809
 10
23135.51941310242
 20
26463.18089204363
 10
23104.24795617536
 20
26844.29809364013
1001
AcDbBlockRepETag
1070
     1
1071
     1397
1005
21B5
  0
HATCH
  5
21B6
330
2186
100
AcDbEntity
  8
0
 62
     0
100
AcDbHatch
 10
0.0
 20
0.0
 30
0.0
210
0.0
220
0.0
230
1.0
  2
AR-SAND,_O
 70
     0
 71
     0
 91
        4
 92
        5
 93
        5
 72
     1
 10
826.1394651718438
 20
917.1118565507933
 11
826.1394651718438
 21
970.0210443043616
 72
     3
 10
852.9573733098805
 20
970.0210443370744
 11
-18.96312506637611
 21
-18.96312506637611
 40
0.99999999999999
 50
45.00000000000827
 51
134.9999999999833
 73
     0
 72
     1
 10
852.9573733098805
 20
996.83895284764
 11
919.1220946516839
 21
996.83895284764
 72
     1
 10
919.1220948584378
 20
996.83895284764
 11
872.3403972424566
 21
972.8511465841439
 72
     1
 10
872.340396989137
 20
972.8511466317575
 11
826.1394646074622
 21
917.1118564878124
 97
        0
 92
        5
 93
        5
 72
     1
 10
862.3177366442979
 20
773.1885165580313
 11
914.2914062300695
 21
746.5384721953888
 72
     1
 10
914.2914058752358
 20
746.5384722360178
 11
852.9573729168621
 21
746.5384722360178
 72
     3
 10
852.9573733098805
 20
773.3563807465834
 11
-18.96312506637205
 21
-18.96312506637203
 40
0.9999999999999847
 50
-44.99999999999999
 51
44.99999999999999
 73
     0
 72
     1
 10
826.1394651718438
 20
773.3563807465834
 11
826.1394651718438
 21
816.8359299942386
 72
     1
 10
826.1394651718438
 20
816.835930072586
 11
862.3177372002974
 21
773.1885165338171
 97
        0
 92
        5
 93
        5
 72
     1
 10
1362.497637618333
 20
746.5384722360178
 11
1319.873970586806
 21
746.5384722360178
 72
     1
 10
1319.873970944434
 20
746.5384722360178
 11
1348.265721095726
 21
761.0966399934842
 72
     1
 10
1348.265721101314
 20
761.0966399916216
 11
1389.315546652302
 21
810.6213577544547
 72
     1
 10
1389.315546501428
 20
810.6213575833244
 11
1389.315546501428
 21
773.3563807168974
 72
     3
 10
1362.497637618333
 20
773.3563807465834
 11
18.96312506637592
 21
-18.96312506637593
 40
0.9999999999998646
 50
314.9999999999502
 51
404.9999999999917
 73
     0
 97
        0
 92
        5
 93
        5
 72
     1
 10
1389.315546501428
 20
970.0210443370744
 11
1389.315546501428
 21
923.3264289646177
 72
     1
 10
1389.315546501428
 20
923.3264288537904
 11
1348.265720950439
 21
972.8511466166237
 72
     1
 10
1348.265721101314
 20
972.8511466317575
 11
1301.484023485333
 21
996.8389528952538
 72
     1
 10
1301.484023232013
 20
996.83895284764
 11
1362.49763774313
 21
996.83895284764
 72
     3
 10
1362.497637618333
 20
970.0210443370744
 11
-18.96312506637787
 21
-18.96312506637787
 40
0.9999999999999497
 50
135.0000000000164
 51
224.9999999999834
 73
     0
 97
        0
 75
     1
 76
     1
 52
360.0
 41
9.535256410256408
 77
     0
 78
     4
 53
232.4999999999999
 43
58008.43472649527
 44
-2899.040552354534
 45
-17.22446127648481
 46
0.5631167078608445
 79
     6
 49
0.0
 49
-13.58774038461536
 49
0.0
 49
-15.19681490384614
 49
0.0
 49
-14.52636718749999
 53
262.5
 43
58008.43472649527
 44
-2899.040552354534
 45
-25.22801846171419
 46
-15.82057000652488
 79
     6
 49
0.0
 49
-7.330228365384612
 49
0.0
 49
-12.24684495192307
 49
0.0
 49
-4.693134014423075
 53
302.4999999999999
 43
58008.43472649527
 44
-2888.04520977207
 45
-0.0505879936072029
 46
-27.83825732785666
 79
     6
 49
0.0
 49
-4.46965144230768
 49
0.0
 49
-16.09074519230764
 49
0.0
 49
-21.0073617788461
 53
312.4999999999999
 43
58008.43472649527
 44
-2888.04520977207
 45
-7.845807709373192
 46
-26.87267622777215
 79
     6
 49
0.0
 49
-2.234825721153844
 49
0.0
 49
-10.54837740384614
 49
0.0
 49
-12.06805889423076
 47
2.27519822311004
 98
        4
 10
23117.97853355482
 20
26985.00444354944
 10
23330.81990053132
 20
27002.36019144289
 10
23350.36640634015
 20
26442.63926918141
 10
23122.32250069454
 20
26438.30020247481
1001
AcDbBlockRepETag
1070
     1
1071
     1398
1005
21B6
  0
LINE
  5
21B7
330
2186
100
AcDbEntity
  8
0
 62
     0
100
AcDbLine
 10
1425.072758097202
 20
764.41707784764
 30
0.0
 11
1425.072758097202
 21
978.9603472360175
 31
0.0
1001
AcDbBlockRepETag
1070
     1
1071
     1401
1005
21B7
  0
LINE
  5
21B8
330
2186
100
AcDbEntity
  8
0
 62
     0
100
AcDbLine
 10
1398.254849959165
 20
773.3563807465834
 30
0.0
 11
1398.254849959165
 21
970.0210443370744
 31
0.0
1001
AcDbBlockRepETag
1070
     1
1071
     1402
1005
21B8
  0
LINE
  5
21B9
330
2186
100
AcDbEntity
  8
0
 62
     0
100
AcDbLine
 10
1389.315546501428
 20
773.3563807465834
 30
0.0
 11
1389.315546501428
 21
970.0210443370744
 31
0.0
1001
AcDbBlockRepETag
1070
     1
1071
     1403
1005
21B9
  0
LINE
  5
21BA
330
2186
100
AcDbEntity
  8
0
 62
     0
100
AcDbLine
 10
1425.693383265287
 20
752.9434966527624
 30
0.0
 11
1424.146211344749
 21
754.4906678282422
 31
0.0
1001
AcDbBlockRepETag
1070
     1
1071
     1408
1005
21BA
  0
ARC
  5
21BB
330
2186
100
AcDbEntity
  8
0
 62
     0
100
AcDbCircle
 10
1371.436940331012
 20
764.41707784764
 30
0.0
 40
53.63581730769232
100
AcDbArc
 50
270.0
 51
0.0
1001
AcDbBlockRepETag
1070
     1
1071
     1411
1005
21BB
  0
ARC
  5
21BC
330
2186
100
AcDbEntity
  8
0
 62
     0
100
AcDbCircle
 10
1362.497637618333
 20
773.3563807465834
 30
0.0
 40
35.75721153846154
100
AcDbArc
 50
270.0
 51
0.0
1001
AcDbBlockRepETag
1070
     1
1071
     1412
1005
21BC
  0
ARC
  5
21BD
330
2186
100
AcDbEntity
  8
0
 62
     0
100
AcDbCircle
 10
1362.497637618333
 20
773.3563807465834
 30
0.0
 40
26.81790865384616
100
AcDbArc
 50
270.0
 51
0.0
1001
AcDbBlockRepETag
1070
     1
1071
     1413
1005
21BD
  0
ARC
  5
21BE
330
2186
100
AcDbEntity
  8
0
 62
     0
100
AcDbCircle
 10
1371.436940331012
 20
978.9603472360175
 30
0.0
 40
53.63581730769232
100
AcDbArc
 50
0.0
 51
90.0
1001
AcDbBlockRepETag
1070
     1
1071
     1428
1005
21BE
  0
ARC
  5
21BF
330
2186
100
AcDbEntity
  8
0
 62
     0
100
AcDbCircle
 10
1362.497637618333
 20
970.0210443370744
 30
0.0
 40
35.75721153846154
100
AcDbArc
 50
0.0
 51
90.0
1001
AcDbBlockRepETag
1070
     1
1071
     1429
1005
21BF
  0
ARC
  5
21C0
330
2186
100
AcDbEntity
  8
0
 62
     0
100
AcDbCircle
 10
1362.497637618333
 20
970.0210443370744
 30
0.0
 40
26.81790865384616
100
AcDbArc
 50
0.0
 51
90.0
1001
AcDbBlockRepETag
1070
     1
1071
     1430
1005
21C0
  0
LINE
  5
21C1
330
2186
100
AcDbEntity
  8
0
 62
     0
100
AcDbLine
 10
683.0768110342322
 20
773.3563807465834
 30
0.0
 11
683.0768110342322
 21
970.0210443370744
 31
0.0
1001
AcDbBlockRepETag
1070
     1
1071
     1433
1005
21C1
  0
LINE
  5
21C2
330
2186
100
AcDbEntity
  8
0
 62
     0
100
AcDbLine
 10
674.1375083215532
 20
773.3563807465834
 30
0.0
 11
674.1375083215532
 21
970.0210443370744
 31
0.0
1001
AcDbBlockRepETag
1070
     1
1071
     1434
1005
21C2
  0
LINE
  5
21C3
330
2186
100
AcDbEntity
  8
0
 62
     0
100
AcDbLine
 10
709.894719172269
 20
764.41707784764
 30
0.0
 11
709.894719172269
 21
978.9603472360175
 31
0.0
1001
AcDbBlockRepETag
1070
     1
1071
     1435
1005
21C3
  0
LINE
  5
21C4
330
2186
100
AcDbEntity
  8
0
 62
     0
100
AcDbLine
 10
790.3822528310118
 20
764.41707784764
 30
0.0
 11
790.3822528310118
 21
978.9603472360175
 31
0.0
1001
AcDbBlockRepETag
1070
     1
1071
     1436
1005
21C4
  0
LINE
  5
21C5
330
2186
100
AcDbEntity
  8
0
 62
     0
100
AcDbLine
 10
817.2001624591649
 20
773.3563807465834
 30
0.0
 11
817.2001624591649
 21
970.0210443370744
 31
0.0
1001
AcDbBlockRepETag
1070
     1
1071
     1439
1005
21C5
  0
LINE
  5
21C6
330
2186
100
AcDbEntity
  8
0
 62
     0
100
AcDbLine
 10
826.1394651718438
 20
773.3563807465834
 30
0.0
 11
826.1394651718438
 21
970.0210443370744
 31
0.0
1001
AcDbBlockRepETag
1070
     1
1071
     1440
1005
21C6
  0
ARC
  5
21C7
330
2186
100
AcDbEntity
  8
0
 62
     0
100
AcDbCircle
 10
647.3196001835167
 20
773.3563807465834
 30
0.0
 40
35.75721153846154
100
AcDbArc
 50
270.0
 51
0.0
1001
AcDbBlockRepETag
1070
     1
1071
     1441
1005
21C7
  0
ARC
  5
21C8
330
2186
100
AcDbEntity
  8
0
 62
     0
100
AcDbCircle
 10
647.3196001835167
 20
773.3563807465834
 30
0.0
 40
26.81790865384616
100
AcDbArc
 50
270.0
 51
0.0
1001
AcDbBlockRepETag
1070
     1
1071
     1442
1005
21C8
  0
ARC
  5
21C9
330
2186
100
AcDbEntity
  8
0
 62
     0
100
AcDbCircle
 10
656.2589021511374
 20
764.41707784764
 30
0.0
 40
53.63581730769232
100
AcDbArc
 50
270.0
 51
0.0
1001
AcDbBlockRepETag
1070
     1
1071
     1443
1005
21C9
  0
ARC
  5
21CA
330
2186
100
AcDbEntity
  8
0
 62
     0
100
AcDbCircle
 10
852.9573733098805
 20
773.3563807465834
 30
0.0
 40
26.81790865384616
100
AcDbArc
 50
180.0
 51
270.0
1001
AcDbBlockRepETag
1070
     1
1071
     1447
1005
21CA
  0
ARC
  5
21CB
330
2186
100
AcDbEntity
  8
0
 62
     0
100
AcDbCircle
 10
844.0180705972016
 20
764.41707784764
 30
0.0
 40
53.63581730769232
100
AcDbArc
 50
180.0
 51
270.0
1001
AcDbBlockRepETag
1070
     1
1071
     1449
1005
21CB
  0
ARC
  5
21CC
330
2186
100
AcDbEntity
  8
0
 62
     0
100
AcDbCircle
 10
852.9573733098805
 20
773.3563807465834
 30
0.0
 40
35.75721153846154
100
AcDbArc
 50
180.0
 51
270.0
1001
AcDbBlockRepETag
1070
     1
1071
     1450
1005
21CC
  0
ARC
  5
21CD
330
2186
100
AcDbEntity
  8
0
 62
     0
100
AcDbCircle
 10
656.2589021511374
 20
978.9603472360175
 30
0.0
 40
53.63581730769232
100
AcDbArc
 50
0.0
 51
90.0
1001
AcDbBlockRepETag
1070
     1
1071
     1463
1005
21CD
  0
ARC
  5
21CE
330
2186
100
AcDbEntity
  8
0
 62
     0
100
AcDbCircle
 10
647.3196001835167
 20
970.0210443370744
 30
0.0
 40
35.75721153846154
100
AcDbArc
 50
0.0
 51
90.0
1001
AcDbBlockRepETag
1070
     1
1071
     1464
1005
21CE
  0
ARC
  5
21CF
330
2186
100
AcDbEntity
  8
0
 62
     0
100
AcDbCircle
 10
647.3196001835167
 20
970.0210443370744
 30
0.0
 40
26.81790865384616
100
AcDbArc
 50
0.0
 51
90.0
1001
AcDbBlockRepETag
1070
     1
1071
     1465
1005
21CF
  0
ARC
  5
21D0
330
2186
100
AcDbEntity
  8
0
 62
     0
100
AcDbCircle
 10
852.9573733098805
 20
970.0210443370744
 30
0.0
 40
26.81790865384616
100
AcDbArc
 50
90.0
 51
180.0
1001
AcDbBlockRepETag
1070
     1
1071
     1467
1005
21D0
  0
ARC
  5
21D1
330
2186
100
AcDbEntity
  8
0
 62
     0
100
AcDbCircle
 10
844.0180705972016
 20
978.9603472360175
 30
0.0
 40
53.63581730769232
100
AcDbArc
 50
90.0
 51
180.0
1001
AcDbBlockRepETag
1070
     1
1071
     1468
1005
21D1
  0
ARC
  5
21D2
330
2186
100
AcDbEntity
  8
0
 62
     0
100
AcDbCircle
 10
852.9573733098805
 20
970.0210443370744
 30
0.0
 40
35.75721153846154
100
AcDbArc
 50
90.0
 51
180.0
1001
AcDbBlockRepETag
1070
     1
1071
     1469
1005
21D2
  0
LINE
  5
21D3
330
2186
100
AcDbEntity
  8
0
 62
     0
100
AcDbLine
 10
-505.9068871550261
 20
1083.012602166156
 30
0.0
 11
-5.105605524033308
 21
1083.012602166156
 31
0.0
1001
AcDbBlockRepETag
1070
     1
1071
     1479
1005
21D3
  0
LINE
  5
21D4
330
2186
100
AcDbEntity
  8
0
 62
     0
100
AcDbLine
 10
-5.105605524033308
 20
582.2113201626343
 30
0.0
 11
-505.9068871550261
 21
582.2113201626343
 31
0.0
1001
AcDbBlockRepETag
1070
     1
1071
     1480
1005
21D4
  0
LINE
  5
21D5
330
2186
100
AcDbEntity
  8
0
 62
     0
100
AcDbLine
 10
-55.18573353812096
 20
632.291448176722
 30
0.0
 11
-455.8267591409383
 21
632.291448176722
 31
0.0
1001
AcDbBlockRepETag
1070
     1
1071
     1481
1005
21D5
  0
CIRCLE
  5
21D6
330
2186
100
AcDbEntity
  8
0
 62
     0
100
AcDbCircle
 10
-261.9317574314773
 20
847.9051810362143
 30
0.0
 40
130.2083333333333
1001
AcDbBlockRepETag
1070
     1
1071
     1482
1005
21D6
  0
LINE
  5
21D7
330
2186
100
AcDbEntity
  8
0
 62
     0
100
AcDbLine
 10
-143.3154282979667
 20
966.5215103559892
 30
0.0
 11
-380.548087310046
 21
729.2888517164392
 31
0.0
1001
AcDbBlockRepETag
1070
     1
1071
     1483
1005
21D7
  0
LINE
  5
21D8
330
2186
100
AcDbEntity
  8
0
 62
     0
100
AcDbLine
 10
-146.4587768428027
 20
732.4322000750107
 30
0.0
 11
-383.691435109824
 21
969.664858714561
 31
0.0
1001
AcDbBlockRepETag
1070
     1
1071
     1484
1005
21D8
  0
LINE
  5
21D9
330
2186
100
AcDbEntity
  8
0
 62
     0
100
AcDbLine
 10
-140.1720790080726
 20
969.664858714561
 30
0.0
 11
-377.4047387652099
 21
732.4322000750107
 31
0.0
1001
AcDbBlockRepETag
1070
     1
1071
     1485
1005
21D9
  0
LINE
  5
21DA
330
2186
100
AcDbEntity
  8
0
 62
     0
100
AcDbLine
 10
-377.4047387652099
 20
732.4322000750107
 30
0.0
 11
-140.1720790080726
 21
969.664858714561
 31
0.0
1001
AcDbBlockRepETag
1070
     1
1071
     1486
1005
21DA
  0
CIRCLE
  5
21DB
330
2186
100
AcDbEntity
  8
0
 62
     0
100
AcDbCircle
 10
-261.9317574314773
 20
847.9051810362143
 30
0.0
 40
90.14423076923078
1001
AcDbBlockRepETag
1070
     1
1071
     1487
1005
21DB
  0
LINE
  5
21DC
330
2186
100
AcDbEntity
  8
0
 62
     0
100
AcDbLine
 10
75.20421465113759
 20
764.41707784764
 30
0.0
 11
75.20421465113759
 21
978.9603472360175
 31
0.0
1001
AcDbBlockRepETag
1070
     1
1071
     1488
1005
21DC
  0
LINE
  5
21DD
330
2186
100
AcDbEntity
  8
0
 62
     0
100
AcDbLine
 10
102.0221235342324
 20
773.3563807465834
 30
0.0
 11
102.0221235342324
 21
970.0210443370744
 31
0.0
1001
AcDbBlockRepETag
1070
     1
1071
     1489
1005
21DD
  0
LINE
  5
21DE
330
2186
100
AcDbEntity
  8
0
 62
     0
100
AcDbLine
 10
110.9614269919693
 20
773.3563807465834
 30
0.0
 11
110.9614269919693
 21
970.0210443370744
 31
0.0
1001
AcDbBlockRepETag
1070
     1
1071
     1490
1005
21DE
  0
LINE
  5
21DF
330
2186
100
AcDbEntity
  8
0
 62
     0
100
AcDbLine
 10
-5.105605524033308
 20
1083.012602166156
 30
0.0
 11
-5.105605524033308
 21
582.2113201626343
 31
0.0
1001
AcDbBlockRepETag
1070
     1
1071
     1491
1005
21DF
  0
LINE
  5
21E0
330
2186
100
AcDbEntity
  8
0
 62
     0
100
AcDbLine
 10
-55.18573353812096
 20
1032.932473779539
 30
0.0
 11
-55.18573353812096
 21
632.291448176722
 31
0.0
1001
AcDbBlockRepETag
1070
     1
1071
     1492
1005
21E0
  0
ARC
  5
21E1
330
2186
100
AcDbEntity
  8
0
 62
     0
100
AcDbCircle
 10
137.7793351300061
 20
773.3563807465834
 30
0.0
 40
35.75721153846154
100
AcDbArc
 50
180.0
 51
270.0
1001
AcDbBlockRepETag
1070
     1
1071
     1493
1005
21E1
  0
ARC
  5
21E2
330
2186
100
AcDbEntity
  8
0
 62
     0
100
AcDbCircle
 10
137.7793351300061
 20
773.3563807465834
 30
0.0
 40
26.81790865384616
100
AcDbArc
 50
180.0
 51
270.0
1001
AcDbBlockRepETag
1070
     1
1071
     1494
1005
21E2
  0
ARC
  5
21E3
330
2186
100
AcDbEntity
  8
0
 62
     0
100
AcDbCircle
 10
128.8400316722691
 20
764.41707784764
 30
0.0
 40
53.63581730769232
100
AcDbArc
 50
180.0
 51
270.0
1001
AcDbBlockRepETag
1070
     1
1071
     1495
1005
21E3
  0
ARC
  5
21E4
330
2186
100
AcDbEntity
  8
0
 62
     0
100
AcDbCircle
 10
128.8400316722691
 20
978.9603472360175
 30
0.0
 40
53.63581730769232
100
AcDbArc
 50
90.0
 51
180.0
1001
AcDbBlockRepETag
1070
     1
1071
     1498
1005
21E4
  0
ARC
  5
21E5
330
2186
100
AcDbEntity
  8
0
 62
     0
100
AcDbCircle
 10
137.7793351300061
 20
970.0210443370744
 30
0.0
 40
35.75721153846154
100
AcDbArc
 50
90.0
 51
180.0
1001
AcDbBlockRepETag
1070
     1
1071
     1499
1005
21E5
  0
ARC
  5
21E6
330
2186
100
AcDbEntity
  8
0
 62
     0
100
AcDbCircle
 10
137.7793351300061
 20
970.0210443370744
 30
0.0
 40
26.81790865384616
100
AcDbArc
 50
90.0
 51
180.0
1001
AcDbBlockRepETag
1070
     1
1071
     1500
1005
21E6
  0
LINE
  5
21E7
330
2186
100
AcDbEntity
  8
0
 62
     0
100
AcDbLine
 10
-505.9068871550261
 20
582.2113201626343
 30
0.0
 11
-505.9068871550261
 21
1083.012602166156
 31
0.0
1001
AcDbBlockRepETag
1070
     1
1071
     1501
1005
21E7
  0
LINE
  5
21E8
330
2186
100
AcDbEntity
  8
0
 62
     0
100
AcDbLine
 10
-455.8267591409383
 20
632.291448176722
 30
0.0
 11
-55.18573353812096
 21
632.291448176722
 31
0.0
1001
AcDbBlockRepETag
1070
     1
1071
     1502
1005
21E8
  0
LINE
  5
21E9
330
2186
100
AcDbEntity
  8
0
 62
     0
100
AcDbLine
 10
-55.18573353812096
 20
632.291448176722
 30
0.0
 11
-55.18573353812096
 21
1032.932473779539
 31
0.0
1001
AcDbBlockRepETag
1070
     1
1071
     1503
1005
21E9
  0
LINE
  5
21EA
330
2186
100
AcDbEntity
  8
0
 62
     0
100
AcDbLine
 10
-55.18573353812096
 20
1032.932473779539
 30
0.0
 11
-455.8267591409383
 21
1032.932473779539
 31
0.0
1001
AcDbBlockRepETag
1070
     1
1071
     1504
1005
21EA
  0
LINE
  5
21EB
330
2186
100
AcDbEntity
  8
0
 62
     0
100
AcDbLine
 10
-455.8267591409383
 20
1032.932473779539
 30
0.0
 11
-455.8267591409383
 21
632.291448176722
 31
0.0
1001
AcDbBlockRepETag
1070
     1
1071
     1505
1005
21EB
  0
LINE
  5
21EC
330
2186
100
AcDbEntity
  8
0
 62
     0
100
AcDbLine
 10
-465.8427847437558
 20
622.2754225739045
 30
0.0
 11
-45.16970868036151
 21
622.2754225739045
 31
0.0
1001
AcDbBlockRepETag
1070
     1
1071
     1506
1005
21EC
  0
LINE
  5
21ED
330
2186
100
AcDbEntity
  8
0
 62
     0
100
AcDbLine
 10
-45.16970868036151
 20
622.2754225739045
 30
0.0
 11
-45.16970868036151
 21
1042.948499382357
 31
0.0
1001
AcDbBlockRepETag
1070
     1
1071
     1507
1005
21ED
  0
LINE
  5
21EE
330
2186
100
AcDbEntity
  8
0
 62
     0
100
AcDbLine
 10
-45.16970868036151
 20
1042.948499382357
 30
0.0
 11
-465.8427847437558
 21
1042.948499382357
 31
0.0
1001
AcDbBlockRepETag
1070
     1
1071
     1508
1005
21EE
  0
LINE
  5
21EF
330
2186
100
AcDbEntity
  8
0
 62
     0
100
AcDbLine
 10
-465.8427847437558
 20
1042.948499382357
 30
0.0
 11
-465.8427847437558
 21
622.2754225739045
 31
0.0
1001
AcDbBlockRepETag
1070
     1
1071
     1509
1005
21EF
  0
LINE
  5
21F0
330
2186
100
AcDbEntity
  8
0
 62
     0
100
AcDbLine
 10
1559.53299273923
 20
632.291448176722
 30
0.0
 11
1960.17401759699
 21
632.291448176722
 31
0.0
1001
AcDbBlockRepETag
1070
     1
1071
     1510
1005
21F0
  0
LINE
  5
21F1
330
2186
100
AcDbEntity
  8
0
 62
     0
100
AcDbLine
 10
1960.17401759699
 20
632.291448176722
 30
0.0
 11
1960.17401759699
 21
1032.932473779539
 31
0.0
1001
AcDbBlockRepETag
1070
     1
1071
     1511
1005
21F1
  0
LINE
  5
21F2
330
2186
100
AcDbEntity
  8
0
 62
     0
100
AcDbLine
 10
1960.17401759699
 20
1032.932473779539
 30
0.0
 11
1559.53299273923
 21
1032.932473779539
 31
0.0
1001
AcDbBlockRepETag
1070
     1
1071
     1512
1005
21F2
  0
LINE
  5
21F3
330
2186
100
AcDbEntity
  8
0
 62
     0
100
AcDbLine
 10
1559.53299273923
 20
1032.932473779539
 30
0.0
 11
1559.53299273923
 21
632.291448176722
 31
0.0
1001
AcDbBlockRepETag
1070
     1
1071
     1513
1005
21F3
  0
LINE
  5
21F4
330
2186
100
AcDbEntity
  8
0
 62
     0
100
AcDbLine
 10
1549.516966391355
 20
622.2754225739045
 30
0.0
 11
1970.190043199807
 21
622.2754225739045
 31
0.0
1001
AcDbBlockRepETag
1070
     1
1071
     1514
1005
21F4
  0
LINE
  5
21F5
330
2186
100
AcDbEntity
  8
0
 62
     0
100
AcDbLine
 10
1970.190043199807
 20
622.2754225739045
 30
0.0
 11
1970.190043199807
 21
1042.948499382357
 31
0.0
1001
AcDbBlockRepETag
1070
     1
1071
     1515
1005
21F5
  0
LINE
  5
21F6
330
2186
100
AcDbEntity
  8
0
 62
     0
100
AcDbLine
 10
1970.190043199807
 20
1042.948499382357
 30
0.0
 11
1549.516966391355
 21
1042.948499382357
 31
0.0
1001
AcDbBlockRepETag
1070
     1
1071
     1516
1005
21F6
  0
LINE
  5
21F7
330
2186
100
AcDbEntity
  8
0
 62
     0
100
AcDbLine
 10
1549.516966391355
 20
1042.948499382357
 30
0.0
 11
1549.516966391355
 21
622.2754225739045
 31
0.0
1001
AcDbBlockRepETag
1070
     1
1071
     1517
1005
21F7
  0
ENDBLK
  5
21F8
330
2186
100
AcDbEntity
  8
0
 62
     2
 48
10.0
370
     9
100
AcDbBlockEnd
  0
BLOCK
  5
2316
330
2313
100
AcDbEntity
  8
0
 62
    30
420
 16292126
100
AcDbBlockBegin
  2
1156
 70
     0
 10
0.0
 20
0.0
 30
0.0
  3
1156
  1

  0
LWPOLYLINE
  5
2317
330
2313
100
AcDbEntity
  8
0
 62
     0
100
AcDbPolyline
 90
        4
 70
     1
 43
0.0
 10
104.0932085532695
 20
0.0000087688677013
 10
304.0932085532695
 20
0.0000087688677013
 10
304.0932085532695
 20
1200.000008768868
 10
104.0932085532695
 20
1200.000008768868
  0
LINE
  5
2318
330
2313
100
AcDbEntity
  8
0
 62
     0
100
AcDbLine
 10
208.1918489079687
 20
197.6037856462842
 30
0.0
 11
240.2169377180186
 21
197.6037856462842
 31
0.0
  0
LINE
  5
2319
330
2313
100
AcDbEntity
  8
0
 62
     0
100
AcDbLine
 10
244.6143999248881
 20
202.0012266342504
 30
0.0
 11
244.6143999248883
 21
761.2800087688677
 31
0.0
  0
LINE
  5
231A
330
2313
100
AcDbEntity
  8
0
 62
     0
100
AcDbLine
 10
203.794407920013
 20
474.6425677809014
 30
0.0
 11
203.7944079200128
 21
202.0012266342504
 31
0.0
  0
LINE
  5
231B
330
2313
100
AcDbEntity
  8
0
 62
     0
100
AcDbLine
 10
209.2621950096261
 20
213.4077254155132
 30
0.0
 11
234.6892123465099
 21
213.4077254155132
 31
0.0
  0
LINE
  5
231C
330
2313
100
AcDbEntity
  8
0
 62
     0
100
AcDbLine
 10
234.6892123465099
 20
213.4077254155132
 30
0.0
 11
234.6892123465102
 21
463.2360689992614
 31
0.0
  0
LINE
  5
231D
330
2313
100
AcDbEntity
  8
0
 62
     0
100
AcDbLine
 10
209.2621950096263
 20
463.2360689996386
 30
0.0
 11
209.2621950096261
 21
213.4077254155132
 31
0.0
  0
LINE
  5
231E
330
2313
100
AcDbEntity
  8
0
 62
     0
100
AcDbLine
 10
169.6599707873396
 20
600.0000087688676
 30
0.0
 11
169.639810787388
 21
600.0000087688676
 31
0.0
  0
LINE
  5
231F
330
2313
100
AcDbEntity
  8
0
 62
     0
100
AcDbLine
 10
196.0899226745311
 20
671.2781219881568
 30
0.0
 11
196.0899226745309
 21
202.0012266342504
 31
0.0
  0
LINE
  5
2320
330
2313
100
AcDbEntity
  8
0
 62
     0
100
AcDbLine
 10
208.1918489079687
 20
197.6037856462842
 30
0.0
 11
200.4873636624449
 21
197.6037856462842
 31
0.0
  0
LINE
  5
2321
330
2313
100
AcDbEntity
  8
0
 62
     0
100
AcDbLine
 10
208.1918489079689
 20
993.6013499155187
 30
0.0
 11
240.2169377180189
 21
993.6013499155187
 31
0.0
  0
LINE
  5
2322
330
2313
100
AcDbEntity
  8
0
 62
     0
100
AcDbLine
 10
244.6143999248883
 20
989.2039089275577
 30
0.0
 11
244.6143999248883
 21
519.3600087688677
 31
0.0
  0
LINE
  5
2323
330
2313
100
AcDbEntity
  8
0
 62
     0
100
AcDbLine
 10
203.794407920013
 20
363.2812266342505
 30
0.0
 11
203.794407920013
 21
989.2039089275577
 31
0.0
  0
LINE
  5
2324
330
2313
100
AcDbEntity
  8
0
 62
     0
100
AcDbLine
 10
209.2621950096263
 20
977.797410146295
 30
0.0
 11
234.6892123465102
 21
977.797410146295
 31
0.0
  0
LINE
  5
2325
330
2313
100
AcDbEntity
  8
0
 62
     0
100
AcDbLine
 10
234.6892123465102
 20
977.797410146295
 30
0.0
 11
234.6892123465102
 21
455.3277254155132
 31
0.0
  0
LINE
  5
2326
330
2313
100
AcDbEntity
  8
0
 62
     0
100
AcDbLine
 10
209.2621950096263
 20
455.3277254155132
 30
0.0
 11
209.2621950096263
 21
977.797410146295
 31
0.0
  0
LINE
  5
2327
330
2313
100
AcDbEntity
  8
0
 62
     0
100
AcDbLine
 10
196.0899226745311
 20
609.361895549526
 30
0.0
 11
196.0899226745311
 21
989.2039089275577
 31
0.0
  0
LINE
  5
2328
330
2313
100
AcDbEntity
  8
0
 62
     0
100
AcDbLine
 10
208.1918489079689
 20
993.6013499155187
 30
0.0
 11
200.4873636624452
 21
993.6013499155187
 31
0.0
  0
LWPOLYLINE
  5
2329
330
2313
100
AcDbEntity
  8
0
 62
     0
100
AcDbPolyline
 90
        6
 70
   128
 43
0.0
 10
196.0899226745311
 20
528.721895549526
 10
179.8140961926289
 20
528.721895549526
 10
169.6599707873396
 20
558.961895549526
 10
169.6599707873396
 20
641.0381219881569
 10
179.8140961926289
 20
671.2781219881568
 10
196.0899226745311
 20
671.2781219881568
  0
LWPOLYLINE
  5
232A
330
2313
100
AcDbEntity
  8
0
 62
     0
100
AcDbPolyline
 90
        5
 70
   128
 43
0.0
 10
244.6143999248883
 20
438.7200087688677
 10
274.5215542064979
 20
438.7200087688677
 10
274.5215542064979
 20
600.0000087688676
 10
274.5215542064979
 20
761.2800087688677
 10
244.6143999248883
 20
761.2800087688677
  0
LWPOLYLINE
  5
232B
330
2313
100
AcDbEntity
  8
0
 62
     0
100
AcDbPolyline
 90
        5
 70
   128
 43
0.0
 10
196.0899226745311
 20
761.2800087688677
 10
163.2739714182168
 20
761.2800087688677
 10
163.2739714182168
 20
600.0000087688676
 10
163.2739714182168
 20
438.7200087688677
 10
196.0899226745311
 20
438.7200087688677
  0
ARC
  5
232C
330
2313
100
AcDbEntity
  8
0
 62
     0
100
AcDbCircle
 10
208.1918489079689
 20
989.2039089275577
 30
0.0
 40
4.39744098797305
100
AcDbArc
 50
90.0
 51
180.0
  0
ARC
  5
232D
330
2313
100
AcDbEntity
  8
0
 62
     0
100
AcDbCircle
 10
240.2169377181025
 20
989.2038877086546
 30
0.0
 40
4.397462206841964
100
AcDbArc
 50
0.0002764625788279
 51
90.0
  0
ARC
  5
232E
330
2313
100
AcDbEntity
  8
0
 62
     0
100
AcDbCircle
 10
200.4873636624449
 20
202.0012266342504
 30
0.0
 40
4.39744098797305
100
AcDbArc
 50
180.0
 51
270.0
  0
ARC
  5
232F
330
2313
100
AcDbEntity
  8
0
 62
     0
100
AcDbCircle
 10
208.1918489079687
 20
202.0012266342504
 30
0.0
 40
4.39744098797305
100
AcDbArc
 50
180.0
 51
270.0
  0
ARC
  5
2330
330
2313
100
AcDbEntity
  8
0
 62
     0
100
AcDbCircle
 10
240.2169377181023
 20
202.0012478531013
 30
0.0
 40
4.397462206841964
100
AcDbArc
 50
270.0
 51
359.999723530751
  0
ARC
  5
2331
330
2313
100
AcDbEntity
  8
0
 62
     0
100
AcDbCircle
 10
200.4873636624452
 20
989.2039089275577
 30
0.0
 40
4.39744098797305
100
AcDbArc
 50
90.0
 51
180.0
  0
ENDBLK
  5
2332
330
2313
100
AcDbEntity
  8
0
 62
    30
420
 16292126
100
AcDbBlockEnd
  0
BLOCK
  5
2335
330
2333
100
AcDbEntity
  8
0
 62
     6
 48
5.0
370
     9
100
AcDbBlockBegin
  2
1151
 70
     0
 10
0.0
 20
0.0
 30
0.0
  3
1151
  1

  0
LINE
  5
2336
330
2333
100
AcDbEntity
  8
0
 62
     0
100
AcDbLine
 10
-955.1504029985517
 20
-449.0355203999206
 30
0.0
 11
-954.508105399087
 21
-459.1773576000705
 31
0.0
1001
AcDbBlockRepETag
1070
     1
1071
        1
1005
2336
  0
LINE
  5
2337
330
2333
100
AcDbEntity
  8
0
 62
     0
100
AcDbLine
 10
-958.8766189990565
 20
-449.0355203999206
 30
0.0
 11
-958.8766189990565
 21
-459.3946860004216
 31
0.0
1001
AcDbBlockRepETag
1070
     1
1071
        2
1005
2337
  0
LINE
  5
2338
330
2333
100
AcDbEntity
  8
0
 62
     0
100
AcDbLine
 10
-950.1395917991176
 20
-457.7639832003042
 30
0.0
 11
-951.3450985988601
 21
-449.0355203999206
 31
0.0
1001
AcDbBlockRepETag
1070
     1
1071
        5
1005
2338
  0
LINE
  5
2339
330
2333
100
AcDbEntity
  8
0
 62
     0
100
AcDbLine
 10
-967.6126093985512
 20
-457.7639832003042
 30
0.0
 11
-966.4070917991921
 21
-449.0355203999206
 31
0.0
1001
AcDbBlockRepETag
1070
     1
1071
        6
1005
2339
  0
LINE
  5
233A
330
2333
100
AcDbEntity
  8
0
 62
     0
100
AcDbLine
 10
-951.3103009983897
 20
-458.5802364004775
 30
0.0
 11
-952.3955605989321
 21
-449.0355203999206
 31
0.0
1001
AcDbBlockRepETag
1070
     1
1071
        7
1005
233A
  0
LINE
  5
233B
330
2333
100
AcDbEntity
  8
0
 62
     0
100
AcDbLine
 10
-954.508105399087
 20
-459.1773576000705
 30
0.0
 11
-951.3103009983897
 21
-458.5802364004775
 31
0.0
1001
AcDbBlockRepETag
1070
     1
1071
        8
1005
233B
  0
LINE
  5
233C
330
2333
100
AcDbEntity
  8
0
 62
     0
100
AcDbLine
 10
-963.2440957985819
 20
-459.1773576000705
 30
0.0
 11
-962.6017765989526
 21
-449.0355203999206
 31
0.0
1001
AcDbBlockRepETag
1070
     1
1071
        9
1005
233C
  0
LINE
  5
233D
330
2333
100
AcDbEntity
  8
0
 62
     0
100
AcDbLine
 10
-958.8766189990565
 20
-459.3946860004216
 30
0.0
 11
-963.2440957985819
 21
-459.1773576000705
 31
0.0
1001
AcDbBlockRepETag
1070
     1
1071
       10
1005
233D
  0
LINE
  5
233E
330
2333
100
AcDbEntity
  8
0
 62
     0
100
AcDbLine
 10
-951.3103009983897
 20
-458.5802364004775
 30
0.0
 11
-949.9750537984073
 21
-472.7871072003617
 31
0.0
1001
AcDbBlockRepETag
1070
     1
1071
       11
1005
233E
  0
LINE
  5
233F
330
2333
100
AcDbEntity
  8
0
 62
     0
100
AcDbLine
 10
-950.1395917991176
 20
-457.7639832003042
 30
0.0
 11
-951.3103009983897
 21
-458.5802364004775
 31
0.0
1001
AcDbBlockRepETag
1070
     1
1071
       12
1005
233F
  0
LINE
  5
2340
330
2333
100
AcDbEntity
  8
0
 62
     0
100
AcDbLine
 10
-948.5987017992883
 20
-471.0150431999936
 30
0.0
 11
-950.1395917991176
 21
-457.7639832003042
 31
0.0
1001
AcDbBlockRepETag
1070
     1
1071
       13
1005
2340
  0
LINE
  5
2341
330
2333
100
AcDbEntity
  8
0
 62
     0
100
AcDbLine
 10
-966.4419001992792
 20
-458.5802364004775
 30
0.0
 11
-965.3566189985722
 21
-449.0355203999206
 31
0.0
1001
AcDbBlockRepETag
1070
     1
1071
       14
1005
2341
  0
LINE
  5
2342
330
2333
100
AcDbEntity
  8
0
 62
     0
100
AcDbLine
 10
-967.6126093985512
 20
-457.7639832003042
 30
0.0
 11
-966.4419001992792
 21
-458.5802364004775
 31
0.0
1001
AcDbBlockRepETag
1070
     1
1071
       15
1005
2342
  0
LINE
  5
2343
330
2333
100
AcDbEntity
  8
0
 62
     0
100
AcDbLine
 10
-969.1545469984411
 20
-471.0150431999936
 30
0.0
 11
-967.6126093985512
 21
-457.7639832003042
 31
0.0
1001
AcDbBlockRepETag
1070
     1
1071
       16
1005
2343
  0
LINE
  5
2344
330
2333
100
AcDbEntity
  8
0
 62
     0
100
AcDbLine
 10
-948.5987017992883
 20
-471.0150431999936
 30
0.0
 11
-947.6726773986593
 21
-479.8702007997781
 31
0.0
1001
AcDbBlockRepETag
1070
     1
1071
       17
1005
2344
  0
LINE
  5
2345
330
2333
100
AcDbEntity
  8
0
 62
     0
100
AcDbLine
 10
-949.9750537984073
 20
-472.7871072003617
 30
0.0
 11
-948.5987017992883
 21
-471.0150431999936
 31
0.0
1001
AcDbBlockRepETag
1070
     1
1071
       18
1005
2345
  0
LINE
  5
2346
330
2333
100
AcDbEntity
  8
0
 62
     0
100
AcDbLine
 10
-963.2440957985819
 20
-459.1773576000705
 30
0.0
 11
-964.0150537984446
 21
-474.0843492001295
 31
0.0
1001
AcDbBlockRepETag
1070
     1
1071
       19
1005
2346
  0
LINE
  5
2347
330
2333
100
AcDbEntity
  8
0
 62
     0
100
AcDbLine
 10
-966.4419001992792
 20
-458.5802364004775
 30
0.0
 11
-963.2440957985819
 21
-459.1773576000705
 31
0.0
1001
AcDbBlockRepETag
1070
     1
1071
       20
1005
2347
  0
LINE
  5
2348
330
2333
100
AcDbEntity
  8
0
 62
     0
100
AcDbLine
 10
-967.777125799097
 20
-472.7871072003617
 30
0.0
 11
-966.4419001992792
 21
-458.5802364004775
 31
0.0
1001
AcDbBlockRepETag
1070
     1
1071
       21
1005
2348
  0
LINE
  5
2349
330
2333
100
AcDbEntity
  8
0
 62
     0
100
AcDbLine
 10
-964.0150537984446
 20
-474.0843492001295
 30
0.0
 11
-967.777125799097
 21
-472.7871072003617
 31
0.0
1001
AcDbBlockRepETag
1070
     1
1071
       22
1005
2349
  0
LINE
  5
234A
330
2333
100
AcDbEntity
  8
0
 62
     0
100
AcDbLine
 10
-947.6726773986593
 20
-479.8702007997781
 30
0.0
 11
-947.3647153992205
 21
-482.9773500002921
 31
0.0
1001
AcDbBlockRepETag
1070
     1
1071
       23
1005
234A
  0
LINE
  5
234B
330
2333
100
AcDbEntity
  8
0
 62
     0
100
AcDbLine
 10
-958.8766189990565
 20
-459.3946860004216
 30
0.0
 11
-958.8766189990565
 21
-474.5589120006188
 31
0.0
1001
AcDbBlockRepETag
1070
     1
1071
       24
1005
234B
  0
LINE
  5
234C
330
2333
100
AcDbEntity
  8
0
 62
     0
100
AcDbLine
 10
-954.508105399087
 20
-459.1773576000705
 30
0.0
 11
-958.8766189990565
 21
-459.3946860004216
 31
0.0
1001
AcDbBlockRepETag
1070
     1
1071
       25
1005
234C
  0
LINE
  5
234D
330
2333
100
AcDbEntity
  8
0
 62
     0
100
AcDbLine
 10
-953.7371257990598
 20
-474.0843492001295
 30
0.0
 11
-954.508105399087
 21
-459.1773576000705
 31
0.0
1001
AcDbBlockRepETag
1070
     1
1071
       26
1005
234D
  0
LINE
  5
234E
330
2333
100
AcDbEntity
  8
0
 62
     0
100
AcDbLine
 10
-949.9750537984073
 20
-472.7871072003617
 30
0.0
 11
-953.7371257990598
 21
-474.0843492001295
 31
0.0
1001
AcDbBlockRepETag
1070
     1
1071
       27
1005
234E
  0
LINE
  5
234F
330
2333
100
AcDbEntity
  8
0
 62
     0
100
AcDbLine
 10
-949.1745469989254
 20
-482.3931024000049
 30
0.0
 11
-949.9750537984073
 21
-472.7871072003617
 31
0.0
1001
AcDbBlockRepETag
1070
     1
1071
       28
1005
234F
  0
LINE
  5
2350
330
2333
100
AcDbEntity
  8
0
 62
     0
100
AcDbLine
 10
-947.3647153992205
 20
-482.9773500002921
 30
0.0
 11
-948.9066637987271
 21
-485.7850476000457
 31
0.0
1001
AcDbBlockRepETag
1070
     1
1071
       29
1005
2350
  0
LINE
  5
2351
330
2333
100
AcDbEntity
  8
0
 62
     0
100
AcDbLine
 10
-948.9066637987271
 20
-485.7850476000457
 30
0.0
 11
-953.1201325990259
 21
-487.8395747998729
 31
0.0
1001
AcDbBlockRepETag
1070
     1
1071
       30
1005
2351
  0
LINE
  5
2352
330
2333
100
AcDbEntity
  8
0
 62
     0
100
AcDbLine
 10
-953.1201325990259
 20
-487.8395747998729
 30
0.0
 11
-958.8766189990565
 21
-488.5924860006197
 31
0.0
1001
AcDbBlockRepETag
1070
     1
1071
       31
1005
2352
  0
LINE
  5
2353
330
2333
100
AcDbEntity
  8
0
 62
     0
100
AcDbLine
 10
-967.777125799097
 20
-472.7871072003617
 30
0.0
 11
-968.578701798804
 21
-482.3931024000049
 31
0.0
1001
AcDbBlockRepETag
1070
     1
1071
       32
1005
2353
  0
LINE
  5
2354
330
2333
100
AcDbEntity
  8
0
 62
     0
100
AcDbLine
 10
-969.1545469984411
 20
-471.0150431999936
 30
0.0
 11
-967.777125799097
 21
-472.7871072003617
 31
0.0
1001
AcDbBlockRepETag
1070
     1
1071
       33
1005
2354
  0
LINE
  5
2355
330
2333
100
AcDbEntity
  8
0
 62
     0
100
AcDbLine
 10
-970.0795129984618
 20
-479.8702007997781
 30
0.0
 11
-969.1545469984411
 21
-471.0150431999936
 31
0.0
1001
AcDbBlockRepETag
1070
     1
1071
       34
1005
2355
  0
LINE
  5
2356
330
2333
100
AcDbEntity
  8
0
 62
     0
100
AcDbLine
 10
-970.3874857984484
 20
-482.9773500002921
 30
0.0
 11
-970.0795129984618
 21
-479.8702007997781
 31
0.0
1001
AcDbBlockRepETag
1070
     1
1071
       35
1005
2356
  0
LINE
  5
2357
330
2333
100
AcDbEntity
  8
0
 62
     0
100
AcDbLine
 10
-968.845526598394
 20
-485.7850476000457
 30
0.0
 11
-970.3874857984484
 21
-482.9773500002921
 31
0.0
1001
AcDbBlockRepETag
1070
     1
1071
       36
1005
2357
  0
LINE
  5
2358
330
2333
100
AcDbEntity
  8
0
 62
     0
100
AcDbLine
 10
-964.6320577990264
 20
-487.8395747998729
 30
0.0
 11
-968.845526598394
 21
-485.7850476000457
 31
0.0
1001
AcDbBlockRepETag
1070
     1
1071
       37
1005
2358
  0
LINE
  5
2359
330
2333
100
AcDbEntity
  8
0
 62
     0
100
AcDbLine
 10
-958.8766189990565
 20
-488.5924860006197
 30
0.0
 11
-964.6320577990264
 21
-487.8395747998729
 31
0.0
1001
AcDbBlockRepETag
1070
     1
1071
       38
1005
2359
  0
LINE
  5
235A
330
2333
100
AcDbEntity
  8
0
 62
     0
100
AcDbLine
 10
-1186.705529728904
 20
33.68054942786694
 30
0.0
 11
-1186.406002528965
 21
32.57307422719896
 31
0.0
1001
AcDbBlockRepETag
1070
     1
1071
       39
1005
235A
  0
LINE
  5
235B
330
2333
100
AcDbEntity
  8
0
 62
     0
100
AcDbLine
 10
-1181.29076612927
 20
53.66476142778992
 30
0.0
 11
-1186.705529728904
 21
33.68054942786694
 31
0.0
1001
AcDbBlockRepETag
1070
     1
1071
       40
1005
235B
  0
LINE
  5
235C
330
2333
100
AcDbEntity
  8
0
 62
     0
100
AcDbLine
 10
-1167.072501328774
 20
67.87987262755632
 30
0.0
 11
-1181.29076612927
 21
53.66476142778992
 31
0.0
1001
AcDbBlockRepETag
1070
     1
1071
       41
1005
235C
  0
LINE
  5
235D
330
2333
100
AcDbEntity
  8
0
 62
     0
100
AcDbLine
 10
-1147.08300812915
 20
73.29235742799937
 30
0.0
 11
-1167.072501328774
 21
67.87987262755632
 31
0.0
1001
AcDbBlockRepETag
1070
     1
1071
       42
1005
235D
  0
LINE
  5
235E
330
2333
100
AcDbEntity
  8
0
 62
     0
100
AcDbLine
 10
-1127.093547329306
 20
67.87987262755632
 30
0.0
 11
-1147.08300812915
 21
73.29235742799937
 31
0.0
1001
AcDbBlockRepETag
1070
     1
1071
       43
1005
235E
  0
LINE
  5
235F
330
2333
100
AcDbEntity
  8
0
 62
     0
100
AcDbLine
 10
-1112.874224129133
 20
53.66476142778992
 30
0.0
 11
-1127.093547329306
 21
67.87987262755632
 31
0.0
1001
AcDbBlockRepETag
1070
     1
1071
       44
1005
235F
  0
LINE
  5
2360
330
2333
100
AcDbEntity
  8
0
 62
     0
100
AcDbLine
 10
-1107.460518929176
 20
33.68054942786694
 30
0.0
 11
-1112.874224129133
 21
53.66476142778992
 31
0.0
1001
AcDbBlockRepETag
1070
     1
1071
       45
1005
2360
  0
LINE
  5
2361
330
2333
100
AcDbEntity
  8
0
 62
     0
100
AcDbLine
 10
-1107.763232128694
 20
32.55839702766389
 30
0.0
 11
-1107.460518929176
 21
33.68054942786694
 31
0.0
1001
AcDbBlockRepETag
1070
     1
1071
       46
1005
2361
  0
LINE
  5
2362
330
2333
100
AcDbEntity
  8
0
 62
     0
100
AcDbLine
 10
-1107.407793329097
 20
32.59625102765858
 30
0.0
 11
-1112.822556928731
 21
12.61203902773559
 31
0.0
1001
AcDbBlockRepETag
1070
     1
1071
       47
1005
2362
  0
LINE
  5
2363
330
2333
100
AcDbEntity
  8
0
 62
     0
100
AcDbLine
 10
-1107.825440129265
 20
32.55839702766389
 30
0.0
 11
-1107.407793329097
 21
32.59625102765858
 31
0.0
1001
AcDbBlockRepETag
1070
     1
1071
       48
1005
2363
  0
LINE
  5
2364
330
2333
100
AcDbEntity
  8
0
 62
     0
100
AcDbLine
 10
-1156.528817729093
 20
23.30439542792738
 30
0.0
 11
-1148.636588129215
 21
19.77340022753924
 31
0.0
1001
AcDbBlockRepETag
1070
     1
1071
       49
1005
2364
  0
LINE
  5
2365
330
2333
100
AcDbEntity
  8
0
 62
     0
100
AcDbLine
 10
-1160.837207728997
 20
30.79921742714942
 30
0.0
 11
-1156.528817729093
 21
23.30439542792738
 31
0.0
1001
AcDbBlockRepETag
1070
     1
1071
       50
1005
2365
  0
LINE
  5
2366
330
2333
100
AcDbEntity
  8
0
 62
     0
100
AcDbLine
 10
-1159.916442928836
 20
39.39481862727553
 30
0.0
 11
-1160.837207728997
 21
30.79921742714942
 31
0.0
1001
AcDbBlockRepETag
1070
     1
1071
       51
1005
2366
  0
LINE
  5
2367
330
2333
100
AcDbEntity
  8
0
 62
     0
100
AcDbLine
 10
-1154.118851728737
 20
45.80739422794431
 30
0.0
 11
-1159.916442928836
 21
39.39481862727553
 31
0.0
1001
AcDbBlockRepETag
1070
     1
1071
       52
1005
2367
  0
LINE
  5
2368
330
2333
100
AcDbEntity
  8
0
 62
     0
100
AcDbLine
 10
-1145.657084128819
 20
47.58769862726331
 30
0.0
 11
-1154.118851728737
 21
45.80739422794431
 31
0.0
1001
AcDbBlockRepETag
1070
     1
1071
       53
1005
2368
  0
LINE
  5
2369
330
2333
100
AcDbEntity
  8
0
 62
     0
100
AcDbLine
 10
-1137.764854528941
 20
44.05645502731204
 30
0.0
 11
-1145.657084128819
 21
47.58769862726331
 31
0.0
1001
AcDbBlockRepETag
1070
     1
1071
       54
1005
2369
  0
LINE
  5
236A
330
2333
100
AcDbEntity
  8
0
 62
     0
100
AcDbLine
 10
-1133.456464529037
 20
36.56188142765314
 30
0.0
 11
-1137.764854528941
 21
44.05645502731204
 31
0.0
1001
AcDbBlockRepETag
1070
     1
1071
       55
1005
236A
  0
LINE
  5
236B
330
2333
100
AcDbEntity
  8
0
 62
     0
100
AcDbLine
 10
-1134.376160128973
 20
27.9662910271436
 30
0.0
 11
-1133.456464529037
 21
36.56188142765314
 31
0.0
1001
AcDbBlockRepETag
1070
     1
1071
       56
1005
236B
  0
LINE
  5
236C
330
2333
100
AcDbEntity
  8
0
 62
     0
100
AcDbLine
 10
-1140.174820529297
 20
21.55370462778956
 30
0.0
 11
-1134.376160128973
 21
27.9662910271436
 31
0.0
1001
AcDbBlockRepETag
1070
     1
1071
       57
1005
236C
  0
LINE
  5
236D
330
2333
100
AcDbEntity
  8
0
 62
     0
100
AcDbLine
 10
-1148.636588129215
 20
19.77340022753924
 30
0.0
 11
-1140.174820529297
 21
21.55370462778956
 31
0.0
1001
AcDbBlockRepETag
1070
     1
1071
       58
1005
236D
  0
LINE
  5
236E
330
2333
100
AcDbEntity
  8
0
 62
     0
100
AcDbLine
 10
-1136.981238928623
 20
16.39845422748476
 30
0.0
 11
-1147.08300812915
 21
13.66259822715074
 31
0.0
1001
AcDbBlockRepETag
1070
     1
1071
       59
1005
236E
  0
LINE
  5
236F
330
2333
100
AcDbEntity
  8
0
 62
     0
100
AcDbLine
 10
-1129.795631729066
 20
23.58300302736461
 30
0.0
 11
-1136.981238928623
 21
16.39845422748476
 31
0.0
1001
AcDbBlockRepETag
1070
     1
1071
       60
1005
236F
  0
LINE
  5
2370
330
2333
100
AcDbEntity
  8
0
 62
     0
100
AcDbLine
 10
-1127.059775728732
 20
33.68054942786694
 30
0.0
 11
-1129.795631729066
 21
23.58300302736461
 31
0.0
1001
AcDbBlockRepETag
1070
     1
1071
       61
1005
2370
  0
LINE
  5
2371
330
2333
100
AcDbEntity
  8
0
 62
     0
100
AcDbLine
 10
-1129.795631729066
 20
43.78015862777829
 30
0.0
 11
-1127.059775728732
 21
33.68054942786694
 31
0.0
1001
AcDbBlockRepETag
1070
     1
1071
       62
1005
2371
  0
LINE
  5
2372
330
2333
100
AcDbEntity
  8
0
 62
     0
100
AcDbLine
 10
-1136.981238928623
 20
50.96264462731778
 30
0.0
 11
-1129.795631729066
 21
43.78015862777829
 31
0.0
1001
AcDbBlockRepETag
1070
     1
1071
       63
1005
2372
  0
LINE
  5
2373
330
2333
100
AcDbEntity
  8
0
 62
     0
100
AcDbLine
 10
-1147.08300812915
 20
53.69850062765181
 30
0.0
 11
-1136.981238928623
 21
50.96264462731778
 31
0.0
1001
AcDbBlockRepETag
1070
     1
1071
       64
1005
2373
  0
LINE
  5
2374
330
2333
100
AcDbEntity
  8
0
 62
     0
100
AcDbLine
 10
-1157.184809729457
 20
50.96264462731778
 30
0.0
 11
-1147.08300812915
 21
53.69850062765181
 31
0.0
1001
AcDbBlockRepETag
1070
     1
1071
       65
1005
2374
  0
LINE
  5
2375
330
2333
100
AcDbEntity
  8
0
 62
     0
100
AcDbLine
 10
-1164.370416929014
 20
43.78015862777829
 30
0.0
 11
-1157.184809729457
 21
50.96264462731778
 31
0.0
1001
AcDbBlockRepETag
1070
     1
1071
       66
1005
2375
  0
LINE
  5
2376
330
2333
100
AcDbEntity
  8
0
 62
     0
100
AcDbLine
 10
-1167.1062621288
 20
33.68054942786694
 30
0.0
 11
-1164.370416929014
 21
43.78015862777829
 31
0.0
1001
AcDbBlockRepETag
1070
     1
1071
       67
1005
2376
  0
LINE
  5
2377
330
2333
100
AcDbEntity
  8
0
 62
     0
100
AcDbLine
 10
-1164.370416929014
 20
23.58300302736461
 30
0.0
 11
-1167.1062621288
 21
33.68054942786694
 31
0.0
1001
AcDbBlockRepETag
1070
     1
1071
       68
1005
2377
  0
LINE
  5
2378
330
2333
100
AcDbEntity
  8
0
 62
     0
100
AcDbLine
 10
-1157.184809729457
 20
16.39845422748476
 30
0.0
 11
-1164.370416929014
 21
23.58300302736461
 31
0.0
1001
AcDbBlockRepETag
1070
     1
1071
       69
1005
2378
  0
LINE
  5
2379
330
2333
100
AcDbEntity
  8
0
 62
     0
100
AcDbLine
 10
-1147.08300812915
 20
13.66259822715074
 30
0.0
 11
-1157.184809729457
 21
16.39845422748476
 31
0.0
1001
AcDbBlockRepETag
1070
     1
1071
       70
1005
2379
  0
LINE
  5
237A
330
2333
100
AcDbEntity
  8
0
 62
     0
100
AcDbLine
 10
-1112.822556928731
 20
12.61203902773559
 30
0.0
 11
-1127.040789328515
 21
-1.603072172030806
 31
0.0
1001
AcDbBlockRepETag
1070
     1
1071
       71
1005
237A
  0
LINE
  5
237B
330
2333
100
AcDbEntity
  8
0
 62
     0
100
AcDbLine
 10
-1127.040789328515
 20
-1.603072172030806
 30
0.0
 11
-1147.030282529071
 21
-7.015556972473859
 31
0.0
1001
AcDbBlockRepETag
1070
     1
1071
       72
1005
237B
  0
LINE
  5
237C
330
2333
100
AcDbEntity
  8
0
 62
     0
100
AcDbLine
 10
-1129.092162929475
 20
2.902525827288627
 30
0.0
 11
-1147.08300812915
 21
-1.970002172514796
 31
0.0
1001
AcDbBlockRepETag
1070
     1
1071
       73
1005
237C
  0
LINE
  5
237D
330
2333
100
AcDbEntity
  8
0
 62
     0
100
AcDbLine
 10
-1116.295642528683
 20
15.69601142778992
 30
0.0
 11
-1129.092162929475
 21
2.902525827288627
 31
0.0
1001
AcDbBlockRepETag
1070
     1
1071
       74
1005
237D
  0
LINE
  5
237E
330
2333
100
AcDbEntity
  8
0
 62
     0
100
AcDbLine
 10
-1111.422995729372
 20
33.68054942786694
 30
0.0
 11
-1116.295642528683
 21
15.69601142778992
 31
0.0
1001
AcDbBlockRepETag
1070
     1
1071
       75
1005
237E
  0
LINE
  5
237F
330
2333
100
AcDbEntity
  8
0
 62
     0
100
AcDbLine
 10
-1116.295642528683
 20
51.6671394277364
 30
0.0
 11
-1111.422995729372
 21
33.68054942786694
 31
0.0
1001
AcDbBlockRepETag
1070
     1
1071
       76
1005
237F
  0
LINE
  5
2380
330
2333
100
AcDbEntity
  8
0
 62
     0
100
AcDbLine
 10
-1129.092162929475
 20
64.46063582785427
 30
0.0
 11
-1116.295642528683
 21
51.6671394277364
 31
0.0
1001
AcDbBlockRepETag
1070
     1
1071
       77
1005
2380
  0
LINE
  5
2381
330
2333
100
AcDbEntity
  8
0
 62
     0
100
AcDbLine
 10
-1147.08300812915
 20
69.33110102731735
 30
0.0
 11
-1129.092162929475
 21
64.46063582785427
 31
0.0
1001
AcDbBlockRepETag
1070
     1
1071
       78
1005
2381
  0
LINE
  5
2382
330
2333
100
AcDbEntity
  8
0
 62
     0
100
AcDbLine
 10
-1165.072816529311
 20
64.46063582785427
 30
0.0
 11
-1147.08300812915
 21
69.33110102731735
 31
0.0
1001
AcDbBlockRepETag
1070
     1
1071
       79
1005
2382
  0
LINE
  5
2383
330
2333
100
AcDbEntity
  8
0
 62
     0
100
AcDbLine
 10
-1177.870395328849
 20
51.6671394277364
 30
0.0
 11
-1165.072816529311
 21
64.46063582785427
 31
0.0
1001
AcDbBlockRepETag
1070
     1
1071
       80
1005
2383
  0
LINE
  5
2384
330
2333
100
AcDbEntity
  8
0
 62
     0
100
AcDbLine
 10
-1182.743052928708
 20
33.68054942786694
 30
0.0
 11
-1177.870395328849
 21
51.6671394277364
 31
0.0
1001
AcDbBlockRepETag
1070
     1
1071
       81
1005
2384
  0
LINE
  5
2385
330
2333
100
AcDbEntity
  8
0
 62
     0
100
AcDbLine
 10
-1177.870395328849
 20
15.69601142778992
 30
0.0
 11
-1182.743052928708
 21
33.68054942786694
 31
0.0
1001
AcDbBlockRepETag
1070
     1
1071
       82
1005
2385
  0
LINE
  5
2386
330
2333
100
AcDbEntity
  8
0
 62
     0
100
AcDbLine
 10
-1165.072816529311
 20
2.902525827288627
 30
0.0
 11
-1177.870395328849
 21
15.69601142778992
 31
0.0
1001
AcDbBlockRepETag
1070
     1
1071
       83
1005
2386
  0
LINE
  5
2387
330
2333
100
AcDbEntity
  8
0
 62
     0
100
AcDbLine
 10
-1147.08300812915
 20
-1.970002172514796
 30
0.0
 11
-1165.072816529311
 21
2.902525827288627
 31
0.0
1001
AcDbBlockRepETag
1070
     1
1071
       84
1005
2387
  0
LINE
  5
2388
330
2333
100
AcDbEntity
  8
0
 62
     0
100
AcDbLine
 10
-1186.652782528661
 20
32.59625102765858
 30
0.0
 11
-1186.343751328997
 21
32.55839702766389
 31
0.0
1001
AcDbBlockRepETag
1070
     1
1071
       85
1005
2388
  0
LINE
  5
2389
330
2333
100
AcDbEntity
  8
0
 62
     0
100
AcDbLine
 10
-1181.239066529087
 20
12.61203902773559
 30
0.0
 11
-1186.652782528661
 21
32.59625102765858
 31
0.0
1001
AcDbBlockRepETag
1070
     1
1071
       86
1005
2389
  0
LINE
  5
238A
330
2333
100
AcDbEntity
  8
0
 62
     0
100
AcDbLine
 10
-1167.019775728695
 20
-1.603072172030806
 30
0.0
 11
-1181.239066529087
 21
12.61203902773559
 31
0.0
1001
AcDbBlockRepETag
1070
     1
1071
       87
1005
238A
  0
LINE
  5
238B
330
2333
100
AcDbEntity
  8
0
 62
     0
100
AcDbLine
 10
-1147.030282529071
 20
-7.015556972473859
 30
0.0
 11
-1167.019775728695
 21
-1.603072172030806
 31
0.0
1001
AcDbBlockRepETag
1070
     1
1071
       88
1005
238B
  0
LINE
  5
238C
330
2333
100
AcDbEntity
  8
0
 62
     0
100
AcDbLine
 10
406.424703599885
 20
-396.1427904004231
 30
0.0
 11
406.424703599885
 21
173.1057372000068
 31
0.0
1001
AcDbBlockRepETag
1070
     1
1071
       89
1005
238C
  0
LINE
  5
238D
330
2333
100
AcDbEntity
  8
0
 62
     0
100
AcDbLine
 10
-193.5752964001149
 20
-443.5996104003861
 30
0.0
 11
-193.5752964001149
 21
148.8584844004362
 31
0.0
1001
AcDbBlockRepETag
1070
     1
1071
       90
1005
238D
  0
LINE
  5
238E
330
2333
100
AcDbEntity
  8
0
 62
     0
100
AcDbLine
 10
-193.5752964001149
 20
-443.5996104003861
 30
0.0
 11
-193.5752964001149
 21
-448.8328800005838
 31
0.0
1001
AcDbBlockRepETag
1070
     1
1071
       91
1005
238E
  0
LINE
  5
238F
330
2333
100
AcDbEntity
  8
0
 62
     0
100
AcDbLine
 10
209.5200108001009
 20
-448.8328800005838
 30
0.0
 11
205.9117740001529
 21
-455.93296200037
 31
0.0
1001
AcDbBlockRepETag
1070
     1
1071
       92
1005
238F
  0
LINE
  5
2390
330
2333
100
AcDbEntity
  8
0
 62
     0
100
AcDbLine
 10
85.7646447988227
 20
-448.8328800005838
 30
0.0
 11
82.15757439937442
 21
-455.93296200037
 31
0.0
1001
AcDbBlockRepETag
1070
     1
1071
       93
1005
2390
  0
LINE
  5
2391
330
2333
100
AcDbEntity
  8
0
 62
     0
100
AcDbLine
 10
-193.5752964001149
 20
-448.8328800005838
 30
0.0
 11
355.2787979999557
 21
-448.8328800005838
 31
0.0
1001
AcDbBlockRepETag
1070
     1
1071
       94
1005
2391
  0
LINE
  5
2392
330
2333
100
AcDbEntity
  8
0
 62
     0
100
AcDbLine
 10
205.9117740001529
 20
-455.93296200037
 30
0.0
 11
190.2256164001301
 21
-467.2687932001426
 31
0.0
1001
AcDbBlockRepETag
1070
     1
1071
       95
1005
2392
  0
LINE
  5
2393
330
2333
100
AcDbEntity
  8
0
 62
     0
100
AcDbLine
 10
82.15757439937442
 20
-455.93296200037
 30
0.0
 11
66.47231319919228
 21
-467.2687932001426
 31
0.0
1001
AcDbBlockRepETag
1070
     1
1071
       96
1005
2393
  0
LINE
  5
2394
330
2333
100
AcDbEntity
  8
0
 62
     0
100
AcDbLine
 10
220.5046151997521
 20
-459.1920348005369
 30
0.0
 11
223.1539523992688
 21
-448.8328800005838
 31
0.0
1001
AcDbBlockRepETag
1070
     1
1071
       97
1005
2394
  0
LINE
  5
2395
330
2333
100
AcDbEntity
  8
0
 62
     0
100
AcDbLine
 10
66.01273200009018
 20
-459.1920348005369
 30
0.0
 11
63.36442079953849
 21
-448.8328800005838
 31
0.0
1001
AcDbBlockRepETag
1070
     1
1071
       98
1005
2395
  0
LINE
  5
2396
330
2333
100
AcDbEntity
  8
0
 62
     0
100
AcDbLine
 10
96.75028599891811
 20
-459.1920348005369
 30
0.0
 11
99.39962319936604
 21
-448.8328800005838
 31
0.0
1001
AcDbBlockRepETag
1070
     1
1071
       99
1005
2396
  0
LINE
  5
2397
330
2333
100
AcDbEntity
  8
0
 62
     0
100
AcDbLine
 10
-57.74031200073659
 20
-459.1920348005369
 30
0.0
 11
-60.3897788003087
 21
-448.8328800005838
 31
0.0
1001
AcDbBlockRepETag
1070
     1
1071
      100
1005
2397
  0
LINE
  5
2398
330
2333
100
AcDbEntity
  8
0
 62
     0
100
AcDbLine
 10
190.2256164001301
 20
-467.2687932001426
 30
0.0
 11
168.3575820000842
 21
-474.6199320005253
 31
0.0
1001
AcDbBlockRepETag
1070
     1
1071
      101
1005
2398
  0
LINE
  5
2399
330
2333
100
AcDbEntity
  8
0
 62
     0
100
AcDbLine
 10
66.47231319919228
 20
-467.2687932001426
 30
0.0
 11
44.6033823993057
 21
-474.6199320005253
 31
0.0
1001
AcDbBlockRepETag
1070
     1
1071
      102
1005
2399
  0
LINE
  5
239A
330
2333
100
AcDbEntity
  8
0
 62
     0
100
AcDbLine
 10
168.3575820000842
 20
-474.6199320005253
 30
0.0
 11
143.2593216001987
 21
-477.1618956001475
 31
0.0
1001
AcDbBlockRepETag
1070
     1
1071
      103
1005
239A
  0
LINE
  5
239B
330
2333
100
AcDbEntity
  8
0
 62
     0
100
AcDbLine
 10
44.6033823993057
 20
-474.6199320005253
 30
0.0
 11
19.50498159974813
 21
-477.1618956001475
 31
0.0
1001
AcDbBlockRepETag
1070
     1
1071
      104
1005
239B
  0
LINE
  5
239C
330
2333
100
AcDbEntity
  8
0
 62
     0
100
AcDbLine
 10
80.60661000013352
 20
-455.93296200037
 30
0.0
 11
76.99939920008183
 21
-448.8328800005838
 31
0.0
1001
AcDbBlockRepETag
1070
     1
1071
      105
1005
239C
  0
LINE
  5
239D
330
2333
100
AcDbEntity
  8
0
 62
     0
100
AcDbLine
 10
96.29173079971224
 20
-467.2687932001426
 30
0.0
 11
80.60661000013352
 21
-455.93296200037
 31
0.0
1001
AcDbBlockRepETag
1070
     1
1071
      106
1005
239D
  0
LINE
  5
239E
330
2333
100
AcDbEntity
  8
0
 62
     0
100
AcDbLine
 10
118.1607911996543
 20
-474.6199320005253
 30
0.0
 11
96.29173079971224
 21
-467.2687932001426
 31
0.0
1001
AcDbBlockRepETag
1070
     1
1071
      107
1005
239E
  0
LINE
  5
239F
330
2333
100
AcDbEntity
  8
0
 62
     0
100
AcDbLine
 10
143.2593216001987
 20
-477.1618956001475
 30
0.0
 11
118.1607911996543
 21
-474.6199320005253
 31
0.0
1001
AcDbBlockRepETag
1070
     1
1071
      108
1005
239F
  0
LINE
  5
23A0
330
2333
100
AcDbEntity
  8
0
 62
     0
100
AcDbLine
 10
-43.14773000031709
 20
-455.93296200037
 30
0.0
 11
-46.75467080064118
 21
-448.8328800005838
 31
0.0
1001
AcDbBlockRepETag
1070
     1
1071
      109
1005
23A0
  0
LINE
  5
23A1
330
2333
100
AcDbEntity
  8
0
 62
     0
100
AcDbLine
 10
-27.46233920101076
 20
-467.2687932001426
 30
0.0
 11
-43.14773000031709
 21
-455.93296200037
 31
0.0
1001
AcDbBlockRepETag
1070
     1
1071
      110
1005
23A1
  0
LINE
  5
23A2
330
2333
100
AcDbEntity
  8
0
 62
     0
100
AcDbLine
 10
-5.593408400192856
 20
-474.6199320005253
 30
0.0
 11
-27.46233920101076
 21
-467.2687932001426
 31
0.0
1001
AcDbBlockRepETag
1070
     1
1071
      111
1005
23A2
  0
LINE
  5
23A3
330
2333
100
AcDbEntity
  8
0
 62
     0
100
AcDbLine
 10
19.50498159974813
 20
-477.1618956001475
 30
0.0
 11
-5.593408400192856
 21
-474.6199320005253
 31
0.0
1001
AcDbBlockRepETag
1070
     1
1071
      112
1005
23A3
  0
LINE
  5
23A4
330
2333
100
AcDbEntity
  8
0
 62
     0
100
AcDbLine
 10
203.365943999961
 20
-474.3562607998028
 30
0.0
 11
176.1086123995483
 21
-484.7133635999634
 31
0.0
1001
AcDbBlockRepETag
1070
     1
1071
      113
1005
23A4
  0
LINE
  5
23A5
330
2333
100
AcDbEntity
  8
0
 62
     0
100
AcDbLine
 10
220.5046151997521
 20
-459.1920348005369
 30
0.0
 11
203.365943999961
 21
-474.3562607998028
 31
0.0
1001
AcDbBlockRepETag
1070
     1
1071
      114
1005
23A5
  0
LINE
  5
23A6
330
2333
100
AcDbEntity
  8
0
 62
     0
100
AcDbLine
 10
79.61161479912698
 20
-474.3562607998028
 30
0.0
 11
52.35428319964558
 21
-484.7133635999634
 31
0.0
1001
AcDbBlockRepETag
1070
     1
1071
      115
1005
23A6
  0
LINE
  5
23A7
330
2333
100
AcDbEntity
  8
0
 62
     0
100
AcDbLine
 10
96.75028599891811
 20
-459.1920348005369
 30
0.0
 11
79.61161479912698
 21
-474.3562607998028
 31
0.0
1001
AcDbBlockRepETag
1070
     1
1071
      116
1005
23A7
  0
LINE
  5
23A8
330
2333
100
AcDbEntity
  8
0
 62
     0
100
AcDbLine
 10
176.1086123995483
 20
-484.7133635999634
 30
0.0
 11
143.2593216001987
 21
-488.3900939999148
 31
0.0
1001
AcDbBlockRepETag
1070
     1
1071
      117
1005
23A8
  0
LINE
  5
23A9
330
2333
100
AcDbEntity
  8
0
 62
     0
100
AcDbLine
 10
52.35428319964558
 20
-484.7133635999634
 30
0.0
 11
19.50498159974813
 21
-488.3900939999148
 31
0.0
1001
AcDbBlockRepETag
1070
     1
1071
      118
1005
23A9
  0
LINE
  5
23AA
330
2333
100
AcDbEntity
  8
0
 62
     0
100
AcDbLine
 10
83.15242919977753
 20
-474.3562607998028
 30
0.0
 11
66.01273200009018
 21
-459.1920348005369
 31
0.0
1001
AcDbBlockRepETag
1070
     1
1071
      119
1005
23AA
  0
LINE
  5
23AB
330
2333
100
AcDbEntity
  8
0
 62
     0
100
AcDbLine
 10
110.408734800294
 20
-484.7133635999634
 30
0.0
 11
83.15242919977753
 21
-474.3562607998028
 31
0.0
1001
AcDbBlockRepETag
1070
     1
1071
      120
1005
23AB
  0
LINE
  5
23AC
330
2333
100
AcDbEntity
  8
0
 62
     0
100
AcDbLine
 10
143.2593216001987
 20
-488.3900939999148
 30
0.0
 11
110.408734800294
 21
-484.7133635999634
 31
0.0
1001
AcDbBlockRepETag
1070
     1
1071
      121
1005
23AC
  0
LINE
  5
23AD
330
2333
100
AcDbEntity
  8
0
 62
     0
100
AcDbLine
 10
-40.60164080094546
 20
-474.3562607998028
 30
0.0
 11
-57.74031200073659
 21
-459.1920348005369
 31
0.0
1001
AcDbBlockRepETag
1070
     1
1071
      122
1005
23AD
  0
LINE
  5
23AE
330
2333
100
AcDbEntity
  8
0
 62
     0
100
AcDbLine
 10
-13.34430920053273
 20
-484.7133635999634
 30
0.0
 11
-40.60164080094546
 21
-474.3562607998028
 31
0.0
1001
AcDbBlockRepETag
1070
     1
1071
      123
1005
23AE
  0
LINE
  5
23AF
330
2333
100
AcDbEntity
  8
0
 62
     0
100
AcDbLine
 10
19.50498159974813
 20
-488.3900939999148
 30
0.0
 11
-13.34430920053273
 21
-484.7133635999634
 31
0.0
1001
AcDbBlockRepETag
1070
     1
1071
      124
1005
23AF
  0
LINE
  5
23B0
330
2333
100
AcDbEntity
  8
0
 62
     0
100
AcDbLine
 10
-226.9635180002079
 20
173.2133700000122
 30
0.0
 11
-226.9635180002079
 21
148.8584844004362
 31
0.0
1001
AcDbBlockRepETag
1070
     1
1071
      125
1005
23B0
  0
LINE
  5
23B1
330
2333
100
AcDbEntity
  8
0
 62
     0
100
AcDbLine
 10
-993.5752964010461
 20
173.2133699998958
 30
0.0
 11
-993.5752964010461
 21
148.8584844003199
 31
0.0
1001
AcDbBlockRepETag
1070
     1
1071
      126
1005
23B1
  0
LINE
  5
23B2
330
2333
100
AcDbEntity
  8
0
 62
     0
100
AcDbLine
 10
-960.1870748000219
 20
153.1596275996417
 30
0.0
 11
-226.9635180002079
 21
153.1596275996417
 31
0.0
1001
AcDbBlockRepETag
1070
     1
1071
      128
1005
23B2
  0
LINE
  5
23B3
330
2333
100
AcDbEntity
  8
0
 62
     0
100
AcDbLine
 10
-193.5752964001149
 20
148.8584844004362
 30
0.0
 11
-193.5752964001149
 21
173.2133700000122
 31
0.0
1001
AcDbBlockRepETag
1070
     1
1071
      129
1005
23B3
  0
LINE
  5
23B4
330
2333
100
AcDbEntity
  8
0
 62
     0
100
AcDbLine
 10
-226.9635180002079
 20
148.8584844004362
 30
0.0
 11
-193.5752964001149
 21
148.8584844004362
 31
0.0
1001
AcDbBlockRepETag
1070
     1
1071
      130
1005
23B4
  0
LINE
  5
23B5
330
2333
100
AcDbEntity
  8
0
 62
     0
100
AcDbLine
 10
-960.1870748000219
 20
148.8584844004362
 30
0.0
 11
-960.1870748000219
 21
173.2133700000122
 31
0.0
1001
AcDbBlockRepETag
1070
     1
1071
      131
1005
23B5
  0
LINE
  5
23B6
330
2333
100
AcDbEntity
  8
0
 62
     0
100
AcDbLine
 10
-993.5752964010461
 20
148.8584844003199
 30
0.0
 11
-960.1870748000219
 21
148.8584844004362
 31
0.0
1001
AcDbBlockRepETag
1070
     1
1071
      132
1005
23B6
  0
LINE
  5
23B7
330
2333
100
AcDbEntity
  8
0
 62
     0
100
AcDbLine
 10
-329.289197999984
 20
129.0810275999829
 30
0.0
 11
-889.762844399549
 21
129.0810275999829
 31
0.0
1001
AcDbBlockRepETag
1070
     1
1071
      133
1005
23B7
  0
LINE
  5
23B8
330
2333
100
AcDbEntity
  8
0
 62
     0
100
AcDbLine
 10
-329.289197999984
 20
152.8009379999712
 30
0.0
 11
-329.289197999984
 21
129.0810275999829
 31
0.0
1001
AcDbBlockRepETag
1070
     1
1071
      134
1005
23B8
  0
LINE
  5
23B9
330
2333
100
AcDbEntity
  8
0
 62
     0
100
AcDbLine
 10
-889.762844399549
 20
129.0810275999829
 30
0.0
 11
-889.762844399549
 21
152.8009379999712
 31
0.0
1001
AcDbBlockRepETag
1070
     1
1071
      135
1005
23B9
  0
LINE
  5
23BA
330
2333
100
AcDbEntity
  8
0
 62
     0
100
AcDbLine
 10
-889.762844399549
 20
129.0810275999829
 30
0.0
 11
-885.5599271999672
 21
125.925462000072
 31
0.0
1001
AcDbBlockRepETag
1070
     1
1071
      136
1005
23BA
  0
LINE
  5
23BB
330
2333
100
AcDbEntity
  8
0
 62
     0
100
AcDbLine
 10
-329.289197999984
 20
129.0810275999829
 30
0.0
 11
-329.289197999984
 21
-290.1698748003692
 31
0.0
1001
AcDbBlockRepETag
1070
     1
1071
      137
1005
23BB
  0
LINE
  5
23BC
330
2333
100
AcDbEntity
  8
0
 62
     0
100
AcDbLine
 10
-333.4932708004489
 20
125.925462000072
 30
0.0
 11
-329.289197999984
 21
129.0810275999829
 31
0.0
1001
AcDbBlockRepETag
1070
     1
1071
      138
1005
23BC
  0
LINE
  5
23BD
330
2333
100
AcDbEntity
  8
0
 62
     0
100
AcDbLine
 10
-878.8721460001543
 20
125.925462000072
 30
0.0
 11
-876.366243599914
 21
124.8264864003286
 31
0.0
1001
AcDbBlockRepETag
1070
     1
1071
      139
1005
23BD
  0
LINE
  5
23BE
330
2333
100
AcDbEntity
  8
0
 62
     0
100
AcDbLine
 10
-342.6858636001125
 20
124.8264864003286
 30
0.0
 11
-340.1799504002556
 21
125.925462000072
 31
0.0
1001
AcDbBlockRepETag
1070
     1
1071
      140
1005
23BE
  0
LINE
  5
23BF
330
2333
100
AcDbEntity
  8
0
 62
     0
100
AcDbLine
 10
-524.6257632002234
 20
124.8264864003286
 30
0.0
 11
-342.6858636001125
 21
124.8264864003286
 31
0.0
1001
AcDbBlockRepETag
1070
     1
1071
      141
1005
23BF
  0
LINE
  5
23C0
330
2333
100
AcDbEntity
  8
0
 62
     0
100
AcDbLine
 10
-876.366243599914
 20
124.8264864003286
 30
0.0
 11
-693.8820671997964
 21
124.8264864003286
 31
0.0
1001
AcDbBlockRepETag
1070
     1
1071
      142
1005
23C0
  0
LINE
  5
23C1
330
2333
100
AcDbEntity
  8
0
 62
     0
100
AcDbLine
 10
-524.6257632002234
 20
100.8743219999596
 30
0.0
 11
-374.5828212006018
 21
100.8743219999596
 31
0.0
1001
AcDbBlockRepETag
1070
     1
1071
      143
1005
23C1
  0
LINE
  5
23C2
330
2333
100
AcDbEntity
  8
0
 62
     0
100
AcDbLine
 10
-876.366243599914
 20
124.8264864003286
 30
0.0
 11
-876.366243599914
 21
-275.9254091996699
 31
0.0
1001
AcDbBlockRepETag
1070
     1
1071
      144
1005
23C2
  0
LINE
  5
23C3
330
2333
100
AcDbEntity
  8
0
 62
     0
100
AcDbLine
 10
-844.4692751998081
 20
100.8743219999596
 30
0.0
 11
-876.366243599914
 21
124.8264864003286
 31
0.0
1001
AcDbBlockRepETag
1070
     1
1071
      145
1005
23C3
  0
LINE
  5
23C4
330
2333
100
AcDbEntity
  8
0
 62
     0
100
AcDbLine
 10
-524.6257632002234
 20
128.8953756000846
 30
0.0
 11
-524.6257632002234
 21
-133.4117951998487
 31
0.0
1001
AcDbBlockRepETag
1070
     1
1071
      146
1005
23C4
  0
LINE
  5
23C5
330
2333
100
AcDbEntity
  8
0
 62
     0
100
AcDbLine
 10
-693.8820671997964
 20
128.8953756000846
 30
0.0
 11
-524.6257632002234
 21
128.8953756000846
 31
0.0
1001
AcDbBlockRepETag
1070
     1
1071
      147
1005
23C5
  0
LINE
  5
23C6
330
2333
100
AcDbEntity
  8
0
 62
     0
100
AcDbLine
 10
-693.8820671997964
 20
-133.4117951998487
 30
0.0
 11
-693.8820671997964
 21
128.8953756000846
 31
0.0
1001
AcDbBlockRepETag
1070
     1
1071
      148
1005
23C6
  0
LINE
  5
23C7
330
2333
100
AcDbEntity
  8
0
 62
     0
100
AcDbLine
 10
-524.6257632002234
 20
-133.4117951998487
 30
0.0
 11
-538.6383528001606
 21
-143.9334359997883
 31
0.0
1001
AcDbBlockRepETag
1070
     1
1071
      149
1005
23C7
  0
LINE
  5
23C8
330
2333
100
AcDbEntity
  8
0
 62
     0
100
AcDbLine
 10
-693.8820671997964
 20
-133.4117951998487
 30
0.0
 11
-524.6257632002234
 21
-133.4117951998487
 31
0.0
1001
AcDbBlockRepETag
1070
     1
1071
      150
1005
23C8
  0
LINE
  5
23C9
330
2333
100
AcDbEntity
  8
0
 62
     0
100
AcDbLine
 10
-679.8705684002489
 20
-143.9334359997883
 30
0.0
 11
-693.8820671997964
 21
-133.4117951998487
 31
0.0
1001
AcDbBlockRepETag
1070
     1
1071
      151
1005
23C9
  0
LINE
  5
23CA
330
2333
100
AcDbEntity
  8
0
 62
     0
100
AcDbLine
 10
-844.4692751998081
 20
100.8743219999596
 30
0.0
 11
-693.8820671997964
 21
100.8743219999596
 31
0.0
1001
AcDbBlockRepETag
1070
     1
1071
      152
1005
23CA
  0
LINE
  5
23CB
330
2333
100
AcDbEntity
  8
0
 62
     0
100
AcDbLine
 10
-844.4703767998143
 20
-251.9734931997955
 30
0.0
 11
-844.4692751998081
 21
100.8743219999596
 31
0.0
1001
AcDbBlockRepETag
1070
     1
1071
      153
1005
23CB
  0
LINE
  5
23CC
330
2333
100
AcDbEntity
  8
0
 62
     0
100
AcDbLine
 10
-831.0726743992418
 20
-246.0988116003573
 30
0.0
 11
-844.4703767998143
 21
-251.9734931997955
 31
0.0
1001
AcDbBlockRepETag
1070
     1
1071
      154
1005
23CC
  0
LINE
  5
23CD
330
2333
100
AcDbEntity
  8
0
 62
     0
100
AcDbLine
 10
-387.9794976003468
 20
-246.0988116003573
 30
0.0
 11
-831.0726743992418
 21
-246.0988116003573
 31
0.0
1001
AcDbBlockRepETag
1070
     1
1071
      155
1005
23CD
  0
LINE
  5
23CE
330
2333
100
AcDbEntity
  8
0
 62
     0
100
AcDbLine
 10
-374.5828212006018
 20
-251.9734931997955
 30
0.0
 11
-387.9794976003468
 21
-246.0988116003573
 31
0.0
1001
AcDbBlockRepETag
1070
     1
1071
      156
1005
23CE
  0
LINE
  5
23CF
330
2333
100
AcDbEntity
  8
0
 62
     0
100
AcDbLine
 10
-374.5828212006018
 20
100.8743219999596
 30
0.0
 11
-374.5828212006018
 21
-251.9734931997955
 31
0.0
1001
AcDbBlockRepETag
1070
     1
1071
      157
1005
23CF
  0
LINE
  5
23D0
330
2333
100
AcDbEntity
  8
0
 62
     0
100
AcDbLine
 10
-342.6858636001125
 20
124.8264864003286
 30
0.0
 11
-374.5828212006018
 21
100.8743219999596
 31
0.0
1001
AcDbBlockRepETag
1070
     1
1071
      158
1005
23D0
  0
LINE
  5
23D1
330
2333
100
AcDbEntity
  8
0
 62
     0
100
AcDbLine
 10
-342.6858636001125
 20
-275.9254091996699
 30
0.0
 11
-342.6858636001125
 21
124.8264864003286
 31
0.0
1001
AcDbBlockRepETag
1070
     1
1071
      159
1005
23D1
  0
LINE
  5
23D2
330
2333
100
AcDbEntity
  8
0
 62
     0
100
AcDbLine
 10
-374.5828212006018
 20
-251.9734931997955
 30
0.0
 11
-342.6858636001125
 21
-275.9254091996699
 31
0.0
1001
AcDbBlockRepETag
1070
     1
1071
      160
1005
23D2
  0
LINE
  5
23D3
330
2333
100
AcDbEntity
  8
0
 62
     0
100
AcDbLine
 10
-844.4703767998143
 20
-251.9734931997955
 30
0.0
 11
-374.5828212006018
 21
-251.9734931997955
 31
0.0
1001
AcDbBlockRepETag
1070
     1
1071
      161
1005
23D3
  0
LINE
  5
23D4
330
2333
100
AcDbEntity
  8
0
 62
     0
100
AcDbLine
 10
-876.366243599914
 20
-275.9254091996699
 30
0.0
 11
-844.4703767998143
 21
-251.9734931997955
 31
0.0
1001
AcDbBlockRepETag
1070
     1
1071
      162
1005
23D4
  0
LINE
  5
23D5
330
2333
100
AcDbEntity
  8
0
 62
     0
100
AcDbLine
 10
-329.289197999984
 20
-290.1698748003692
 30
0.0
 11
-329.289197999984
 21
28.48068000003696
 31
0.0
1001
AcDbBlockRepETag
1070
     1
1071
      163
1005
23D5
  0
LINE
  5
23D6
330
2333
100
AcDbEntity
  8
0
 62
     0
100
AcDbLine
 10
-889.7639351999387
 20
-290.1698748003692
 30
0.0
 11
-889.762844399549
 21
130.7009087996557
 31
0.0
1001
AcDbBlockRepETag
1070
     1
1071
      164
1005
23D6
  0
LINE
  5
23D7
330
2333
100
AcDbEntity
  8
0
 62
     0
100
AcDbLine
 10
-876.366243599914
 20
-275.9254091996699
 30
0.0
 11
-889.7639351999387
 21
-290.1698748003692
 31
0.0
1001
AcDbBlockRepETag
1070
     1
1071
      165
1005
23D7
  0
LINE
  5
23D8
330
2333
100
AcDbEntity
  8
0
 62
     0
100
AcDbLine
 10
-342.6858636001125
 20
-275.9254091996699
 30
0.0
 11
-876.366243599914
 21
-275.9254091996699
 31
0.0
1001
AcDbBlockRepETag
1070
     1
1071
      166
1005
23D8
  0
LINE
  5
23D9
330
2333
100
AcDbEntity
  8
0
 62
     0
100
AcDbLine
 10
-329.289197999984
 20
-290.1698748003692
 30
0.0
 11
-342.6858636001125
 21
-275.9254091996699
 31
0.0
1001
AcDbBlockRepETag
1070
     1
1071
      167
1005
23D9
  0
LINE
  5
23DA
330
2333
100
AcDbEntity
  8
0
 62
     0
100
AcDbLine
 10
-889.7639351999387
 20
-290.1698748003692
 30
0.0
 11
-329.289197999984
 21
-290.1698748003692
 31
0.0
1001
AcDbBlockRepETag
1070
     1
1071
      168
1005
23DA
  0
LINE
  5
23DB
330
2333
100
AcDbEntity
  8
0
 62
     0
100
AcDbLine
 10
407.9235707996413
 20
-448.092583199963
 30
0.0
 11
806.4247035998851
 21
-448.092583199963
 31
0.0
1001
AcDbBlockRepETag
1070
     1
1071
      170
1005
23DB
  0
LINE
  5
23DC
330
2333
100
AcDbEntity
  8
0
 62
     0
100
AcDbLine
 10
-889.762844399549
 20
110.0734812002629
 30
0.0
 11
-940.4564028000459
 21
110.0734812002629
 31
0.0
1001
AcDbBlockRepETag
1070
     1
1071
      190
1005
23DC
  0
LINE
  5
23DD
330
2333
100
AcDbEntity
  8
0
 62
     0
100
AcDbLine
 10
-940.4564028000459
 20
110.0734812002629
 30
0.0
 11
-940.4564027991145
 21
-384.4505916005001
 31
0.0
1001
AcDbBlockRepETag
1070
     1
1071
      191
1005
23DD
  0
LINE
  5
23DE
330
2333
100
AcDbEntity
  8
0
 62
     0
100
AcDbLine
 10
-889.762844399549
 20
99.55184040032328
 30
0.0
 11
-929.9316731998697
 21
99.55184040032328
 31
0.0
1001
AcDbBlockRepETag
1070
     1
1071
      192
1005
23DE
  0
LINE
  5
23DF
330
2333
100
AcDbEntity
  8
0
 62
     0
100
AcDbLine
 10
-929.9316731998697
 20
99.55184040032328
 30
0.0
 11
-929.9316731998697
 21
-373.9289508005604
 31
0.0
1001
AcDbBlockRepETag
1070
     1
1071
      193
1005
23DF
  0
LINE
  5
23E0
330
2333
100
AcDbEntity
  8
0
 62
     0
100
AcDbLine
 10
-298.4501436008141
 20
99.55184040032328
 30
0.0
 11
-329.289197999984
 21
99.55184040032328
 31
0.0
1001
AcDbBlockRepETag
1070
     1
1071
      194
1005
23E0
  0
LINE
  5
23E1
330
2333
100
AcDbEntity
  8
0
 62
     0
100
AcDbLine
 10
-298.4501435998827
 20
-373.9289508005604
 30
0.0
 11
-298.4501436008141
 21
99.55184040032328
 31
0.0
1001
AcDbBlockRepETag
1070
     1
1071
      195
1005
23E1
  0
LINE
  5
23E2
330
2333
100
AcDbEntity
  8
0
 62
     0
100
AcDbLine
 10
-929.9316731998697
 20
-373.9289508005604
 30
0.0
 11
-298.4501435998827
 21
-373.9289508005604
 31
0.0
1001
AcDbBlockRepETag
1070
     1
1071
      196
1005
23E2
  0
LINE
  5
23E3
330
2333
100
AcDbEntity
  8
0
 62
     0
100
AcDbLine
 10
-287.9254140006379
 20
110.0734812002629
 30
0.0
 11
-329.289197999984
 21
110.0734812002629
 31
0.0
1001
AcDbBlockRepETag
1070
     1
1071
      197
1005
23E3
  0
LINE
  5
23E4
330
2333
100
AcDbEntity
  8
0
 62
     0
100
AcDbLine
 10
-287.9254140006379
 20
-384.4505916005001
 30
0.0
 11
-287.9254140006379
 21
110.0734812002629
 31
0.0
1001
AcDbBlockRepETag
1070
     1
1071
      198
1005
23E4
  0
LINE
  5
23E5
330
2333
100
AcDbEntity
  8
0
 62
     0
100
AcDbLine
 10
-940.4564027991145
 20
-384.4505916005001
 30
0.0
 11
-287.9254140006379
 21
-384.4505916005001
 31
0.0
1001
AcDbBlockRepETag
1070
     1
1071
      199
1005
23E5
  0
LINE
  5
23E6
330
2333
100
AcDbEntity
  8
0
 62
     0
100
AcDbLine
 10
-419.4840371999889
 20
-449.2211723998188
 30
0.0
 11
-419.4840371999889
 21
-461.2591872001067
 31
0.0
1001
AcDbBlockRepETag
1070
     1
1071
      201
1005
23E6
  0
LINE
  5
23E7
330
2333
100
AcDbEntity
  8
0
 62
     0
100
AcDbLine
 10
-524.7313440004363
 20
-449.2211723998188
 30
0.0
 11
-524.7313440004363
 21
-461.2591872001067
 31
0.0
1001
AcDbBlockRepETag
1070
     1
1071
      202
1005
23E7
  0
LINE
  5
23E8
330
2333
100
AcDbEntity
  8
0
 62
     0
100
AcDbLine
 10
-547.8278676001354
 20
-449.2211723998188
 30
0.0
 11
-551.4349379995837
 21
-456.3192023998126
 31
0.0
1001
AcDbBlockRepETag
1070
     1
1071
      203
1005
23E8
  0
LINE
  5
23E9
330
2333
100
AcDbEntity
  8
0
 62
     0
100
AcDbLine
 10
-629.978585999459
 20
-449.2211723998188
 30
0.0
 11
-629.978585999459
 21
-461.2591872001067
 31
0.0
1001
AcDbBlockRepETag
1070
     1
1071
      204
1005
23E9
  0
LINE
  5
23EA
330
2333
100
AcDbEntity
  8
0
 62
     0
100
AcDbLine
 10
-735.2247911999001
 20
-449.2211723998188
 30
0.0
 11
-735.2247911999001
 21
-461.2591872001067
 31
0.0
1001
AcDbBlockRepETag
1070
     1
1071
      205
1005
23EA
  0
LINE
  5
23EB
330
2333
100
AcDbEntity
  8
0
 62
     0
100
AcDbLine
 10
-840.4720331998541
 20
-449.2211723998188
 30
0.0
 11
-840.4720331998541
 21
-461.2591872001067
 31
0.0
1001
AcDbBlockRepETag
1070
     1
1071
      206
1005
23EB
  0
LINE
  5
23EC
330
2333
100
AcDbEntity
  8
0
 62
     0
100
AcDbLine
 10
-193.2029664004221
 20
-449.2211723998188
 30
0.0
 11
-193.2029664004221
 21
-448.8328800005838
 31
0.0
1001
AcDbBlockRepETag
1070
     1
1071
      207
1005
23EC
  0
LINE
  5
23ED
330
2333
100
AcDbEntity
  8
0
 62
     0
100
AcDbLine
 10
-993.8184314006939
 20
-449.2211723999353
 30
0.0
 11
-193.2029664004221
 21
-449.2211723998188
 31
0.0
1001
AcDbBlockRepETag
1070
     1
1071
      208
1005
23ED
  0
LINE
  5
23EE
330
2333
100
AcDbEntity
  8
0
 62
     0
100
AcDbLine
 10
-551.4349379995837
 20
-456.3192023998126
 30
0.0
 11
-567.1201991997659
 21
-467.657085600309
 31
0.0
1001
AcDbBlockRepETag
1070
     1
1071
      209
1005
23EE
  0
LINE
  5
23EF
330
2333
100
AcDbEntity
  8
0
 62
     0
100
AcDbLine
 10
-536.84222640004
 20
-459.5800788002089
 30
0.0
 11
-534.1928891995921
 21
-449.2211723998188
 31
0.0
1001
AcDbBlockRepETag
1070
     1
1071
      210
1005
23EF
  0
LINE
  5
23F0
330
2333
100
AcDbEntity
  8
0
 62
     0
100
AcDbLine
 10
-691.333925999701
 20
-459.5800788002089
 30
0.0
 11
-693.9822912001982
 21
-449.2211723998188
 31
0.0
1001
AcDbBlockRepETag
1070
     1
1071
      211
1005
23F0
  0
LINE
  5
23F1
330
2333
100
AcDbEntity
  8
0
 62
     0
100
AcDbLine
 10
-392.5336308004334
 20
-461.2591872001067
 30
0.0
 11
-392.5336308004334
 21
-449.2211723998188
 31
0.0
1001
AcDbBlockRepETag
1070
     1
1071
      212
1005
23F1
  0
LINE
  5
23F2
330
2333
100
AcDbEntity
  8
0
 62
     0
100
AcDbLine
 10
-403.6974504003301
 20
-461.2591872001067
 30
0.0
 11
-403.6974504003301
 21
-449.2211723998188
 31
0.0
1001
AcDbBlockRepETag
1070
     1
1071
      213
1005
23F2
  0
LINE
  5
23F3
330
2333
100
AcDbEntity
  8
0
 62
     0
100
AcDbLine
 10
-414.8602440003306
 20
-461.2591872001067
 30
0.0
 11
-414.8602440003306
 21
-449.2211723998188
 31
0.0
1001
AcDbBlockRepETag
1070
     1
1071
      214
1005
23F3
  0
LINE
  5
23F4
330
2333
100
AcDbEntity
  8
0
 62
     0
100
AcDbLine
 10
-387.9098375998438
 20
-461.2591872001067
 30
0.0
 11
-387.9098375998438
 21
-449.2211723998188
 31
0.0
1001
AcDbBlockRepETag
1070
     1
1071
      215
1005
23F4
  0
LINE
  5
23F5
330
2333
100
AcDbEntity
  8
0
 62
     0
100
AcDbLine
 10
-419.4840371999889
 20
-461.2591872001067
 30
0.0
 11
-387.9098375998438
 21
-461.2591872001067
 31
0.0
1001
AcDbBlockRepETag
1070
     1
1071
      216
1005
23F5
  0
LINE
  5
23F6
330
2333
100
AcDbEntity
  8
0
 62
     0
100
AcDbLine
 10
-497.780807999894
 20
-461.2591872001067
 30
0.0
 11
-497.780807999894
 21
-449.2211723998188
 31
0.0
1001
AcDbBlockRepETag
1070
     1
1071
      217
1005
23F6
  0
LINE
  5
23F7
330
2333
100
AcDbEntity
  8
0
 62
     0
100
AcDbLine
 10
-508.94373119995
 20
-461.2591872001067
 30
0.0
 11
-508.94373119995
 21
-449.2211723998188
 31
0.0
1001
AcDbBlockRepETag
1070
     1
1071
      218
1005
23F7
  0
LINE
  5
23F8
330
2333
100
AcDbEntity
  8
0
 62
     0
100
AcDbLine
 10
-520.1075507998466
 20
-461.2591872001067
 30
0.0
 11
-520.1075507998466
 21
-449.2211723998188
 31
0.0
1001
AcDbBlockRepETag
1070
     1
1071
      219
1005
23F8
  0
LINE
  5
23F9
330
2333
100
AcDbEntity
  8
0
 62
     0
100
AcDbLine
 10
-493.1571444002911
 20
-461.2591872001067
 30
0.0
 11
-493.1571444002911
 21
-449.2211723998188
 31
0.0
1001
AcDbBlockRepETag
1070
     1
1071
      220
1005
23F9
  0
LINE
  5
23FA
330
2333
100
AcDbEntity
  8
0
 62
     0
100
AcDbLine
 10
-524.7313440004363
 20
-461.2591872001067
 30
0.0
 11
-493.1571444002911
 21
-461.2591872001067
 31
0.0
1001
AcDbBlockRepETag
1070
     1
1071
      221
1005
23FA
  0
LINE
  5
23FB
330
2333
100
AcDbEntity
  8
0
 62
     0
100
AcDbLine
 10
-603.0281148003414
 20
-461.2591872001067
 30
0.0
 11
-603.0281148003414
 21
-449.2211723998188
 31
0.0
1001
AcDbBlockRepETag
1070
     1
1071
      222
1005
23FB
  0
LINE
  5
23FC
330
2333
100
AcDbEntity
  8
0
 62
     0
100
AcDbLine
 10
-614.190973199904
 20
-461.2591872001067
 30
0.0
 11
-614.190973199904
 21
-449.2211723998188
 31
0.0
1001
AcDbBlockRepETag
1070
     1
1071
      223
1005
23FC
  0
LINE
  5
23FD
330
2333
100
AcDbEntity
  8
0
 62
     0
100
AcDbLine
 10
-625.3537667999044
 20
-461.2591872001067
 30
0.0
 11
-625.3537667999044
 21
-449.2211723998188
 31
0.0
1001
AcDbBlockRepETag
1070
     1
1071
      224
1005
23FD
  0
LINE
  5
23FE
330
2333
100
AcDbEntity
  8
0
 62
     0
100
AcDbLine
 10
-598.4043864002451
 20
-461.2591872001067
 30
0.0
 11
-598.4043864002451
 21
-449.2211723998188
 31
0.0
1001
AcDbBlockRepETag
1070
     1
1071
      225
1005
23FE
  0
LINE
  5
23FF
330
2333
100
AcDbEntity
  8
0
 62
     0
100
AcDbLine
 10
-629.978585999459
 20
-461.2591872001067
 30
0.0
 11
-598.4043864002451
 21
-461.2591872001067
 31
0.0
1001
AcDbBlockRepETag
1070
     1
1071
      226
1005
23FF
  0
LINE
  5
2400
330
2333
100
AcDbEntity
  8
0
 62
     0
100
AcDbLine
 10
-708.2743199998512
 20
-461.2591872001067
 30
0.0
 11
-708.2743199998512
 21
-449.2211723998188
 31
0.0
1001
AcDbBlockRepETag
1070
     1
1071
      227
1005
2400
  0
LINE
  5
2401
330
2333
100
AcDbEntity
  8
0
 62
     0
100
AcDbLine
 10
-719.4382151998579
 20
-461.2591872001067
 30
0.0
 11
-719.4382151998579
 21
-449.2211723998188
 31
0.0
1001
AcDbBlockRepETag
1070
     1
1071
      228
1005
2401
  0
LINE
  5
2402
330
2333
100
AcDbEntity
  8
0
 62
     0
100
AcDbLine
 10
-730.6010087998584
 20
-461.2591872001067
 30
0.0
 11
-730.6010087998584
 21
-449.2211723998188
 31
0.0
1001
AcDbBlockRepETag
1070
     1
1071
      229
1005
2402
  0
LINE
  5
2403
330
2333
100
AcDbEntity
  8
0
 62
     0
100
AcDbLine
 10
-703.6506023993715
 20
-461.2591872001067
 30
0.0
 11
-703.6506023993715
 21
-449.2211723998188
 31
0.0
1001
AcDbBlockRepETag
1070
     1
1071
      230
1005
2403
  0
LINE
  5
2404
330
2333
100
AcDbEntity
  8
0
 62
     0
100
AcDbLine
 10
-735.2247911999001
 20
-461.2591872001067
 30
0.0
 11
-703.6506023993715
 21
-461.2591872001067
 31
0.0
1001
AcDbBlockRepETag
1070
     1
1071
      231
1005
2404
  0
LINE
  5
2405
330
2333
100
AcDbEntity
  8
0
 62
     0
100
AcDbLine
 10
-813.5216267993673
 20
-461.2591872001067
 30
0.0
 11
-813.5216267993673
 21
-449.2211723998188
 31
0.0
1001
AcDbBlockRepETag
1070
     1
1071
      232
1005
2405
  0
LINE
  5
2406
330
2333
100
AcDbEntity
  8
0
 62
     0
100
AcDbLine
 10
-824.6854571998118
 20
-461.2591872001067
 30
0.0
 11
-824.6854571998118
 21
-449.2211723998188
 31
0.0
1001
AcDbBlockRepETag
1070
     1
1071
      233
1005
2406
  0
LINE
  5
2407
330
2333
100
AcDbEntity
  8
0
 62
     0
100
AcDbLine
 10
-835.8482507998123
 20
-461.2591872001067
 30
0.0
 11
-835.8482507998123
 21
-449.2211723998188
 31
0.0
1001
AcDbBlockRepETag
1070
     1
1071
      234
1005
2407
  0
LINE
  5
2408
330
2333
100
AcDbEntity
  8
0
 62
     0
100
AcDbLine
 10
-808.8978443993255
 20
-461.2591872001067
 30
0.0
 11
-808.8978443993255
 21
-449.2211723998188
 31
0.0
1001
AcDbBlockRepETag
1070
     1
1071
      235
1005
2408
  0
LINE
  5
2409
330
2333
100
AcDbEntity
  8
0
 62
     0
100
AcDbLine
 10
-840.4720331998541
 20
-461.2591872001067
 30
0.0
 11
-808.8978443993255
 21
-461.2591872001067
 31
0.0
1001
AcDbBlockRepETag
1070
     1
1071
      236
1005
2409
  0
LINE
  5
240A
330
2333
100
AcDbEntity
  8
0
 62
     0
100
AcDbLine
 10
-567.1201991997659
 20
-467.657085600309
 30
0.0
 11
-588.9891299996524
 21
-475.0082352003082
 31
0.0
1001
AcDbBlockRepETag
1070
     1
1071
      237
1005
240A
  0
LINE
  5
240B
330
2333
100
AcDbEntity
  8
0
 62
     0
100
AcDbLine
 10
-588.9891299996524
 20
-475.0082352003082
 30
0.0
 11
-614.0875848000868
 21
-477.5499395998195
 31
0.0
1001
AcDbBlockRepETag
1070
     1
1071
      238
1005
240B
  0
LINE
  5
240C
330
2333
100
AcDbEntity
  8
0
 62
     0
100
AcDbLine
 10
-676.7402315996587
 20
-456.3192023998126
 30
0.0
 11
-680.3472480000928
 21
-449.2211723998188
 31
0.0
1001
AcDbBlockRepETag
1070
     1
1071
      239
1005
240C
  0
LINE
  5
240D
330
2333
100
AcDbEntity
  8
0
 62
     0
100
AcDbLine
 10
-661.054916399531
 20
-467.657085600309
 30
0.0
 11
-676.7402315996587
 21
-456.3192023998126
 31
0.0
1001
AcDbBlockRepETag
1070
     1
1071
      240
1005
240D
  0
LINE
  5
240E
330
2333
100
AcDbEntity
  8
0
 62
     0
100
AcDbLine
 10
-639.1859855996444
 20
-475.0082352003082
 30
0.0
 11
-661.054916399531
 21
-467.657085600309
 31
0.0
1001
AcDbBlockRepETag
1070
     1
1071
      241
1005
240E
  0
LINE
  5
240F
330
2333
100
AcDbEntity
  8
0
 62
     0
100
AcDbLine
 10
-614.0875848000868
 20
-477.5499395998195
 30
0.0
 11
-639.1859855996444
 21
-475.0082352003082
 31
0.0
1001
AcDbBlockRepETag
1070
     1
1071
      242
1005
240F
  0
LINE
  5
2410
330
2333
100
AcDbEntity
  8
0
 62
     0
100
AcDbLine
 10
-553.9808975998312
 20
-474.7445640005171
 30
0.0
 11
-581.2382292002439
 21
-485.1014076005667
 31
0.0
1001
AcDbBlockRepETag
1070
     1
1071
      243
1005
2410
  0
LINE
  5
2411
330
2333
100
AcDbEntity
  8
0
 62
     0
100
AcDbLine
 10
-536.84222640004
 20
-459.5800788002089
 30
0.0
 11
-553.9808975998312
 21
-474.7445640005171
 31
0.0
1001
AcDbBlockRepETag
1070
     1
1071
      244
1005
2411
  0
LINE
  5
2412
330
2333
100
AcDbEntity
  8
0
 62
     0
100
AcDbLine
 10
-581.2382292002439
 20
-485.1014076005667
 30
0.0
 11
-614.0875848000868
 21
-488.778138000518
 31
0.0
1001
AcDbBlockRepETag
1070
     1
1071
      245
1005
2412
  0
LINE
  5
2413
330
2333
100
AcDbEntity
  8
0
 62
     0
100
AcDbLine
 10
-674.1942179994658
 20
-474.7445640005171
 30
0.0
 11
-691.333925999701
 21
-459.5800788002089
 31
0.0
1001
AcDbBlockRepETag
1070
     1
1071
      246
1005
2413
  0
LINE
  5
2414
330
2333
100
AcDbEntity
  8
0
 62
     0
100
AcDbLine
 10
-646.9368863999843
 20
-485.1014076005667
 30
0.0
 11
-674.1942179994658
 21
-474.7445640005171
 31
0.0
1001
AcDbBlockRepETag
1070
     1
1071
      247
1005
2414
  0
LINE
  5
2415
330
2333
100
AcDbEntity
  8
0
 62
     0
100
AcDbLine
 10
-614.0875848000868
 20
-488.778138000518
 30
0.0
 11
-646.9368863999843
 21
-485.1014076005667
 31
0.0
1001
AcDbBlockRepETag
1070
     1
1071
      248
1005
2415
  0
LINE
  5
2416
330
2333
100
AcDbEntity
  8
0
 62
     0
100
AcDbLine
 10
-1040.576464529149
 20
40.10368742793798
 30
0.0
 11
-1042.448525729589
 21
39.85263062734157
 31
0.0
1001
AcDbBlockRepETag
1070
     1
1071
      249
1005
2416
  0
LINE
  5
2417
330
2333
100
AcDbEntity
  8
0
 62
     0
100
AcDbLine
 10
-1038.893176529556
 20
40.81437062751501
 30
0.0
 11
-1040.576464529149
 21
40.10368742793798
 31
0.0
1001
AcDbBlockRepETag
1070
     1
1071
      250
1005
2417
  0
LINE
  5
2418
330
2333
100
AcDbEntity
  8
0
 62
     0
100
AcDbLine
 10
-1037.467252529226
 20
41.91772022750228
 30
0.0
 11
-1038.893176529556
 21
40.81437062751501
 31
0.0
1001
AcDbBlockRepETag
1070
     1
1071
      251
1005
2418
  0
LINE
  5
2419
330
2333
100
AcDbEntity
  8
0
 62
     0
100
AcDbLine
 10
-1036.365090928971
 20
43.34139782749116
 30
0.0
 11
-1037.467252529226
 21
41.91772022750228
 31
0.0
1001
AcDbBlockRepETag
1070
     1
1071
      252
1005
2419
  0
LINE
  5
241A
330
2333
100
AcDbEntity
  8
0
 62
     0
100
AcDbLine
 10
-1035.654213328846
 20
45.02488022763282
 30
0.0
 11
-1036.365090928971
 21
43.34139782749116
 31
0.0
1001
AcDbBlockRepETag
1070
     1
1071
      253
1005
241A
  0
LINE
  5
241B
330
2333
100
AcDbEntity
  8
0
 62
     0
100
AcDbLine
 10
-1035.402162929065
 20
46.89581822790205
 30
0.0
 11
-1035.654213328846
 21
45.02488022763282
 31
0.0
1001
AcDbBlockRepETag
1070
     1
1071
      254
1005
241B
  0
LINE
  5
241C
330
2333
100
AcDbEntity
  8
0
 62
     0
100
AcDbLine
 10
-1035.654213328846
 20
48.76675622723997
 30
0.0
 11
-1035.402162929065
 21
46.89581822790205
 31
0.0
1001
AcDbBlockRepETag
1070
     1
1071
      255
1005
241C
  0
LINE
  5
241D
330
2333
100
AcDbEntity
  8
0
 62
     0
100
AcDbLine
 10
-1036.365090928971
 20
50.44997942727059
 30
0.0
 11
-1035.654213328846
 21
48.76675622723997
 31
0.0
1001
AcDbBlockRepETag
1070
     1
1071
      256
1005
241D
  0
LINE
  5
241E
330
2333
100
AcDbEntity
  8
0
 62
     0
100
AcDbLine
 10
-1037.467252529226
 20
51.87390542775393
 30
0.0
 11
-1036.365090928971
 21
50.44997942727059
 31
0.0
1001
AcDbBlockRepETag
1070
     1
1071
      257
1005
241E
  0
LINE
  5
241F
330
2333
100
AcDbEntity
  8
0
 62
     0
100
AcDbLine
 10
-1038.893176529556
 20
52.97700662724674
 30
0.0
 11
-1037.467252529226
 21
51.87390542775393
 31
0.0
1001
AcDbBlockRepETag
1070
     1
1071
      258
1005
241F
  0
LINE
  5
2420
330
2333
100
AcDbEntity
  8
0
 62
     0
100
AcDbLine
 10
-1040.576464529149
 20
53.68793822731823
 30
0.0
 11
-1038.893176529556
 21
52.97700662724674
 31
0.0
1001
AcDbBlockRepETag
1070
     1
1071
      259
1005
2420
  0
LINE
  5
2421
330
2333
100
AcDbEntity
  8
0
 62
     0
100
AcDbLine
 10
-1042.448525729589
 20
53.93899502791464
 30
0.0
 11
-1040.576464529149
 21
53.68793822731823
 31
0.0
1001
AcDbBlockRepETag
1070
     1
1071
      260
1005
2421
  0
LINE
  5
2422
330
2333
100
AcDbEntity
  8
0
 62
     0
100
AcDbLine
 10
-1044.31952852942
 20
53.68793822731823
 30
0.0
 11
-1042.448525729589
 21
53.93899502791464
 31
0.0
1001
AcDbBlockRepETag
1070
     1
1071
      261
1005
2422
  0
LINE
  5
2423
330
2333
100
AcDbEntity
  8
0
 62
     0
100
AcDbLine
 10
-1046.002827329561
 20
52.97700662724674
 30
0.0
 11
-1044.31952852942
 21
53.68793822731823
 31
0.0
1001
AcDbBlockRepETag
1070
     1
1071
      262
1005
2423
  0
LINE
  5
2424
330
2333
100
AcDbEntity
  8
0
 62
     0
100
AcDbLine
 10
-1047.42875132896
 20
51.87390542775393
 30
0.0
 11
-1046.002827329561
 21
52.97700662724674
 31
0.0
1001
AcDbBlockRepETag
1070
     1
1071
      263
1005
2424
  0
LINE
  5
2425
330
2333
100
AcDbEntity
  8
0
 62
     0
100
AcDbLine
 10
-1048.530912929214
 20
50.44997942727059
 30
0.0
 11
-1047.42875132896
 21
51.87390542775393
 31
0.0
1001
AcDbBlockRepETag
1070
     1
1071
      264
1005
2425
  0
LINE
  5
2426
330
2333
100
AcDbEntity
  8
0
 62
     0
100
AcDbLine
 10
-1049.241779728792
 20
48.76675622723997
 30
0.0
 11
-1048.530912929214
 21
50.44997942727059
 31
0.0
1001
AcDbBlockRepETag
1070
     1
1071
      265
1005
2426
  0
LINE
  5
2427
330
2333
100
AcDbEntity
  8
0
 62
     0
100
AcDbLine
 10
-1049.493840929121
 20
46.89581822790205
 30
0.0
 11
-1049.241779728792
 21
48.76675622723997
 31
0.0
1001
AcDbBlockRepETag
1070
     1
1071
      266
1005
2427
  0
LINE
  5
2428
330
2333
100
AcDbEntity
  8
0
 62
     0
100
AcDbLine
 10
-1049.241779728792
 20
45.02488022763282
 30
0.0
 11
-1049.493840929121
 21
46.89581822790205
 31
0.0
1001
AcDbBlockRepETag
1070
     1
1071
      267
1005
2428
  0
LINE
  5
2429
330
2333
100
AcDbEntity
  8
0
 62
     0
100
AcDbLine
 10
-1048.530912929214
 20
43.34139782749116
 30
0.0
 11
-1049.241779728792
 21
45.02488022763282
 31
0.0
1001
AcDbBlockRepETag
1070
     1
1071
      268
1005
2429
  0
LINE
  5
242A
330
2333
100
AcDbEntity
  8
0
 62
     0
100
AcDbLine
 10
-1047.42875132896
 20
41.91772022750228
 30
0.0
 11
-1048.530912929214
 21
43.34139782749116
 31
0.0
1001
AcDbBlockRepETag
1070
     1
1071
      269
1005
242A
  0
LINE
  5
242B
330
2333
100
AcDbEntity
  8
0
 62
     0
100
AcDbLine
 10
-1046.002827329561
 20
40.81437062751501
 30
0.0
 11
-1047.42875132896
 21
41.91772022750228
 31
0.0
1001
AcDbBlockRepETag
1070
     1
1071
      270
1005
242B
  0
LINE
  5
242C
330
2333
100
AcDbEntity
  8
0
 62
     0
100
AcDbLine
 10
-1044.31952852942
 20
40.10368742793798
 30
0.0
 11
-1046.002827329561
 21
40.81437062751501
 31
0.0
1001
AcDbBlockRepETag
1070
     1
1071
      271
1005
242C
  0
LINE
  5
242D
330
2333
100
AcDbEntity
  8
0
 62
     0
100
AcDbLine
 10
-1042.448525729589
 20
39.85263062734157
 30
0.0
 11
-1044.31952852942
 21
40.10368742793798
 31
0.0
1001
AcDbBlockRepETag
1070
     1
1071
      272
1005
242D
  0
LINE
  5
242E
330
2333
100
AcDbEntity
  8
0
 62
     0
100
AcDbLine
 10
-1039.774899329059
 20
38.66069942712784
 30
0.0
 11
-1042.044594929553
 21
38.35712222754955
 31
0.0
1001
AcDbBlockRepETag
1070
     1
1071
      273
1005
242E
  0
LINE
  5
242F
330
2333
100
AcDbEntity
  8
0
 62
     0
100
AcDbLine
 10
-1037.735135729424
 20
39.5235546277836
 30
0.0
 11
-1039.774899329059
 21
38.66069942712784
 31
0.0
1001
AcDbBlockRepETag
1070
     1
1071
      274
1005
242F
  0
LINE
  5
2430
330
2333
100
AcDbEntity
  8
0
 62
     0
100
AcDbLine
 10
-1036.006498529576
 20
40.85866142716258
 30
0.0
 11
-1037.735135729424
 21
39.5235546277836
 31
0.0
1001
AcDbBlockRepETag
1070
     1
1071
      275
1005
2430
  0
LINE
  5
2431
330
2333
100
AcDbEntity
  8
0
 62
     0
100
AcDbLine
 10
-1034.670214529149
 20
42.58848662767559
 30
0.0
 11
-1036.006498529576
 21
40.85866142716258
 31
0.0
1001
AcDbBlockRepETag
1070
     1
1071
      276
1005
2431
  0
LINE
  5
2432
330
2333
100
AcDbEntity
  8
0
 62
     0
100
AcDbLine
 10
-1033.808514929376
 20
44.62602542713284
 30
0.0
 11
-1034.670214529149
 21
42.58848662767559
 31
0.0
1001
AcDbBlockRepETag
1070
     1
1071
      277
1005
2432
  0
LINE
  5
2433
330
2333
100
AcDbEntity
  8
0
 62
     0
100
AcDbLine
 10
-1033.502680528909
 20
46.89581822790205
 30
0.0
 11
-1033.808514929376
 21
44.62602542713284
 31
0.0
1001
AcDbBlockRepETag
1070
     1
1071
      278
1005
2433
  0
LINE
  5
2434
330
2333
100
AcDbEntity
  8
0
 62
     0
100
AcDbLine
 10
-1033.808514929376
 20
49.16535182762891
 30
0.0
 11
-1033.502680528909
 21
46.89581822790205
 31
0.0
1001
AcDbBlockRepETag
1070
     1
1071
      279
1005
2434
  0
LINE
  5
2435
330
2333
100
AcDbEntity
  8
0
 62
     0
100
AcDbLine
 10
-1034.670214529149
 20
51.20313902758062
 30
0.0
 11
-1033.808514929376
 21
49.16535182762891
 31
0.0
1001
AcDbBlockRepETag
1070
     1
1071
      280
1005
2435
  0
LINE
  5
2436
330
2333
100
AcDbEntity
  8
0
 62
     0
100
AcDbLine
 10
-1036.006498529576
 20
52.93271582759917
 30
0.0
 11
-1034.670214529149
 21
51.20313902758062
 31
0.0
1001
AcDbBlockRepETag
1070
     1
1071
      281
1005
2436
  0
LINE
  5
2437
330
2333
100
AcDbEntity
  8
0
 62
     0
100
AcDbLine
 10
-1037.735135729424
 20
54.26807102747261
 30
0.0
 11
-1036.006498529576
 21
52.93271582759917
 31
0.0
1001
AcDbBlockRepETag
1070
     1
1071
      282
1005
2437
  0
LINE
  5
2438
330
2333
100
AcDbEntity
  8
0
 62
     0
100
AcDbLine
 10
-1039.774899329059
 20
55.13066702708602
 30
0.0
 11
-1037.735135729424
 21
54.26807102747261
 31
0.0
1001
AcDbBlockRepETag
1070
     1
1071
      283
1005
2438
  0
LINE
  5
2439
330
2333
100
AcDbEntity
  8
0
 62
     0
100
AcDbLine
 10
-1042.044594929553
 20
55.43451422732323
 30
0.0
 11
-1039.774899329059
 21
55.13066702708602
 31
0.0
1001
AcDbBlockRepETag
1070
     1
1071
      284
1005
2439
  0
LINE
  5
243A
330
2333
100
AcDbEntity
  8
0
 62
     0
100
AcDbLine
 10
-1044.314258129336
 20
55.13066702708602
 30
0.0
 11
-1042.044594929553
 21
55.43451422732323
 31
0.0
1001
AcDbBlockRepETag
1070
     1
1071
      285
1005
243A
  0
LINE
  5
243B
330
2333
100
AcDbEntity
  8
0
 62
     0
100
AcDbLine
 10
-1046.354043329134
 20
54.26807102747261
 30
0.0
 11
-1044.314258129336
 21
55.13066702708602
 31
0.0
1001
AcDbBlockRepETag
1070
     1
1071
      286
1005
243B
  0
LINE
  5
243C
330
2333
100
AcDbEntity
  8
0
 62
     0
100
AcDbLine
 10
-1048.082680528983
 20
52.93271582759917
 30
0.0
 11
-1046.354043329134
 21
54.26807102747261
 31
0.0
1001
AcDbBlockRepETag
1070
     1
1071
      287
1005
243C
  0
LINE
  5
243D
330
2333
100
AcDbEntity
  8
0
 62
     0
100
AcDbLine
 10
-1049.41896452941
 20
51.20313902758062
 30
0.0
 11
-1048.082680528983
 21
52.93271582759917
 31
0.0
1001
AcDbBlockRepETag
1070
     1
1071
      288
1005
243D
  0
LINE
  5
243E
330
2333
100
AcDbEntity
  8
0
 62
     0
100
AcDbLine
 10
-1050.280631729402
 20
49.16535182762891
 30
0.0
 11
-1049.41896452941
 21
51.20313902758062
 31
0.0
1001
AcDbBlockRepETag
1070
     1
1071
      289
1005
243E
  0
LINE
  5
243F
330
2333
100
AcDbEntity
  8
0
 62
     0
100
AcDbLine
 10
-1050.586498528719
 20
46.89581822790205
 30
0.0
 11
-1050.280631729402
 21
49.16535182762891
 31
0.0
1001
AcDbBlockRepETag
1070
     1
1071
      290
1005
243F
  0
LINE
  5
2440
330
2333
100
AcDbEntity
  8
0
 62
     0
100
AcDbLine
 10
-1050.280631729402
 20
44.62602542713284
 30
0.0
 11
-1050.586498528719
 21
46.89581822790205
 31
0.0
1001
AcDbBlockRepETag
1070
     1
1071
      291
1005
2440
  0
LINE
  5
2441
330
2333
100
AcDbEntity
  8
0
 62
     0
100
AcDbLine
 10
-1049.41896452941
 20
42.58848662767559
 30
0.0
 11
-1050.280631729402
 21
44.62602542713284
 31
0.0
1001
AcDbBlockRepETag
1070
     1
1071
      292
1005
2441
  0
LINE
  5
2442
330
2333
100
AcDbEntity
  8
0
 62
     0
100
AcDbLine
 10
-1048.082680528983
 20
40.85866142716258
 30
0.0
 11
-1049.41896452941
 21
42.58848662767559
 31
0.0
1001
AcDbBlockRepETag
1070
     1
1071
      293
1005
2442
  0
LINE
  5
2443
330
2333
100
AcDbEntity
  8
0
 62
     0
100
AcDbLine
 10
-1046.354043329134
 20
39.5235546277836
 30
0.0
 11
-1048.082680528983
 21
40.85866142716258
 31
0.0
1001
AcDbBlockRepETag
1070
     1
1071
      294
1005
2443
  0
LINE
  5
2444
330
2333
100
AcDbEntity
  8
0
 62
     0
100
AcDbLine
 10
-1044.314258129336
 20
38.66069942712784
 30
0.0
 11
-1046.354043329134
 21
39.5235546277836
 31
0.0
1001
AcDbBlockRepETag
1070
     1
1071
      295
1005
2444
  0
LINE
  5
2445
330
2333
100
AcDbEntity
  8
0
 62
     0
100
AcDbLine
 10
-1042.044594929553
 20
38.35712222754955
 30
0.0
 11
-1044.314258129336
 21
38.66069942712784
 31
0.0
1001
AcDbBlockRepETag
1070
     1
1071
      296
1005
2445
  0
LINE
  5
2446
330
2333
100
AcDbEntity
  8
0
 62
     0
100
AcDbLine
 10
-1039.580844929442
 20
37.95620462764055
 30
0.0
 11
-1042.044594929553
 21
37.62506582774222
 31
0.0
1001
AcDbBlockRepETag
1070
     1
1071
      297
1005
2446
  0
LINE
  5
2447
330
2333
100
AcDbEntity
  8
0
 62
     0
100
AcDbLine
 10
-1037.365991729311
 20
38.89270502794534
 30
0.0
 11
-1039.580844929442
 21
37.95620462764055
 31
0.0
1001
AcDbBlockRepETag
1070
     1
1071
      298
1005
2447
  0
LINE
  5
2448
330
2333
100
AcDbEntity
  8
0
 62
     0
100
AcDbLine
 10
-1035.489707728848
 20
40.341870627366
 30
0.0
 11
-1037.365991729311
 21
38.89270502794534
 31
0.0
1001
AcDbBlockRepETag
1070
     1
1071
      299
1005
2448
  0
LINE
  5
2449
330
2333
100
AcDbEntity
  8
0
 62
     0
100
AcDbLine
 10
-1034.038457728922
 20
42.21924542728811
 30
0.0
 11
-1035.489707728848
 21
40.341870627366
 31
0.0
1001
AcDbBlockRepETag
1070
     1
1071
      300
1005
2449
  0
LINE
  5
244A
330
2333
100
AcDbEntity
  8
0
 62
     0
100
AcDbLine
 10
-1033.102950928733
 20
44.43213302735239
 30
0.0
 11
-1034.038457728922
 21
42.21924542728811
 31
0.0
1001
AcDbBlockRepETag
1070
     1
1071
      301
1005
244A
  0
LINE
  5
244B
330
2333
100
AcDbEntity
  8
0
 62
     0
100
AcDbLine
 10
-1032.77179052867
 20
46.89581822790205
 30
0.0
 11
-1033.102950928733
 21
44.43213302735239
 31
0.0
1001
AcDbBlockRepETag
1070
     1
1071
      302
1005
244B
  0
LINE
  5
244C
330
2333
100
AcDbEntity
  8
0
 62
     0
100
AcDbLine
 10
-1033.102950928733
 20
49.3595034275204
 30
0.0
 11
-1032.77179052867
 21
46.89581822790205
 31
0.0
1001
AcDbBlockRepETag
1070
     1
1071
      303
1005
244C
  0
LINE
  5
244D
330
2333
100
AcDbEntity
  8
0
 62
     0
100
AcDbLine
 10
-1034.038457728922
 20
51.57213182747364
 30
0.0
 11
-1033.102950928733
 21
49.3595034275204
 31
0.0
1001
AcDbBlockRepETag
1070
     1
1071
      304
1005
244D
  0
LINE
  5
244E
330
2333
100
AcDbEntity
  8
0
 62
     0
100
AcDbLine
 10
-1035.489707728848
 20
53.44950662739575
 30
0.0
 11
-1034.038457728922
 21
51.57213182747364
 31
0.0
1001
AcDbBlockRepETag
1070
     1
1071
      305
1005
244E
  0
LINE
  5
244F
330
2333
100
AcDbEntity
  8
0
 62
     0
100
AcDbLine
 10
-1037.365991729311
 20
54.89867222774774
 30
0.0
 11
-1035.489707728848
 21
53.44950662739575
 31
0.0
1001
AcDbBlockRepETag
1070
     1
1071
      306
1005
244F
  0
LINE
  5
2450
330
2333
100
AcDbEntity
  8
0
 62
     0
100
AcDbLine
 10
-1039.580844929442
 20
55.83542102761566
 30
0.0
 11
-1037.365991729311
 21
54.89867222774774
 31
0.0
1001
AcDbBlockRepETag
1070
     1
1071
      307
1005
2450
  0
LINE
  5
2451
330
2333
100
AcDbEntity
  8
0
 62
     0
100
AcDbLine
 10
-1042.044594929553
 20
56.16655982751399
 30
0.0
 11
-1039.580844929442
 21
55.83542102761566
 31
0.0
1001
AcDbBlockRepETag
1070
     1
1071
      308
1005
2451
  0
LINE
  5
2452
330
2333
100
AcDbEntity
  8
0
 62
     0
100
AcDbLine
 10
-1044.508334129117
 20
55.83542102761566
 30
0.0
 11
-1042.044594929553
 21
56.16655982751399
 31
0.0
1001
AcDbBlockRepETag
1070
     1
1071
      309
1005
2452
  0
LINE
  5
2453
330
2333
100
AcDbEntity
  8
0
 62
     0
100
AcDbLine
 10
-1046.723187329247
 20
54.89867222774774
 30
0.0
 11
-1044.508334129117
 21
55.83542102761566
 31
0.0
1001
AcDbBlockRepETag
1070
     1
1071
      310
1005
2453
  0
LINE
  5
2454
330
2333
100
AcDbEntity
  8
0
 62
     0
100
AcDbLine
 10
-1048.600529729388
 20
53.44950662739575
 30
0.0
 11
-1046.723187329247
 21
54.89867222774774
 31
0.0
1001
AcDbBlockRepETag
1070
     1
1071
      311
1005
2454
  0
LINE
  5
2455
330
2333
100
AcDbEntity
  8
0
 62
     0
100
AcDbLine
 10
-1050.050721328705
 20
51.57213182747364
 30
0.0
 11
-1048.600529729388
 21
53.44950662739575
 31
0.0
1001
AcDbBlockRepETag
1070
     1
1071
      312
1005
2455
  0
LINE
  5
2456
330
2333
100
AcDbEntity
  8
0
 62
     0
100
AcDbLine
 10
-1050.986228128895
 20
49.3595034275204
 30
0.0
 11
-1050.050721328705
 21
51.57213182747364
 31
0.0
1001
AcDbBlockRepETag
1070
     1
1071
      313
1005
2456
  0
LINE
  5
2457
330
2333
100
AcDbEntity
  8
0
 62
     0
100
AcDbLine
 10
-1051.317399329506
 20
46.89581822790205
 30
0.0
 11
-1050.986228128895
 21
49.3595034275204
 31
0.0
1001
AcDbBlockRepETag
1070
     1
1071
      314
1005
2457
  0
LINE
  5
2458
330
2333
100
AcDbEntity
  8
0
 62
     0
100
AcDbLine
 10
-1050.986228128895
 20
44.43213302735239
 30
0.0
 11
-1051.317399329506
 21
46.89581822790205
 31
0.0
1001
AcDbBlockRepETag
1070
     1
1071
      315
1005
2458
  0
LINE
  5
2459
330
2333
100
AcDbEntity
  8
0
 62
     0
100
AcDbLine
 10
-1050.050721328705
 20
42.21924542728811
 30
0.0
 11
-1050.986228128895
 21
44.43213302735239
 31
0.0
1001
AcDbBlockRepETag
1070
     1
1071
      316
1005
2459
  0
LINE
  5
245A
330
2333
100
AcDbEntity
  8
0
 62
     0
100
AcDbLine
 10
-1048.600529729388
 20
40.341870627366
 30
0.0
 11
-1050.050721328705
 21
42.21924542728811
 31
0.0
1001
AcDbBlockRepETag
1070
     1
1071
      317
1005
245A
  0
LINE
  5
245B
330
2333
100
AcDbEntity
  8
0
 62
     0
100
AcDbLine
 10
-1046.723187329247
 20
38.89270502794534
 30
0.0
 11
-1048.600529729388
 21
40.341870627366
 31
0.0
1001
AcDbBlockRepETag
1070
     1
1071
      318
1005
245B
  0
LINE
  5
245C
330
2333
100
AcDbEntity
  8
0
 62
     0
100
AcDbLine
 10
-1044.508334129117
 20
37.95620462764055
 30
0.0
 11
-1046.723187329247
 21
38.89270502794534
 31
0.0
1001
AcDbBlockRepETag
1070
     1
1071
      319
1005
245C
  0
LINE
  5
245D
330
2333
100
AcDbEntity
  8
0
 62
     0
100
AcDbLine
 10
-1042.044594929553
 20
37.62506582774222
 30
0.0
 11
-1044.508334129117
 21
37.95620462764055
 31
0.0
1001
AcDbBlockRepETag
1070
     1
1071
      320
1005
245D
  0
LINE
  5
245E
330
2333
100
AcDbEntity
  8
0
 62
     0
100
AcDbLine
 10
-1030.889166928828
 20
6.419092227704823
 30
0.0
 11
-1042.044594928622
 21
4.917136227712035
 31
0.0
1001
AcDbBlockRepETag
1070
     1
1071
      321
1005
245E
  0
LINE
  5
245F
330
2333
100
AcDbEntity
  8
0
 62
     0
100
AcDbLine
 10
-1020.860135729424
 20
10.65251942723989
 30
0.0
 11
-1030.889166928828
 21
6.419092227704823
 31
0.0
1001
AcDbBlockRepETag
1070
     1
1071
      322
1005
245F
  0
LINE
  5
2460
330
2333
100
AcDbEntity
  8
0
 62
     0
100
AcDbLine
 10
-1012.360384529456
 20
17.22114422731101
 30
0.0
 11
-1020.860135729424
 21
10.65251942723989
 31
0.0
1001
AcDbBlockRepETag
1070
     1
1071
      323
1005
2460
  0
LINE
  5
2461
330
2333
100
AcDbEntity
  8
0
 62
     0
100
AcDbLine
 10
-1005.791802928783
 20
25.71761222742498
 30
0.0
 11
-1012.360384529456
 21
17.22114422731101
 31
0.0
1001
AcDbBlockRepETag
1070
     1
1071
      324
1005
2461
  0
LINE
  5
2462
330
2333
100
AcDbEntity
  8
0
 62
     0
100
AcDbLine
 10
-1001.556183328852
 20
35.7435762276873
 30
0.0
 11
-1005.791802928783
 21
25.71761222742498
 31
0.0
1001
AcDbBlockRepETag
1070
     1
1071
      325
1005
2462
  0
LINE
  5
2463
330
2333
100
AcDbEntity
  8
0
 62
     0
100
AcDbLine
 10
-1000.054292129353
 20
46.89581822790205
 30
0.0
 11
-1001.556183328852
 21
35.7435762276873
 31
0.0
1001
AcDbBlockRepETag
1070
     1
1071
      326
1005
2463
  0
LINE
  5
2464
330
2333
100
AcDbEntity
  8
0
 62
     0
100
AcDbLine
 10
-1001.556183328852
 20
58.04804942756891
 30
0.0
 11
-1000.054292129353
 21
46.89581822790205
 31
0.0
1001
AcDbBlockRepETag
1070
     1
1071
      327
1005
2464
  0
LINE
  5
2465
330
2333
100
AcDbEntity
  8
0
 62
     0
100
AcDbLine
 10
-1005.791802928783
 20
68.07376502733678
 30
0.0
 11
-1001.556183328852
 21
58.04804942756891
 31
0.0
1001
AcDbBlockRepETag
1070
     1
1071
      328
1005
2465
  0
LINE
  5
2466
330
2333
100
AcDbEntity
  8
0
 62
     0
100
AcDbLine
 10
-1012.360384529456
 20
76.57049222756177
 30
0.0
 11
-1005.791802928783
 21
68.07376502733678
 31
0.0
1001
AcDbBlockRepETag
1070
     1
1071
      329
1005
2466
  0
LINE
  5
2467
330
2333
100
AcDbEntity
  8
0
 62
     0
100
AcDbLine
 10
-1020.860135729424
 20
83.13910622801632
 30
0.0
 11
-1012.360384529456
 21
76.57049222756177
 31
0.0
1001
AcDbBlockRepETag
1070
     1
1071
      330
1005
2467
  0
LINE
  5
2468
330
2333
100
AcDbEntity
  8
0
 62
     0
100
AcDbLine
 10
-1030.889166928828
 20
87.37253342755138
 30
0.0
 11
-1020.860135729424
 21
83.13910622801632
 31
0.0
1001
AcDbBlockRepETag
1070
     1
1071
      331
1005
2468
  0
LINE
  5
2469
330
2333
100
AcDbEntity
  8
0
 62
     0
100
AcDbLine
 10
-1042.044594929553
 20
88.87448942754417
 30
0.0
 11
-1030.889166928828
 21
87.37253342755138
 31
0.0
1001
AcDbBlockRepETag
1070
     1
1071
      332
1005
2469
  0
LINE
  5
246A
330
2333
100
AcDbEntity
  8
0
 62
     0
100
AcDbLine
 10
-1053.2000121288
 20
87.37253342755138
 30
0.0
 11
-1042.044594929553
 21
88.87448942754417
 31
0.0
1001
AcDbBlockRepETag
1070
     1
1071
      333
1005
246A
  0
LINE
  5
246B
330
2333
100
AcDbEntity
  8
0
 62
     0
100
AcDbLine
 10
-1063.229043329134
 20
83.13910622801632
 30
0.0
 11
-1053.2000121288
 21
87.37253342755138
 31
0.0
1001
AcDbBlockRepETag
1070
     1
1071
      334
1005
246B
  0
LINE
  5
246C
330
2333
100
AcDbEntity
  8
0
 62
     0
100
AcDbLine
 10
-1071.728762129321
 20
76.57049222756177
 30
0.0
 11
-1063.229043329134
 21
83.13910622801632
 31
0.0
1001
AcDbBlockRepETag
1070
     1
1071
      335
1005
246C
  0
LINE
  5
246D
330
2333
100
AcDbEntity
  8
0
 62
     0
100
AcDbLine
 10
-1078.297343729064
 20
68.07376502733678
 30
0.0
 11
-1071.728762129321
 21
76.57049222756177
 31
0.0
1001
AcDbBlockRepETag
1070
     1
1071
      336
1005
246D
  0
LINE
  5
246E
330
2333
100
AcDbEntity
  8
0
 62
     0
100
AcDbLine
 10
-1082.532995728776
 20
58.04804942756891
 30
0.0
 11
-1078.297343729064
 21
68.07376502733678
 31
0.0
1001
AcDbBlockRepETag
1070
     1
1071
      337
1005
246E
  0
LINE
  5
246F
330
2333
100
AcDbEntity
  8
0
 62
     0
100
AcDbLine
 10
-1084.034854529425
 20
46.89581822790205
 30
0.0
 11
-1082.532995728776
 21
58.04804942756891
 31
0.0
1001
AcDbBlockRepETag
1070
     1
1071
      338
1005
246F
  0
LINE
  5
2470
330
2333
100
AcDbEntity
  8
0
 62
     0
100
AcDbLine
 10
-1082.532995728776
 20
35.7435762276873
 30
0.0
 11
-1084.034854529425
 21
46.89581822790205
 31
0.0
1001
AcDbBlockRepETag
1070
     1
1071
      339
1005
2470
  0
LINE
  5
2471
330
2333
100
AcDbEntity
  8
0
 62
     0
100
AcDbLine
 10
-1078.297343729064
 20
25.71761222742498
 30
0.0
 11
-1082.532995728776
 21
35.7435762276873
 31
0.0
1001
AcDbBlockRepETag
1070
     1
1071
      340
1005
2471
  0
LINE
  5
2472
330
2333
100
AcDbEntity
  8
0
 62
     0
100
AcDbLine
 10
-1071.728762129321
 20
17.22114422731101
 30
0.0
 11
-1078.297343729064
 21
25.71761222742498
 31
0.0
1001
AcDbBlockRepETag
1070
     1
1071
      341
1005
2472
  0
LINE
  5
2473
330
2333
100
AcDbEntity
  8
0
 62
     0
100
AcDbLine
 10
-1063.229043329134
 20
10.65251942723989
 30
0.0
 11
-1071.728762129321
 21
17.22114422731101
 31
0.0
1001
AcDbBlockRepETag
1070
     1
1071
      342
1005
2473
  0
LINE
  5
2474
330
2333
100
AcDbEntity
  8
0
 62
     0
100
AcDbLine
 10
-1053.2000121288
 20
6.419092227704823
 30
0.0
 11
-1063.229043329134
 21
10.65251942723989
 31
0.0
1001
AcDbBlockRepETag
1070
     1
1071
      343
1005
2474
  0
LINE
  5
2475
330
2333
100
AcDbEntity
  8
0
 62
     0
100
AcDbLine
 10
-1042.044594928622
 20
4.917136227712035
 30
0.0
 11
-1053.2000121288
 21
6.419092227704823
 31
0.0
1001
AcDbBlockRepETag
1070
     1
1071
      344
1005
2475
  0
LINE
  5
2476
330
2333
100
AcDbEntity
  8
0
 62
     0
100
AcDbLine
 10
-1245.736374928616
 20
31.22304182779044
 30
0.0
 11
-1247.208717328496
 21
31.02477542776615
 31
0.0
1001
AcDbBlockRepETag
1070
     1
1071
      345
1005
2476
  0
LINE
  5
2477
330
2333
100
AcDbEntity
  8
0
 62
     0
100
AcDbLine
 10
-1244.411690128967
 20
31.78206062782556
 30
0.0
 11
-1245.736374928616
 21
31.22304182779044
 31
0.0
1001
AcDbBlockRepETag
1070
     1
1071
      346
1005
2477
  0
LINE
  5
2478
330
2333
100
AcDbEntity
  8
0
 62
     0
100
AcDbLine
 10
-1243.289505328983
 20
32.65109342709184
 30
0.0
 11
-1244.411690128967
 21
31.78206062782556
 31
0.0
1001
AcDbBlockRepETag
1070
     1
1071
      347
1005
2478
  0
LINE
  5
2479
330
2333
100
AcDbEntity
  8
0
 62
     0
100
AcDbLine
 10
-1242.422546128742
 20
33.77118302788586
 30
0.0
 11
-1243.289505328983
 21
32.65109342709184
 31
0.0
1001
AcDbBlockRepETag
1070
     1
1071
      348
1005
2479
  0
LINE
  5
247A
330
2333
100
AcDbEntity
  8
0
 62
     0
100
AcDbLine
 10
-1241.862501328811
 20
35.09598662797362
 30
0.0
 11
-1242.422546128742
 21
33.77118302788586
 31
0.0
1001
AcDbBlockRepETag
1070
     1
1071
      349
1005
247A
  0
LINE
  5
247B
330
2333
100
AcDbEntity
  8
0
 62
     0
100
AcDbLine
 10
-1241.665282528847
 20
36.56831822730601
 30
0.0
 11
-1241.862501328811
 21
35.09598662797362
 31
0.0
1001
AcDbBlockRepETag
1070
     1
1071
      350
1005
247B
  0
LINE
  5
247C
330
2333
100
AcDbEntity
  8
0
 62
     0
100
AcDbLine
 10
-1241.862501328811
 20
38.0406606271863
 30
0.0
 11
-1241.665282528847
 21
36.56831822730601
 31
0.0
1001
AcDbBlockRepETag
1070
     1
1071
      351
1005
247C
  0
LINE
  5
247D
330
2333
100
AcDbEntity
  8
0
 62
     0
100
AcDbLine
 10
-1242.422546128742
 20
39.36520502716303
 30
0.0
 11
-1241.862501328811
 21
38.0406606271863
 31
0.0
1001
AcDbBlockRepETag
1070
     1
1071
      352
1005
247D
  0
LINE
  5
247E
330
2333
100
AcDbEntity
  8
0
 62
     0
100
AcDbLine
 10
-1243.289505328983
 20
40.48529462795705
 30
0.0
 11
-1242.422546128742
 21
39.36520502716303
 31
0.0
1001
AcDbBlockRepETag
1070
     1
1071
      353
1005
247E
  0
LINE
  5
247F
330
2333
100
AcDbEntity
  8
0
 62
     0
100
AcDbLine
 10
-1244.411690128967
 20
41.35432742722332
 30
0.0
 11
-1243.289505328983
 21
40.48529462795705
 31
0.0
1001
AcDbBlockRepETag
1070
     1
1071
      354
1005
247F
  0
LINE
  5
2480
330
2333
100
AcDbEntity
  8
0
 62
     0
100
AcDbLine
 10
-1245.736374928616
 20
41.91334622725844
 30
0.0
 11
-1244.411690128967
 21
41.35432742722332
 31
0.0
1001
AcDbBlockRepETag
1070
     1
1071
      355
1005
2480
  0
LINE
  5
2481
330
2333
100
AcDbEntity
  8
0
 62
     0
100
AcDbLine
 10
-1247.208717328496
 20
42.11161262728274
 30
0.0
 11
-1245.736374928616
 21
41.91334622725844
 31
0.0
1001
AcDbBlockRepETag
1070
     1
1071
      356
1005
2481
  0
LINE
  5
2482
330
2333
100
AcDbEntity
  8
0
 62
     0
100
AcDbLine
 10
-1248.682118128985
 20
41.91334622725844
 30
0.0
 11
-1247.208717328496
 21
42.11161262728274
 31
0.0
1001
AcDbBlockRepETag
1070
     1
1071
      357
1005
2482
  0
LINE
  5
2483
330
2333
100
AcDbEntity
  8
0
 62
     0
100
AcDbLine
 10
-1250.005755328573
 20
41.35432742722332
 30
0.0
 11
-1248.682118128985
 21
41.91334622725844
 31
0.0
1001
AcDbBlockRepETag
1070
     1
1071
      358
1005
2483
  0
LINE
  5
2484
330
2333
100
AcDbEntity
  8
0
 62
     0
100
AcDbLine
 10
-1251.127940128557
 20
40.48529462795705
 30
0.0
 11
-1250.005755328573
 21
41.35432742722332
 31
0.0
1001
AcDbBlockRepETag
1070
     1
1071
      359
1005
2484
  0
LINE
  5
2485
330
2333
100
AcDbEntity
  8
0
 62
     0
100
AcDbLine
 10
-1251.994899328798
 20
39.36520502716303
 30
0.0
 11
-1251.127940128557
 21
40.48529462795705
 31
0.0
1001
AcDbBlockRepETag
1070
     1
1071
      360
1005
2485
  0
LINE
  5
2486
330
2333
100
AcDbEntity
  8
0
 62
     0
100
AcDbLine
 10
-1252.554922528565
 20
38.0406606271863
 30
0.0
 11
-1251.994899328798
 21
39.36520502716303
 31
0.0
1001
AcDbBlockRepETag
1070
     1
1071
      361
1005
2486
  0
LINE
  5
2487
330
2333
100
AcDbEntity
  8
0
 62
     0
100
AcDbLine
 10
-1252.753210528753
 20
36.56831822730601
 30
0.0
 11
-1252.554922528565
 21
38.0406606271863
 31
0.0
1001
AcDbBlockRepETag
1070
     1
1071
      362
1005
2487
  0
LINE
  5
2488
330
2333
100
AcDbEntity
  8
0
 62
     0
100
AcDbLine
 10
-1252.554922528565
 20
35.09598662797362
 30
0.0
 11
-1252.753210528753
 21
36.56831822730601
 31
0.0
1001
AcDbBlockRepETag
1070
     1
1071
      363
1005
2488
  0
LINE
  5
2489
330
2333
100
AcDbEntity
  8
0
 62
     0
100
AcDbLine
 10
-1251.994899328798
 20
33.77118302788586
 30
0.0
 11
-1252.554922528565
 21
35.09598662797362
 31
0.0
1001
AcDbBlockRepETag
1070
     1
1071
      364
1005
2489
  0
LINE
  5
248A
330
2333
100
AcDbEntity
  8
0
 62
     0
100
AcDbLine
 10
-1251.127940128557
 20
32.65109342709184
 30
0.0
 11
-1251.994899328798
 21
33.77118302788586
 31
0.0
1001
AcDbBlockRepETag
1070
     1
1071
      365
1005
248A
  0
LINE
  5
248B
330
2333
100
AcDbEntity
  8
0
 62
     0
100
AcDbLine
 10
-1250.005755328573
 20
31.78206062782556
 30
0.0
 11
-1251.127940128557
 21
32.65109342709184
 31
0.0
1001
AcDbBlockRepETag
1070
     1
1071
      366
1005
248B
  0
LINE
  5
248C
330
2333
100
AcDbEntity
  8
0
 62
     0
100
AcDbLine
 10
-1248.682118128985
 20
31.22304182779044
 30
0.0
 11
-1250.005755328573
 21
31.78206062782556
 31
0.0
1001
AcDbBlockRepETag
1070
     1
1071
      367
1005
248C
  0
LINE
  5
248D
330
2333
100
AcDbEntity
  8
0
 62
     0
100
AcDbLine
 10
-1247.208717328496
 20
31.02477542776615
 30
0.0
 11
-1248.682118128985
 21
31.22304182779044
 31
0.0
1001
AcDbBlockRepETag
1070
     1
1071
      368
1005
248D
  0
LINE
  5
248E
330
2333
100
AcDbEntity
  8
0
 62
     0
100
AcDbLine
 10
-1245.105676528998
 20
30.08827502746135
 30
0.0
 11
-1246.891262128949
 21
29.84778062719852
 31
0.0
1001
AcDbBlockRepETag
1070
     1
1071
      369
1005
248E
  0
LINE
  5
248F
330
2333
100
AcDbEntity
  8
0
 62
     0
100
AcDbLine
 10
-1243.500440129079
 20
30.76754102762789
 30
0.0
 11
-1245.105676528998
 21
30.08827502746135
 31
0.0
1001
AcDbBlockRepETag
1070
     1
1071
      370
1005
248F
  0
LINE
  5
2490
330
2333
100
AcDbEntity
  8
0
 62
     0
100
AcDbLine
 10
-1242.139888528734
 20
31.8178518274799
 30
0.0
 11
-1243.500440129079
 21
30.76754102762789
 31
0.0
1001
AcDbBlockRepETag
1070
     1
1071
      371
1005
2490
  0
LINE
  5
2491
330
2333
100
AcDbEntity
  8
0
 62
     0
100
AcDbLine
 10
-1241.088368128985
 20
33.17843582760543
 30
0.0
 11
-1242.139888528734
 21
31.8178518274799
 31
0.0
1001
AcDbBlockRepETag
1070
     1
1071
      372
1005
2491
  0
LINE
  5
2492
330
2333
100
AcDbEntity
  8
0
 62
     0
100
AcDbLine
 10
-1240.410203728825
 20
34.78365062735975
 30
0.0
 11
-1241.088368128985
 21
33.17843582760543
 31
0.0
1001
AcDbBlockRepETag
1070
     1
1071
      373
1005
2492
  0
LINE
  5
2493
330
2333
100
AcDbEntity
  8
0
 62
     0
100
AcDbLine
 10
-1240.169730928726
 20
36.56831822730601
 30
0.0
 11
-1240.410203728825
 21
34.78365062735975
 31
0.0
1001
AcDbBlockRepETag
1070
     1
1071
      374
1005
2493
  0
LINE
  5
2494
330
2333
100
AcDbEntity
  8
0
 62
     0
100
AcDbLine
 10
-1240.410203728825
 20
38.35274822730571
 30
0.0
 11
-1240.169730928726
 21
36.56831822730601
 31
0.0
1001
AcDbBlockRepETag
1070
     1
1071
      375
1005
2494
  0
LINE
  5
2495
330
2333
100
AcDbEntity
  8
0
 62
     0
100
AcDbLine
 10
-1241.088368128985
 20
39.95795222744346
 30
0.0
 11
-1240.410203728825
 21
38.35274822730571
 31
0.0
1001
AcDbBlockRepETag
1070
     1
1071
      376
1005
2495
  0
LINE
  5
2496
330
2333
100
AcDbEntity
  8
0
 62
     0
100
AcDbLine
 10
-1242.139888528734
 20
41.31853622756898
 30
0.0
 11
-1241.088368128985
 21
39.95795222744346
 31
0.0
1001
AcDbBlockRepETag
1070
     1
1071
      377
1005
2496
  0
LINE
  5
2497
330
2333
100
AcDbEntity
  8
0
 62
     0
100
AcDbLine
 10
-1243.500440129079
 20
42.36910622753202
 30
0.0
 11
-1242.139888528734
 21
41.31853622756898
 31
0.0
1001
AcDbBlockRepETag
1070
     1
1071
      378
1005
2497
  0
LINE
  5
2498
330
2333
100
AcDbEntity
  8
0
 62
     0
100
AcDbLine
 10
-1245.105676528998
 20
43.04837222769856
 30
0.0
 11
-1243.500440129079
 21
42.36910622753202
 31
0.0
1001
AcDbBlockRepETag
1070
     1
1071
      379
1005
2498
  0
LINE
  5
2499
330
2333
100
AcDbEntity
  8
0
 62
     0
100
AcDbLine
 10
-1246.891262128949
 20
43.28860742785036
 30
0.0
 11
-1245.105676528998
 21
43.04837222769856
 31
0.0
1001
AcDbBlockRepETag
1070
     1
1071
      380
1005
2499
  0
LINE
  5
249A
330
2333
100
AcDbEntity
  8
0
 62
     0
100
AcDbLine
 10
-1248.676858528517
 20
43.04837222769856
 30
0.0
 11
-1246.891262128949
 21
43.28860742785036
 31
0.0
1001
AcDbBlockRepETag
1070
     1
1071
      381
1005
249A
  0
LINE
  5
249B
330
2333
100
AcDbEntity
  8
0
 62
     0
100
AcDbLine
 10
-1250.282073329203
 20
42.36910622753202
 30
0.0
 11
-1248.676858528517
 21
43.04837222769856
 31
0.0
1001
AcDbBlockRepETag
1070
     1
1071
      382
1005
249B
  0
LINE
  5
249C
330
2333
100
AcDbEntity
  8
0
 62
     0
100
AcDbLine
 10
-1251.642635729164
 20
41.31853622756898
 30
0.0
 11
-1250.282073329203
 21
42.36910622753202
 31
0.0
1001
AcDbBlockRepETag
1070
     1
1071
      383
1005
249C
  0
LINE
  5
249D
330
2333
100
AcDbEntity
  8
0
 62
     0
100
AcDbLine
 10
-1252.694145329297
 20
39.95795222744346
 30
0.0
 11
-1251.642635729164
 21
41.31853622756898
 31
0.0
1001
AcDbBlockRepETag
1070
     1
1071
      384
1005
249D
  0
LINE
  5
249E
330
2333
100
AcDbEntity
  8
0
 62
     0
100
AcDbLine
 10
-1253.372320529073
 20
38.35274822730571
 30
0.0
 11
-1252.694145329297
 21
39.95795222744346
 31
0.0
1001
AcDbBlockRepETag
1070
     1
1071
      385
1005
249E
  0
LINE
  5
249F
330
2333
100
AcDbEntity
  8
0
 62
     0
100
AcDbLine
 10
-1253.612782528624
 20
36.56831822730601
 30
0.0
 11
-1253.372320529073
 21
38.35274822730571
 31
0.0
1001
AcDbBlockRepETag
1070
     1
1071
      386
1005
249F
  0
LINE
  5
24A0
330
2333
100
AcDbEntity
  8
0
 62
     0
100
AcDbLine
 10
-1253.372320529073
 20
34.78365062735975
 30
0.0
 11
-1253.612782528624
 21
36.56831822730601
 31
0.0
1001
AcDbBlockRepETag
1070
     1
1071
      387
1005
24A0
  0
LINE
  5
24A1
330
2333
100
AcDbEntity
  8
0
 62
     0
100
AcDbLine
 10
-1252.694145329297
 20
33.17843582760543
 30
0.0
 11
-1253.372320529073
 21
34.78365062735975
 31
0.0
1001
AcDbBlockRepETag
1070
     1
1071
      388
1005
24A1
  0
LINE
  5
24A2
330
2333
100
AcDbEntity
  8
0
 62
     0
100
AcDbLine
 10
-1251.642635729164
 20
31.8178518274799
 30
0.0
 11
-1252.694145329297
 21
33.17843582760543
 31
0.0
1001
AcDbBlockRepETag
1070
     1
1071
      389
1005
24A2
  0
LINE
  5
24A3
330
2333
100
AcDbEntity
  8
0
 62
     0
100
AcDbLine
 10
-1250.282073329203
 20
30.76754102762789
 30
0.0
 11
-1251.642635729164
 21
31.8178518274799
 31
0.0
1001
AcDbBlockRepETag
1070
     1
1071
      390
1005
24A3
  0
LINE
  5
24A4
330
2333
100
AcDbEntity
  8
0
 62
     0
100
AcDbLine
 10
-1248.676858528517
 20
30.08827502746135
 30
0.0
 11
-1250.282073329203
 21
30.76754102762789
 31
0.0
1001
AcDbBlockRepETag
1070
     1
1071
      391
1005
24A4
  0
LINE
  5
24A5
330
2333
100
AcDbEntity
  8
0
 62
     0
100
AcDbLine
 10
-1246.891262128949
 20
29.84778062719852
 30
0.0
 11
-1248.676858528517
 21
30.08827502746135
 31
0.0
1001
AcDbBlockRepETag
1070
     1
1071
      392
1005
24A5
  0
LINE
  5
24A6
330
2333
100
AcDbEntity
  8
0
 62
     0
100
AcDbLine
 10
-1244.952748528681
 20
29.53338182717562
 30
0.0
 11
-1246.891262128949
 21
29.27408462762833
 31
0.0
1001
AcDbBlockRepETag
1070
     1
1071
      393
1005
24A6
  0
LINE
  5
24A7
330
2333
100
AcDbEntity
  8
0
 62
     0
100
AcDbLine
 10
-1243.210395328701
 20
30.26955302711576
 30
0.0
 11
-1244.952748528681
 21
29.53338182717562
 31
0.0
1001
AcDbBlockRepETag
1070
     1
1071
      394
1005
24A7
  0
LINE
  5
24A8
330
2333
100
AcDbEntity
  8
0
 62
     0
100
AcDbLine
 10
-1241.732793329284
 20
31.41075662709773
 30
0.0
 11
-1243.210395328701
 21
30.26955302711576
 31
0.0
1001
AcDbBlockRepETag
1070
     1
1071
      395
1005
24A8
  0
LINE
  5
24A9
330
2333
100
AcDbEntity
  8
0
 62
     0
100
AcDbLine
 10
-1240.591622129082
 20
32.88747302722186
 30
0.0
 11
-1241.732793329284
 21
31.41075662709773
 31
0.0
1001
AcDbBlockRepETag
1070
     1
1071
      396
1005
24A9
  0
LINE
  5
24AA
330
2333
100
AcDbEntity
  8
0
 62
     0
100
AcDbLine
 10
-1239.855429328978
 20
34.62966422736645
 30
0.0
 11
-1240.591622129082
 21
32.88747302722186
 31
0.0
1001
AcDbBlockRepETag
1070
     1
1071
      397
1005
24AA
  0
LINE
  5
24AB
330
2333
100
AcDbEntity
  8
0
 62
     0
100
AcDbLine
 10
-1239.593885729089
 20
36.56831822730601
 30
0.0
 11
-1239.855429328978
 21
34.62966422736645
 31
0.0
1001
AcDbBlockRepETag
1070
     1
1071
      398
1005
24AB
  0
LINE
  5
24AC
330
2333
100
AcDbEntity
  8
0
 62
     0
100
AcDbLine
 10
-1239.855429328978
 20
38.50672382768244
 30
0.0
 11
-1239.593885729089
 21
36.56831822730601
 31
0.0
1001
AcDbBlockRepETag
1070
     1
1071
      399
1005
24AC
  0
LINE
  5
24AD
330
2333
100
AcDbEntity
  8
0
 62
     0
100
AcDbLine
 10
-1240.591622129082
 20
40.24917422793805
 30
0.0
 11
-1239.855429328978
 21
38.50672382768244
 31
0.0
1001
AcDbBlockRepETag
1070
     1
1071
      400
1005
24AD
  0
LINE
  5
24AE
330
2333
100
AcDbEntity
  8
0
 62
     0
100
AcDbLine
 10
-1241.732793329284
 20
41.72563142795115
 30
0.0
 11
-1240.591622129082
 21
40.24917422793805
 31
0.0
1001
AcDbBlockRepETag
1070
     1
1071
      401
1005
24AE
  0
LINE
  5
24AF
330
2333
100
AcDbEntity
  8
0
 62
     0
100
AcDbLine
 10
-1243.210395328701
 20
42.86683502793311
 30
0.0
 11
-1241.732793329284
 21
41.72563142795115
 31
0.0
1001
AcDbBlockRepETag
1070
     1
1071
      402
1005
24AF
  0
LINE
  5
24B0
330
2333
100
AcDbEntity
  8
0
 62
     0
100
AcDbLine
 10
-1244.952748528681
 20
43.60300622787327
 30
0.0
 11
-1243.210395328701
 21
42.86683502793311
 31
0.0
1001
AcDbBlockRepETag
1070
     1
1071
      403
1005
24B0
  0
LINE
  5
24B1
330
2333
100
AcDbEntity
  8
0
 62
     0
100
AcDbLine
 10
-1246.891262128949
 20
43.86256262753159
 30
0.0
 11
-1244.952748528681
 21
43.60300622787327
 31
0.0
1001
AcDbBlockRepETag
1070
     1
1071
      404
1005
24B1
  0
LINE
  5
24B2
330
2333
100
AcDbEntity
  8
0
 62
     0
100
AcDbLine
 10
-1248.829775729216
 20
43.60300622787327
 30
0.0
 11
-1246.891262128949
 21
43.86256262753159
 31
0.0
1001
AcDbBlockRepETag
1070
     1
1071
      405
1005
24B2
  0
LINE
  5
24B3
330
2333
100
AcDbEntity
  8
0
 62
     0
100
AcDbLine
 10
-1250.572128929198
 20
42.86683502793311
 30
0.0
 11
-1248.829775729216
 21
43.60300622787327
 31
0.0
1001
AcDbBlockRepETag
1070
     1
1071
      406
1005
24B3
  0
LINE
  5
24B4
330
2333
100
AcDbEntity
  8
0
 62
     0
100
AcDbLine
 10
-1252.049741729162
 20
41.72563142795115
 30
0.0
 11
-1250.572128929198
 21
42.86683502793311
 31
0.0
1001
AcDbBlockRepETag
1070
     1
1071
      407
1005
24B4
  0
LINE
  5
24B5
330
2333
100
AcDbEntity
  8
0
 62
     0
100
AcDbLine
 10
-1253.190912928432
 20
40.24917422793805
 30
0.0
 11
-1252.049741729162
 21
41.72563142795115
 31
0.0
1001
AcDbBlockRepETag
1070
     1
1071
      408
1005
24B5
  0
LINE
  5
24B6
330
2333
100
AcDbEntity
  8
0
 62
     0
100
AcDbLine
 10
-1253.927084129303
 20
38.50672382768244
 30
0.0
 11
-1253.190912928432
 21
40.24917422793805
 31
0.0
1001
AcDbBlockRepETag
1070
     1
1071
      409
1005
24B6
  0
LINE
  5
24B7
330
2333
100
AcDbEntity
  8
0
 62
     0
100
AcDbLine
 10
-1254.188649329357
 20
36.56831822730601
 30
0.0
 11
-1253.927084129303
 21
38.50672382768244
 31
0.0
1001
AcDbBlockRepETag
1070
     1
1071
      410
1005
24B7
  0
LINE
  5
24B8
330
2333
100
AcDbEntity
  8
0
 62
     0
100
AcDbLine
 10
-1253.927084129303
 20
34.62966422736645
 30
0.0
 11
-1254.188649329357
 21
36.56831822730601
 31
0.0
1001
AcDbBlockRepETag
1070
     1
1071
      411
1005
24B8
  0
LINE
  5
24B9
330
2333
100
AcDbEntity
  8
0
 62
     0
100
AcDbLine
 10
-1253.190912928432
 20
32.88747302722186
 30
0.0
 11
-1253.927084129303
 21
34.62966422736645
 31
0.0
1001
AcDbBlockRepETag
1070
     1
1071
      412
1005
24B9
  0
LINE
  5
24BA
330
2333
100
AcDbEntity
  8
0
 62
     0
100
AcDbLine
 10
-1252.049741729162
 20
31.41075662709773
 30
0.0
 11
-1253.190912928432
 21
32.88747302722186
 31
0.0
1001
AcDbBlockRepETag
1070
     1
1071
      413
1005
24BA
  0
LINE
  5
24BB
330
2333
100
AcDbEntity
  8
0
 62
     0
100
AcDbLine
 10
-1250.572128929198
 20
30.26955302711576
 30
0.0
 11
-1252.049741729162
 21
31.41075662709773
 31
0.0
1001
AcDbBlockRepETag
1070
     1
1071
      414
1005
24BB
  0
LINE
  5
24BC
330
2333
100
AcDbEntity
  8
0
 62
     0
100
AcDbLine
 10
-1248.829775729216
 20
29.53338182717562
 30
0.0
 11
-1250.572128929198
 21
30.26955302711576
 31
0.0
1001
AcDbBlockRepETag
1070
     1
1071
      415
1005
24BC
  0
LINE
  5
24BD
330
2333
100
AcDbEntity
  8
0
 62
     0
100
AcDbLine
 10
-1246.891262128949
 20
29.27408462762833
 30
0.0
 11
-1248.829775729216
 21
29.53338182717562
 31
0.0
1001
AcDbBlockRepETag
1070
     1
1071
      416
1005
24BD
  0
LINE
  5
24BE
330
2333
100
AcDbEntity
  8
0
 62
     0
100
AcDbLine
 10
-1238.113097729161
 20
4.716807027347385
 30
0.0
 11
-1246.891262128949
 21
3.535438227467238
 31
0.0
1001
AcDbBlockRepETag
1070
     1
1071
      417
1005
24BE
  0
LINE
  5
24BF
330
2333
100
AcDbEntity
  8
0
 62
     0
100
AcDbLine
 10
-1230.221937328577
 20
8.049535827711224
 30
0.0
 11
-1238.113097729161
 21
4.716807027347385
 31
0.0
1001
AcDbBlockRepETag
1070
     1
1071
      418
1005
24BF
  0
LINE
  5
24C0
330
2333
100
AcDbEntity
  8
0
 62
     0
100
AcDbLine
 10
-1223.533097729087
 20
13.21740062721074
 30
0.0
 11
-1230.221937328577
 21
8.049535827711224
 31
0.0
1001
AcDbBlockRepETag
1070
     1
1071
      419
1005
24C0
  0
LINE
  5
24C1
330
2333
100
AcDbEntity
  8
0
 62
     0
100
AcDbLine
 10
-1218.364066529088
 20
19.90420982800424
 30
0.0
 11
-1223.533097729087
 21
13.21740062721074
 31
0.0
1001
AcDbBlockRepETag
1070
     1
1071
      420
1005
24C1
  0
LINE
  5
24C2
330
2333
100
AcDbEntity
  8
0
 62
     0
100
AcDbLine
 10
-1215.031272929162
 20
27.79325342737138
 30
0.0
 11
-1218.364066529088
 21
19.90420982800424
 31
0.0
1001
AcDbBlockRepETag
1070
     1
1071
      421
1005
24C2
  0
LINE
  5
24C3
330
2333
100
AcDbEntity
  8
0
 62
     0
100
AcDbLine
 10
-1213.848964529112
 20
36.56831822730601
 30
0.0
 11
-1215.031272929162
 21
27.79325342737138
 31
0.0
1001
AcDbBlockRepETag
1070
     1
1071
      422
1005
24C3
  0
LINE
  5
24C4
330
2333
100
AcDbEntity
  8
0
 62
     0
100
AcDbLine
 10
-1215.031272929162
 20
45.3431346276775
 30
0.0
 11
-1213.848964529112
 21
36.56831822730601
 31
0.0
1001
AcDbBlockRepETag
1070
     1
1071
      423
1005
24C4
  0
LINE
  5
24C5
330
2333
100
AcDbEntity
  8
0
 62
     0
100
AcDbLine
 10
-1218.364066529088
 20
53.23243742715567
 30
0.0
 11
-1215.031272929162
 21
45.3431346276775
 31
0.0
1001
AcDbBlockRepETag
1070
     1
1071
      424
1005
24C5
  0
LINE
  5
24C6
330
2333
100
AcDbEntity
  8
0
 62
     0
100
AcDbLine
 10
-1223.533097729087
 20
59.91898742783814
 30
0.0
 11
-1218.364066529088
 21
53.23243742715567
 31
0.0
1001
AcDbBlockRepETag
1070
     1
1071
      425
1005
24C6
  0
LINE
  5
24C7
330
2333
100
AcDbEntity
  8
0
 62
     0
100
AcDbLine
 10
-1230.221937328577
 20
65.08711142744869
 30
0.0
 11
-1223.533097729087
 21
59.91898742783814
 31
0.0
1001
AcDbBlockRepETag
1070
     1
1071
      426
1005
24C7
  0
LINE
  5
24C8
330
2333
100
AcDbEntity
  8
0
 62
     0
100
AcDbLine
 10
-1238.113097729161
 20
68.41982942726463
 30
0.0
 11
-1230.221937328577
 21
65.08711142744869
 31
0.0
1001
AcDbBlockRepETag
1070
     1
1071
      427
1005
24C8
  0
LINE
  5
24C9
330
2333
100
AcDbEntity
  8
0
 62
     0
100
AcDbLine
 10
-1246.891262128949
 20
69.60094982758164
 30
0.0
 11
-1238.113097729161
 21
68.41982942726463
 31
0.0
1001
AcDbBlockRepETag
1070
     1
1071
      428
1005
24C9
  0
LINE
  5
24CA
330
2333
100
AcDbEntity
  8
0
 62
     0
100
AcDbLine
 10
-1255.669426528737
 20
68.41982942726463
 30
0.0
 11
-1246.891262128949
 21
69.60094982758164
 31
0.0
1001
AcDbBlockRepETag
1070
     1
1071
      429
1005
24CA
  0
LINE
  5
24CB
330
2333
100
AcDbEntity
  8
0
 62
     0
100
AcDbLine
 10
-1263.560608528554
 20
65.08711142744869
 30
0.0
 11
-1255.669426528737
 21
68.41982942726463
 31
0.0
1001
AcDbBlockRepETag
1070
     1
1071
      430
1005
24CB
  0
LINE
  5
24CC
330
2333
100
AcDbEntity
  8
0
 62
     0
100
AcDbLine
 10
-1270.249426528811
 20
59.91898742783814
 30
0.0
 11
-1263.560608528554
 21
65.08711142744869
 31
0.0
1001
AcDbBlockRepETag
1070
     1
1071
      431
1005
24CC
  0
LINE
  5
24CD
330
2333
100
AcDbEntity
  8
0
 62
     0
100
AcDbLine
 10
-1275.418446929194
 20
53.23243742715567
 30
0.0
 11
-1270.249426528811
 21
59.91898742783814
 31
0.0
1001
AcDbBlockRepETag
1070
     1
1071
      432
1005
24CD
  0
LINE
  5
24CE
330
2333
100
AcDbEntity
  8
0
 62
     0
100
AcDbLine
 10
-1278.751272928901
 20
45.3431346276775
 30
0.0
 11
-1275.418446929194
 21
53.23243742715567
 31
0.0
1001
AcDbBlockRepETag
1070
     1
1071
      433
1005
24CE
  0
LINE
  5
24CF
330
2333
100
AcDbEntity
  8
0
 62
     0
100
AcDbLine
 10
-1279.933559728786
 20
36.56831822730601
 30
0.0
 11
-1278.751272928901
 21
45.3431346276775
 31
0.0
1001
AcDbBlockRepETag
1070
     1
1071
      434
1005
24CF
  0
LINE
  5
24D0
330
2333
100
AcDbEntity
  8
0
 62
     0
100
AcDbLine
 10
-1278.751272928901
 20
27.79325342737138
 30
0.0
 11
-1279.933559728786
 21
36.56831822730601
 31
0.0
1001
AcDbBlockRepETag
1070
     1
1071
      435
1005
24D0
  0
LINE
  5
24D1
330
2333
100
AcDbEntity
  8
0
 62
     0
100
AcDbLine
 10
-1275.418446929194
 20
19.90420982800424
 30
0.0
 11
-1278.751272928901
 21
27.79325342737138
 31
0.0
1001
AcDbBlockRepETag
1070
     1
1071
      436
1005
24D1
  0
LINE
  5
24D2
330
2333
100
AcDbEntity
  8
0
 62
     0
100
AcDbLine
 10
-1270.249426528811
 20
13.21740062721074
 30
0.0
 11
-1275.418446929194
 21
19.90420982800424
 31
0.0
1001
AcDbBlockRepETag
1070
     1
1071
      437
1005
24D2
  0
LINE
  5
24D3
330
2333
100
AcDbEntity
  8
0
 62
     0
100
AcDbLine
 10
-1263.560608528554
 20
8.049535827711224
 30
0.0
 11
-1270.249426528811
 21
13.21740062721074
 31
0.0
1001
AcDbBlockRepETag
1070
     1
1071
      438
1005
24D3
  0
LINE
  5
24D4
330
2333
100
AcDbEntity
  8
0
 62
     0
100
AcDbLine
 10
-1255.669426528737
 20
4.716807027347385
 30
0.0
 11
-1263.560608528554
 21
8.049535827711224
 31
0.0
1001
AcDbBlockRepETag
1070
     1
1071
      439
1005
24D4
  0
LINE
  5
24D5
330
2333
100
AcDbEntity
  8
0
 62
     0
100
AcDbLine
 10
-1246.891262128949
 20
3.535438227467238
 30
0.0
 11
-1255.669426528737
 21
4.716807027347385
 31
0.0
1001
AcDbBlockRepETag
1070
     1
1071
      440
1005
24D5
  0
LINE
  5
24D6
330
2333
100
AcDbEntity
  8
0
 62
     0
100
AcDbLine
 10
96.19024119898677
 20
-212.7494700001553
 30
0.0
 11
107.2886667987331
 21
-214.9579835999757
 31
0.0
1001
AcDbBlockRepETag
1070
     1
1071
      441
1005
24D6
  0
LINE
  5
24D7
330
2333
100
AcDbEntity
  8
0
 62
     0
100
AcDbLine
 10
96.19024119898677
 20
-212.7494700001553
 30
0.0
 11
85.09168599918485
 21
-214.9579835999757
 31
0.0
1001
AcDbBlockRepETag
1070
     1
1071
      442
1005
24D7
  0
LINE
  5
24D8
330
2333
100
AcDbEntity
  8
0
 62
     0
100
AcDbLine
 10
107.2886667987331
 20
-214.9579835999757
 30
0.0
 11
116.697551199235
 21
-221.2441344000399
 31
0.0
1001
AcDbBlockRepETag
1070
     1
1071
      443
1005
24D8
  0
LINE
  5
24D9
330
2333
100
AcDbEntity
  8
0
 62
     0
100
AcDbLine
 10
116.697551199235
 20
-221.2441344000399
 30
0.0
 11
122.9834535988048
 21
-230.6498111998662
 31
0.0
1001
AcDbBlockRepETag
1070
     1
1071
      444
1005
24D9
  0
LINE
  5
24DA
330
2333
100
AcDbEntity
  8
0
 62
     0
100
AcDbLine
 10
75.68293119873851
 20
-221.2441344000399
 30
0.0
 11
85.09168599918485
 21
-214.9579835999757
 31
0.0
1001
AcDbBlockRepETag
1070
     1
1071
      445
1005
24DA
  0
LINE
  5
24DB
330
2333
100
AcDbEntity
  8
0
 62
     0
100
AcDbLine
 10
75.68293119873851
 20
-221.2441344000399
 30
0.0
 11
69.39690999872983
 21
-230.6498111998662
 31
0.0
1001
AcDbBlockRepETag
1070
     1
1071
      446
1005
24DB
  0
LINE
  5
24DC
330
2333
100
AcDbEntity
  8
0
 62
     0
100
AcDbLine
 10
122.9834535988048
 20
-230.6498111998662
 30
0.0
 11
125.1909303991124
 21
-241.7472000000998
 31
0.0
1001
AcDbBlockRepETag
1070
     1
1071
      447
1005
24DC
  0
LINE
  5
24DD
330
2333
100
AcDbEntity
  8
0
 62
     0
100
AcDbLine
 10
69.39690999872983
 20
-230.6498111998662
 30
0.0
 11
67.18942239880561
 21
-241.7472000000998
 31
0.0
1001
AcDbBlockRepETag
1070
     1
1071
      448
1005
24DD
  0
LINE
  5
24DE
330
2333
100
AcDbEntity
  8
0
 62
     0
100
AcDbLine
 10
96.19024119898677
 20
-241.7472000000998
 30
0.0
 11
96.19024119898677
 21
-234.4444668004289
 31
0.0
1001
AcDbBlockRepETag
1070
     1
1071
      449
1005
24DE
  0
LINE
  5
24DF
330
2333
100
AcDbEntity
  8
0
 62
     0
100
AcDbLine
 10
93.39529839903116
 20
-234.9993599997834
 30
0.0
 11
96.19024119898677
 21
-241.7472000000998
 31
0.0
1001
AcDbBlockRepETag
1070
     1
1071
      450
1005
24DF
  0
LINE
  5
24E0
330
2333
100
AcDbEntity
  8
0
 62
     0
100
AcDbLine
 10
96.19024119898677
 20
-241.7472000000998
 30
0.0
 11
91.02546519879252
 21
-236.5834499998018
 31
0.0
1001
AcDbBlockRepETag
1070
     1
1071
      451
1005
24E0
  0
LINE
  5
24E1
330
2333
100
AcDbEntity
  8
0
 62
     0
100
AcDbLine
 10
89.44124559871852
 20
-238.9521276000887
 30
0.0
 11
96.19024119898677
 21
-241.7472000000998
 31
0.0
1001
AcDbBlockRepETag
1070
     1
1071
      452
1005
24E1
  0
LINE
  5
24E2
330
2333
100
AcDbEntity
  8
0
 62
     0
100
AcDbLine
 10
125.1909303991124
 20
-241.7472000000998
 30
0.0
 11
122.9834535988048
 21
-252.8445888003334
 31
0.0
1001
AcDbBlockRepETag
1070
     1
1071
      453
1005
24E2
  0
LINE
  5
24E3
330
2333
100
AcDbEntity
  8
0
 62
     0
100
AcDbLine
 10
96.19024119898677
 20
-241.7472000000998
 30
0.0
 11
98.98519479949028
 21
-234.9993599997834
 31
0.0
1001
AcDbBlockRepETag
1070
     1
1071
      454
1005
24E3
  0
LINE
  5
24E4
330
2333
100
AcDbEntity
  8
0
 62
     0
100
AcDbLine
 10
96.19024119898677
 20
-241.7472000000998
 30
0.0
 11
101.355017199181
 21
-236.5834499998018
 31
0.0
1001
AcDbBlockRepETag
1070
     1
1071
      455
1005
24E4
  0
LINE
  5
24E5
330
2333
100
AcDbEntity
  8
0
 62
     0
100
AcDbLine
 10
96.19024119898677
 20
-241.7472000000998
 30
0.0
 11
102.939236799255
 21
-238.9521276000887
 31
0.0
1001
AcDbBlockRepETag
1070
     1
1071
      456
1005
24E5
  0
LINE
  5
24E6
330
2333
100
AcDbEntity
  8
0
 62
     0
100
AcDbLine
 10
96.19024119898677
 20
-241.7472000000998
 30
0.0
 11
103.495037198998
 21
-241.7472000000998
 31
0.0
1001
AcDbBlockRepETag
1070
     1
1071
      457
1005
24E6
  0
LINE
  5
24E7
330
2333
100
AcDbEntity
  8
0
 62
     0
100
AcDbLine
 10
67.18942239880561
 20
-241.7472000000998
 30
0.0
 11
69.39690999872983
 21
-252.8445888003334
 31
0.0
1001
AcDbBlockRepETag
1070
     1
1071
      458
1005
24E7
  0
LINE
  5
24E8
330
2333
100
AcDbEntity
  8
0
 62
     0
100
AcDbLine
 10
96.19024119898677
 20
-241.7472000000998
 30
0.0
 11
88.8854559995234
 21
-241.7472000000998
 31
0.0
1001
AcDbBlockRepETag
1070
     1
1071
      459
1005
24E8
  0
LINE
  5
24E9
330
2333
100
AcDbEntity
  8
0
 62
     0
100
AcDbLine
 10
102.939236799255
 20
-244.5420131999999
 30
0.0
 11
96.19024119898677
 21
-241.7472000000998
 31
0.0
1001
AcDbBlockRepETag
1070
     1
1071
      460
1005
24E9
  0
LINE
  5
24EA
330
2333
100
AcDbEntity
  8
0
 62
     0
100
AcDbLine
 10
96.19024119898677
 20
-241.7472000000998
 30
0.0
 11
89.44124559871852
 21
-244.5420131999999
 31
0.0
1001
AcDbBlockRepETag
1070
     1
1071
      461
1005
24EA
  0
LINE
  5
24EB
330
2333
100
AcDbEntity
  8
0
 62
     0
100
AcDbLine
 10
101.355017199181
 20
-246.9109500003979
 30
0.0
 11
96.19024119898677
 21
-241.7472000000998
 31
0.0
1001
AcDbBlockRepETag
1070
     1
1071
      462
1005
24EB
  0
LINE
  5
24EC
330
2333
100
AcDbEntity
  8
0
 62
     0
100
AcDbLine
 10
96.19024119898677
 20
-241.7472000000998
 30
0.0
 11
91.02546519879252
 21
-246.9109500003979
 31
0.0
1001
AcDbBlockRepETag
1070
     1
1071
      463
1005
24EC
  0
LINE
  5
24ED
330
2333
100
AcDbEntity
  8
0
 62
     0
100
AcDbLine
 10
98.98519479949028
 20
-248.4950400004164
 30
0.0
 11
96.19024119898677
 21
-241.7472000000998
 31
0.0
1001
AcDbBlockRepETag
1070
     1
1071
      464
1005
24ED
  0
LINE
  5
24EE
330
2333
100
AcDbEntity
  8
0
 62
     0
100
AcDbLine
 10
96.19024119898677
 20
-241.7472000000998
 30
0.0
 11
93.39529839903116
 21
-248.4950400004164
 31
0.0
1001
AcDbBlockRepETag
1070
     1
1071
      465
1005
24EE
  0
LINE
  5
24EF
330
2333
100
AcDbEntity
  8
0
 62
     0
100
AcDbLine
 10
96.19024119898677
 20
-249.0496739996597
 30
0.0
 11
96.19024119898677
 21
-241.7472000000998
 31
0.0
1001
AcDbBlockRepETag
1070
     1
1071
      466
1005
24EF
  0
LINE
  5
24F0
330
2333
100
AcDbEntity
  8
0
 62
     0
100
AcDbLine
 10
122.9834535988048
 20
-252.8445888003334
 30
0.0
 11
116.697551199235
 21
-262.2502656001598
 31
0.0
1001
AcDbBlockRepETag
1070
     1
1071
      467
1005
24F0
  0
LINE
  5
24F1
330
2333
100
AcDbEntity
  8
0
 62
     0
100
AcDbLine
 10
116.697551199235
 20
-262.2502656001598
 30
0.0
 11
107.2886667996645
 21
-268.5361572001129
 31
0.0
1001
AcDbBlockRepETag
1070
     1
1071
      468
1005
24F1
  0
LINE
  5
24F2
330
2333
100
AcDbEntity
  8
0
 62
     0
100
AcDbLine
 10
107.2886667996645
 20
-268.5361572001129
 30
0.0
 11
96.19024119898677
 21
-270.7446707999334
 31
0.0
1001
AcDbBlockRepETag
1070
     1
1071
      469
1005
24F2
  0
LINE
  5
24F3
330
2333
100
AcDbEntity
  8
0
 62
     0
100
AcDbLine
 10
75.68293119966984
 20
-262.2502656001598
 30
0.0
 11
85.09168599918485
 21
-268.5361572001129
 31
0.0
1001
AcDbBlockRepETag
1070
     1
1071
      470
1005
24F3
  0
LINE
  5
24F4
330
2333
100
AcDbEntity
  8
0
 62
     0
100
AcDbLine
 10
69.39690999872983
 20
-252.8445888003334
 30
0.0
 11
75.68293119966984
 21
-262.2502656001598
 31
0.0
1001
AcDbBlockRepETag
1070
     1
1071
      471
1005
24F4
  0
LINE
  5
24F5
330
2333
100
AcDbEntity
  8
0
 62
     0
100
AcDbLine
 10
96.19024119898677
 20
-270.7446707999334
 30
0.0
 11
85.09168599918485
 21
-268.5361572001129
 31
0.0
1001
AcDbBlockRepETag
1070
     1
1071
      472
1005
24F5
  0
LINE
  5
24F6
330
2333
100
AcDbEntity
  8
0
 62
     0
100
AcDbLine
 10
108.2927535995841
 20
-270.9619883997366
 30
0.0
 11
96.19024119898677
 21
-273.3687684005126
 31
0.0
1001
AcDbBlockRepETag
1070
     1
1071
      473
1005
24F6
  0
LINE
  5
24F7
330
2333
100
AcDbEntity
  8
0
 62
     0
100
AcDbLine
 10
118.5527859991416
 20
-264.1065263999626
 30
0.0
 11
108.2927535995841
 21
-270.9619883997366
 31
0.0
1001
AcDbBlockRepETag
1070
     1
1071
      474
1005
24F7
  0
LINE
  5
24F8
330
2333
100
AcDbEntity
  8
0
 62
     0
100
AcDbLine
 10
125.4092847993597
 20
-253.8485567998141
 30
0.0
 11
118.5527859991416
 21
-264.1065263999626
 31
0.0
1001
AcDbBlockRepETag
1070
     1
1071
      475
1005
24F8
  0
LINE
  5
24F9
330
2333
100
AcDbEntity
  8
0
 62
     0
100
AcDbLine
 10
127.8160647992044
 20
-241.7472000000998
 30
0.0
 11
125.4092847993597
 21
-253.8485567998141
 31
0.0
1001
AcDbBlockRepETag
1070
     1
1071
      476
1005
24F9
  0
LINE
  5
24FA
330
2333
100
AcDbEntity
  8
0
 62
     0
100
AcDbLine
 10
125.4092847993597
 20
-229.6455840002745
 30
0.0
 11
127.8160647992044
 21
-241.7472000000998
 31
0.0
1001
AcDbBlockRepETag
1070
     1
1071
      477
1005
24FA
  0
LINE
  5
24FB
330
2333
100
AcDbEntity
  8
0
 62
     0
100
AcDbLine
 10
118.5527859991416
 20
-219.3878736002371
 30
0.0
 11
125.4092847993597
 21
-229.6455840002745
 31
0.0
1001
AcDbBlockRepETag
1070
     1
1071
      478
1005
24FB
  0
LINE
  5
24FC
330
2333
100
AcDbEntity
  8
0
 62
     0
100
AcDbLine
 10
108.2927535986528
 20
-212.5324116004631
 30
0.0
 11
118.5527859991416
 21
-219.3878736002371
 31
0.0
1001
AcDbBlockRepETag
1070
     1
1071
      479
1005
24FC
  0
LINE
  5
24FD
330
2333
100
AcDbEntity
  8
0
 62
     0
100
AcDbLine
 10
96.19024119898677
 20
-210.125631599687
 30
0.0
 11
108.2927535986528
 21
-212.5324116004631
 31
0.0
1001
AcDbBlockRepETag
1070
     1
1071
      480
1005
24FD
  0
LINE
  5
24FE
330
2333
100
AcDbEntity
  8
0
 62
     0
100
AcDbLine
 10
84.08772879932076
 20
-212.5324116004631
 30
0.0
 11
96.19024119898677
 21
-210.125631599687
 31
0.0
1001
AcDbBlockRepETag
1070
     1
1071
      481
1005
24FE
  0
LINE
  5
24FF
330
2333
100
AcDbEntity
  8
0
 62
     0
100
AcDbLine
 10
73.8276963988319
 20
-219.3878736002371
 30
0.0
 11
84.08772879932076
 21
-212.5324116004631
 31
0.0
1001
AcDbBlockRepETag
1070
     1
1071
      482
1005
24FF
  0
LINE
  5
2500
330
2333
100
AcDbEntity
  8
0
 62
     0
100
AcDbLine
 10
66.97119759954512
 20
-229.6455840002745
 30
0.0
 11
73.8276963988319
 21
-219.3878736002371
 31
0.0
1001
AcDbBlockRepETag
1070
     1
1071
      483
1005
2500
  0
LINE
  5
2501
330
2333
100
AcDbEntity
  8
0
 62
     0
100
AcDbLine
 10
64.56442839931696
 20
-241.7472000000998
 30
0.0
 11
66.97119759954512
 21
-229.6455840002745
 31
0.0
1001
AcDbBlockRepETag
1070
     1
1071
      484
1005
2501
  0
LINE
  5
2502
330
2333
100
AcDbEntity
  8
0
 62
     0
100
AcDbLine
 10
66.97119759954512
 20
-253.8485567998141
 30
0.0
 11
64.56442839931696
 21
-241.7472000000998
 31
0.0
1001
AcDbBlockRepETag
1070
     1
1071
      485
1005
2502
  0
LINE
  5
2503
330
2333
100
AcDbEntity
  8
0
 62
     0
100
AcDbLine
 10
73.8276963988319
 20
-264.1065263999626
 30
0.0
 11
66.97119759954512
 21
-253.8485567998141
 31
0.0
1001
AcDbBlockRepETag
1070
     1
1071
      486
1005
2503
  0
LINE
  5
2504
330
2333
100
AcDbEntity
  8
0
 62
     0
100
AcDbLine
 10
84.08772879932076
 20
-270.9619883997366
 30
0.0
 11
73.8276963988319
 21
-264.1065263999626
 31
0.0
1001
AcDbBlockRepETag
1070
     1
1071
      487
1005
2504
  0
LINE
  5
2505
330
2333
100
AcDbEntity
  8
0
 62
     0
100
AcDbLine
 10
96.19024119898677
 20
-273.3687684005126
 30
0.0
 11
84.08772879932076
 21
-270.9619883997366
 31
0.0
1001
AcDbBlockRepETag
1070
     1
1071
      488
1005
2505
  0
LINE
  5
2506
330
2333
100
AcDbEntity
  8
0
 62
     0
100
AcDbLine
 10
146.9105532001704
 20
-210.4778736000881
 30
0.0
 11
146.9105532001704
 21
-210.9735503997654
 31
0.0
1001
AcDbBlockRepETag
1070
     1
1071
      489
1005
2506
  0
LINE
  5
2507
330
2333
100
AcDbEntity
  8
0
 62
     0
100
AcDbLine
 10
148.5979019999504
 20
-211.2055559996516
 30
0.0
 11
146.9105532001704
 21
-210.4778736000881
 31
0.0
1001
AcDbBlockRepETag
1070
     1
1071
      490
1005
2507
  0
LINE
  5
2508
330
2333
100
AcDbEntity
  8
0
 62
     0
100
AcDbLine
 10
55.73699640017003
 20
-184.1212512003258
 30
0.0
 11
100.0485431998968
 21
-191.202282000333
 31
0.0
1001
AcDbBlockRepETag
1070
     1
1071
      491
1005
2508
  0
LINE
  5
2509
330
2333
100
AcDbEntity
  8
0
 62
     0
100
AcDbLine
 10
19.93349520023912
 20
-189.3143448000774
 30
0.0
 11
55.73699640017003
 21
-184.1212512003258
 31
0.0
1001
AcDbBlockRepETag
1070
     1
1071
      492
1005
2509
  0
LINE
  5
250A
330
2333
100
AcDbEntity
  8
0
 62
     0
100
AcDbLine
 10
-10.47735000029206
 20
-211.2815124001354
 30
0.0
 11
19.93349520023912
 21
-189.3143448000774
 31
0.0
1001
AcDbBlockRepETag
1070
     1
1071
      493
1005
250A
  0
LINE
  5
250B
330
2333
100
AcDbEntity
  8
0
 62
     0
100
AcDbLine
 10
148.7194344000891
 20
-211.4416656000539
 30
0.0
 11
148.5979019999504
 21
-211.2055559996516
 31
0.0
1001
AcDbBlockRepETag
1070
     1
1071
      494
1005
250B
  0
LINE
  5
250C
330
2333
100
AcDbEntity
  8
0
 62
     0
100
AcDbLine
 10
148.7899907995015
 20
-211.469227200374
 30
0.0
 11
148.7194344000891
 21
-211.4416656000539
 31
0.0
1001
AcDbBlockRepETag
1070
     1
1071
      495
1005
250C
  0
LINE
  5
250D
330
2333
100
AcDbEntity
  8
0
 62
     0
100
AcDbLine
 10
148.7204711996019
 20
-211.5894744005054
 30
0.0
 11
148.7899907995015
 21
-211.469227200374
 31
0.0
1001
AcDbBlockRepETag
1070
     1
1071
      496
1005
250D
  0
LINE
  5
250E
330
2333
100
AcDbEntity
  8
0
 62
     0
100
AcDbLine
 10
100.0485431998968
 20
-191.202282000333
 30
0.0
 11
146.9105532001704
 21
-210.688765199855
 31
0.0
1001
AcDbBlockRepETag
1070
     1
1071
      497
1005
250E
  0
LINE
  5
250F
330
2333
100
AcDbEntity
  8
0
 62
     0
100
AcDbLine
 10
149.5493387999013
 20
-213.0154632003978
 30
0.0
 11
148.9671431994065
 21
-211.9079879997298
 31
0.0
1001
AcDbBlockRepETag
1070
     1
1071
      498
1005
250F
  0
LINE
  5
2510
330
2333
100
AcDbEntity
  8
0
 62
     0
100
AcDbLine
 10
148.7899907995015
 20
-211.469227200374
 30
0.0
 11
148.9934088001027
 21
-211.973392800428
 31
0.0
1001
AcDbBlockRepETag
1070
     1
1071
      499
1005
2510
  0
LINE
  5
2511
330
2333
100
AcDbEntity
  8
0
 62
     0
100
AcDbLine
 10
149.9111064001918
 20
-214.2429264001548
 30
0.0
 11
149.9891256000846
 21
-215.03832480032
 31
0.0
1001
AcDbBlockRepETag
1070
     1
1071
      500
1005
2511
  0
LINE
  5
2512
330
2333
100
AcDbEntity
  8
0
 62
     0
100
AcDbLine
 10
149.705377199687
 20
-213.7346352003515
 30
0.0
 11
149.9111064001918
 21
-214.2429264001548
 31
0.0
1001
AcDbBlockRepETag
1070
     1
1071
      501
1005
2512
  0
LINE
  5
2513
330
2333
100
AcDbEntity
  8
0
 62
     0
100
AcDbLine
 10
149.5493387999013
 20
-213.0154632003978
 30
0.0
 11
149.705377199687
 21
-213.7346352003515
 31
0.0
1001
AcDbBlockRepETag
1070
     1
1071
      502
1005
2513
  0
LINE
  5
2514
330
2333
100
AcDbEntity
  8
0
 62
     0
100
AcDbLine
 10
149.9111064001918
 20
-215.2723823999986
 30
0.0
 11
149.9891256000846
 21
-215.9264088002965
 31
0.0
1001
AcDbBlockRepETag
1070
     1
1071
      503
1005
2514
  0
LINE
  5
2515
330
2333
100
AcDbEntity
  8
0
 62
     0
100
AcDbLine
 10
150.2728848000988
 20
-216.3481812002137
 30
0.0
 11
149.986036799848
 21
-215.0256995996461
 31
0.0
1001
AcDbBlockRepETag
1070
     1
1071
      504
1005
2515
  0
LINE
  5
2516
330
2333
100
AcDbEntity
  8
0
 62
     0
100
AcDbLine
 10
150.4531260002404
 20
-219.8055312000215
 30
0.0
 11
150.2728848000988
 21
-216.3481812002137
 31
0.0
1001
AcDbBlockRepETag
1070
     1
1071
      505
1005
2516
  0
LINE
  5
2517
330
2333
100
AcDbEntity
  8
0
 62
     0
100
AcDbLine
 10
150.2728848000988
 20
-218.4343848004937
 30
0.0
 11
150.4531260002404
 21
-219.8055312000215
 31
0.0
1001
AcDbBlockRepETag
1070
     1
1071
      506
1005
2517
  0
LINE
  5
2518
330
2333
100
AcDbEntity
  8
0
 62
     0
100
AcDbLine
 10
150.4531260002404
 20
-219.8055312000215
 30
0.0
 11
150.2728848000988
 21
-217.879491600208
 31
0.0
1001
AcDbBlockRepETag
1070
     1
1071
      507
1005
2518
  0
LINE
  5
2519
330
2333
100
AcDbEntity
  8
0
 62
     0
100
AcDbLine
 10
150.4531260002404
 20
-219.8055312000215
 30
0.0
 11
150.2728848000988
 21
-219.4870068002492
 31
0.0
1001
AcDbBlockRepETag
1070
     1
1071
      508
1005
2519
  0
LINE
  5
251A
330
2333
100
AcDbEntity
  8
0
 62
     0
100
AcDbLine
 10
39.71094120014459
 20
-220.1724503999576
 30
0.0
 11
55.73699640017003
 21
-217.702328399755
 31
0.0
1001
AcDbBlockRepETag
1070
     1
1071
      509
1005
251A
  0
LINE
  5
251B
330
2333
100
AcDbEntity
  8
0
 62
     0
100
AcDbLine
 10
150.4531260002404
 20
-219.8055312000215
 30
0.0
 11
150.2728848000988
 21
-219.9087792001665
 31
0.0
1001
AcDbBlockRepETag
1070
     1
1071
      510
1005
251B
  0
LINE
  5
251C
330
2333
100
AcDbEntity
  8
0
 62
     0
100
AcDbLine
 10
150.2728848000988
 20
-220.4446211997419
 30
0.0
 11
150.4531260002404
 21
-219.8055312000215
 31
0.0
1001
AcDbBlockRepETag
1070
     1
1071
      511
1005
251C
  0
LINE
  5
251D
330
2333
100
AcDbEntity
  8
0
 62
     0
100
AcDbLine
 10
149.7234023995697
 20
-220.7925000004471
 30
0.0
 11
149.3680607993155
 21
-221.8451220002025
 31
0.0
1001
AcDbBlockRepETag
1070
     1
1071
      512
1005
251D
  0
LINE
  5
251E
330
2333
100
AcDbEntity
  8
0
 62
     0
100
AcDbLine
 10
149.9111064001918
 20
-221.271425999701
 30
0.0
 11
149.9111064001918
 21
-220.5965448003262
 31
0.0
1001
AcDbBlockRepETag
1070
     1
1071
      513
1005
251E
  0
LINE
  5
251F
330
2333
100
AcDbEntity
  8
0
 62
     0
100
AcDbLine
 10
150.2728848000988
 20
-220.5205883998424
 30
0.0
 11
150.09135839995
 21
-220.957038000226
 31
0.0
1001
AcDbBlockRepETag
1070
     1
1071
      514
1005
251F
  0
LINE
  5
2520
330
2333
100
AcDbEntity
  8
0
 62
     0
100
AcDbLine
 10
150.4531260002404
 20
-219.8055312000215
 30
0.0
 11
150.2728848000988
 21
-220.5205883998424
 31
0.0
1001
AcDbBlockRepETag
1070
     1
1071
      515
1005
2520
  0
LINE
  5
2521
330
2333
100
AcDbEntity
  8
0
 62
     0
100
AcDbLine
 10
150.2728848000988
 20
-220.2399180000648
 30
0.0
 11
150.4531260002404
 21
-219.8055312000215
 31
0.0
1001
AcDbBlockRepETag
1070
     1
1071
      516
1005
2521
  0
LINE
  5
2522
330
2333
100
AcDbEntity
  8
0
 62
     0
100
AcDbLine
 10
150.09135839995
 20
-220.957038000226
 30
0.0
 11
149.980636799708
 21
-221.0816591996699
 31
0.0
1001
AcDbBlockRepETag
1070
     1
1071
      517
1005
2522
  0
LINE
  5
2523
330
2333
100
AcDbEntity
  8
0
 62
     0
100
AcDbLine
 10
149.9870735993608
 20
-221.0520456004888
 30
0.0
 11
150.09135839995
 21
-220.957038000226
 31
0.0
1001
AcDbBlockRepETag
1070
     1
1071
      518
1005
2523
  0
LINE
  5
2524
330
2333
100
AcDbEntity
  8
0
 62
     0
100
AcDbLine
 10
149.9111064001918
 20
-221.271425999701
 30
0.0
 11
149.9870735993608
 21
-221.0520456004888
 31
0.0
1001
AcDbBlockRepETag
1070
     1
1071
      519
1005
2524
  0
LINE
  5
2525
330
2333
100
AcDbEntity
  8
0
 62
     0
100
AcDbLine
 10
149.3680607993155
 20
-221.8451220002025
 30
0.0
 11
149.9111064001918
 21
-221.271425999701
 31
0.0
1001
AcDbBlockRepETag
1070
     1
1071
      520
1005
2525
  0
LINE
  5
2526
330
2333
100
AcDbEntity
  8
0
 62
     0
100
AcDbLine
 10
149.1327072000131
 20
-221.8451220002025
 30
0.0
 11
149.3680607993155
 21
-221.8451220002025
 31
0.0
1001
AcDbBlockRepETag
1070
     1
1071
      521
1005
2526
  0
LINE
  5
2527
330
2333
100
AcDbEntity
  8
0
 62
     0
100
AcDbLine
 10
148.7899907995015
 20
-222.1489583998919
 30
0.0
 11
149.1401808001101
 21
-221.8283820003271
 31
0.0
1001
AcDbBlockRepETag
1070
     1
1071
      522
1005
2527
  0
LINE
  5
2528
330
2333
100
AcDbEntity
  8
0
 62
     0
100
AcDbLine
 10
146.9285784000531
 20
-222.0454512005672
 30
0.0
 11
148.7899907995015
 21
-222.1489583998919
 31
0.0
1001
AcDbBlockRepETag
1070
     1
1071
      523
1005
2528
  0
LINE
  5
2529
330
2333
100
AcDbEntity
  8
0
 62
     0
100
AcDbLine
 10
146.9105532001704
 20
-222.0454512005672
 30
0.0
 11
146.9285784000531
 21
-222.0454512005672
 31
0.0
1001
AcDbBlockRepETag
1070
     1
1071
      524
1005
2529
  0
LINE
  5
252A
330
2333
100
AcDbEntity
  8
0
 62
     0
100
AcDbLine
 10
146.9105532001704
 20
-222.098241600208
 30
0.0
 11
146.9105532001704
 21
-222.0454512005672
 31
0.0
1001
AcDbBlockRepETag
1070
     1
1071
      525
1005
252A
  0
LINE
  5
252B
330
2333
100
AcDbEntity
  8
0
 62
     0
100
AcDbLine
 10
148.7899907995015
 20
-222.1489583998919
 30
0.0
 11
146.9105532001704
 21
-222.098241600208
 31
0.0
1001
AcDbBlockRepETag
1070
     1
1071
      526
1005
252B
  0
LINE
  5
252C
330
2333
100
AcDbEntity
  8
0
 62
     0
100
AcDbLine
 10
-10.47735000029206
 20
-211.2815124001354
 30
0.0
 11
-10.47735000029206
 21
-214.3822355996817
 31
0.0
1001
AcDbBlockRepETag
1070
     1
1071
      527
1005
252C
  0
LINE
  5
252D
330
2333
100
AcDbEntity
  8
0
 62
     0
100
AcDbLine
 10
-18.18074159976095
 20
-223.1699147997424
 30
0.0
 11
-10.47735000029206
 21
-211.2815124001354
 31
0.0
1001
AcDbBlockRepETag
1070
     1
1071
      528
1005
252D
  0
LINE
  5
252E
330
2333
100
AcDbEntity
  8
0
 62
     0
100
AcDbLine
 10
-17.79578640032559
 20
-224.2246104003862
 30
0.0
 11
-18.18074159976095
 21
-223.1699147997424
 31
0.0
1001
AcDbBlockRepETag
1070
     1
1071
      529
1005
252E
  0
LINE
  5
252F
330
2333
100
AcDbEntity
  8
0
 62
     0
100
AcDbLine
 10
55.73699640017003
 20
-217.702328399755
 30
0.0
 11
146.9105532001704
 21
-221.7354263998568
 31
0.0
1001
AcDbBlockRepETag
1070
     1
1071
      530
1005
252F
  0
LINE
  5
2530
330
2333
100
AcDbEntity
  8
0
 62
     0
100
AcDbLine
 10
19.93349520023912
 20
-223.2183312000707
 30
0.0
 11
27.55049759987742
 21
-222.0454512005672
 31
0.0
1001
AcDbBlockRepETag
1070
     1
1071
      531
1005
2530
  0
LINE
  5
2531
330
2333
100
AcDbEntity
  8
0
 62
     0
100
AcDbLine
 10
-10.47735000029206
 20
-232.432167599909
 30
0.0
 11
19.93349520023912
 21
-223.2183312000707
 31
0.0
1001
AcDbBlockRepETag
1070
     1
1071
      532
1005
2531
  0
LINE
  5
2532
330
2333
100
AcDbEntity
  8
0
 62
     0
100
AcDbLine
 10
-35.1284795999527
 20
-232.5248640002683
 30
0.0
 11
-18.18074159976095
 21
-223.1699147997424
 31
0.0
1001
AcDbBlockRepETag
1070
     1
1071
      533
1005
2532
  0
LINE
  5
2533
330
2333
100
AcDbEntity
  8
0
 62
     0
100
AcDbLine
 10
-35.1284795999527
 20
-232.5248640002683
 30
0.0
 11
-35.44918560050428
 21
-232.8371999999508
 31
0.0
1001
AcDbBlockRepETag
1070
     1
1071
      534
1005
2533
  0
LINE
  5
2534
330
2333
100
AcDbEntity
  8
0
 62
     0
100
AcDbLine
 10
-35.1284795999527
 20
-233.0903195999563
 30
0.0
 11
-35.1284795999527
 21
-232.5248640002683
 31
0.0
1001
AcDbBlockRepETag
1070
     1
1071
      535
1005
2534
  0
LINE
  5
2535
330
2333
100
AcDbEntity
  8
0
 62
     0
100
AcDbLine
 10
-37.05438959971071
 20
-233.5120919998735
 30
0.0
 11
-36.9457307998091
 21
-233.5944852000102
 31
0.0
1001
AcDbBlockRepETag
1070
     1
1071
      536
1005
2535
  0
LINE
  5
2536
330
2333
100
AcDbEntity
  8
0
 62
     0
100
AcDbLine
 10
-35.1284795999527
 20
-232.5248640002683
 30
0.0
 11
-37.05438959971071
 21
-233.5120919998735
 31
0.0
1001
AcDbBlockRepETag
1070
     1
1071
      537
1005
2536
  0
LINE
  5
2537
330
2333
100
AcDbEntity
  8
0
 62
     0
100
AcDbLine
 10
-37.05438959971071
 20
-233.6598899997771
 30
0.0
 11
-35.1284795999527
 21
-232.5248640002683
 31
0.0
1001
AcDbBlockRepETag
1070
     1
1071
      538
1005
2537
  0
LINE
  5
2538
330
2333
100
AcDbEntity
  8
0
 62
     0
100
AcDbLine
 10
-35.44918560050428
 20
-232.8371999999508
 30
0.0
 11
-35.44918560050428
 21
-233.2378583997488
 31
0.0
1001
AcDbBlockRepETag
1070
     1
1071
      539
1005
2538
  0
LINE
  5
2539
330
2333
100
AcDbEntity
  8
0
 62
     0
100
AcDbLine
 10
-35.1284795999527
 20
-233.0903195999563
 30
0.0
 11
-35.44918560050428
 21
-232.8371999999508
 31
0.0
1001
AcDbBlockRepETag
1070
     1
1071
      540
1005
2539
  0
LINE
  5
253A
330
2333
100
AcDbEntity
  8
0
 62
     0
100
AcDbLine
 10
-37.05438959971071
 20
-233.6598899997771
 30
0.0
 11
-37.05438959971071
 21
-234.7102008005604
 31
0.0
1001
AcDbBlockRepETag
1070
     1
1071
      541
1005
253A
  0
LINE
  5
253B
330
2333
100
AcDbEntity
  8
0
 62
     0
100
AcDbLine
 10
-37.16305920016021
 20
-233.8517196001485
 30
0.0
 11
-37.05438959971071
 21
-233.6598899997771
 31
0.0
1001
AcDbBlockRepETag
1070
     1
1071
      542
1005
253B
  0
LINE
  5
253C
330
2333
100
AcDbEntity
  8
0
 62
     0
100
AcDbLine
 10
-38.39914080034942
 20
-236.7922788001597
 30
0.0
 11
-38.65856759995222
 21
-237.4460567999631
 31
0.0
1001
AcDbBlockRepETag
1070
     1
1071
      543
1005
253C
  0
LINE
  5
253D
330
2333
100
AcDbEntity
  8
0
 62
     0
100
AcDbLine
 10
-37.05438959971071
 20
-233.6598899997771
 30
0.0
 11
-37.35604440048337
 21
-234.9697463996708
 31
0.0
1001
AcDbBlockRepETag
1070
     1
1071
      544
1005
253D
  0
LINE
  5
253E
330
2333
100
AcDbEntity
  8
0
 62
     0
100
AcDbLine
 10
-37.05438959971071
 20
-233.5120919998735
 30
0.0
 11
-37.05438959971071
 21
-233.6598899997771
 31
0.0
1001
AcDbBlockRepETag
1070
     1
1071
      545
1005
253E
  0
LINE
  5
253F
330
2333
100
AcDbEntity
  8
0
 62
     0
100
AcDbLine
 10
-38.0172851998359
 20
-235.5012143999338
 30
0.0
 11
-37.05438959971071
 21
-233.5120919998735
 31
0.0
1001
AcDbBlockRepETag
1070
     1
1071
      546
1005
253F
  0
LINE
  5
2540
330
2333
100
AcDbEntity
  8
0
 62
     0
100
AcDbLine
 10
-38.40442200005055
 20
-236.8069559996948
 30
0.0
 11
-38.0172851998359
 21
-235.5012143999338
 31
0.0
1001
AcDbBlockRepETag
1070
     1
1071
      547
1005
2540
  0
LINE
  5
2541
330
2333
100
AcDbEntity
  8
0
 62
     0
100
AcDbLine
 10
-38.32743959967047
 20
-237.1530312001705
 30
0.0
 11
-38.0172851998359
 21
-236.3831208003685
 31
0.0
1001
AcDbBlockRepETag
1070
     1
1071
      548
1005
2541
  0
LINE
  5
2542
330
2333
100
AcDbEntity
  8
0
 62
     0
100
AcDbLine
 10
-38.65856759995222
 20
-237.4460567999631
 30
0.0
 11
-38.98031040001661
 21
-238.7456099996343
 31
0.0
1001
AcDbBlockRepETag
1070
     1
1071
      549
1005
2542
  0
LINE
  5
2543
330
2333
100
AcDbEntity
  8
0
 62
     0
100
AcDbLine
 10
-37.69568280037493
 20
-236.4482664000243
 30
0.0
 11
-37.66298040002585
 21
-236.2206455999985
 31
0.0
1001
AcDbBlockRepETag
1070
     1
1071
      550
1005
2543
  0
LINE
  5
2544
330
2333
100
AcDbEntity
  8
0
 62
     0
100
AcDbLine
 10
-37.69568280037493
 20
-237.2753304000944
 30
0.0
 11
-37.69568280037493
 21
-236.4482664000243
 31
0.0
1001
AcDbBlockRepETag
1070
     1
1071
      551
1005
2544
  0
LINE
  5
2545
330
2333
100
AcDbEntity
  8
0
 62
     0
100
AcDbLine
 10
-38.98031040001661
 20
-238.7456099996343
 30
0.0
 11
-38.65856759995222
 21
-237.6718739997595
 31
0.0
1001
AcDbBlockRepETag
1070
     1
1071
      552
1005
2545
  0
LINE
  5
2546
330
2333
100
AcDbEntity
  8
0
 62
     0
100
AcDbLine
 10
-38.65856759995222
 20
-238.2625583996996
 30
0.0
 11
-38.98031040001661
 21
-238.7456099996343
 31
0.0
1001
AcDbBlockRepETag
1070
     1
1071
      553
1005
2546
  0
LINE
  5
2547
330
2333
100
AcDbEntity
  8
0
 62
     0
100
AcDbLine
 10
-38.65856759995222
 20
-237.5052731996402
 30
0.0
 11
-38.3506055995822
 21
-236.7163223996759
 31
0.0
1001
AcDbBlockRepETag
1070
     1
1071
      554
1005
2547
  0
LINE
  5
2548
330
2333
100
AcDbEntity
  8
0
 62
     0
100
AcDbLine
 10
-38.98031040001661
 20
-238.7456099996343
 30
0.0
 11
-38.65856759995222
 21
-237.5052731996402
 31
0.0
1001
AcDbBlockRepETag
1070
     1
1071
      555
1005
2548
  0
LINE
  5
2549
330
2333
100
AcDbEntity
  8
0
 62
     0
100
AcDbLine
 10
-38.98031040001661
 20
-238.7456099996343
 30
0.0
 11
-38.65856759995222
 21
-237.9291083998978
 31
0.0
1001
AcDbBlockRepETag
1070
     1
1071
      556
1005
2549
  0
LINE
  5
254A
330
2333
100
AcDbEntity
  8
0
 62
     0
100
AcDbLine
 10
-38.98031040001661
 20
-238.7456099996343
 30
0.0
 11
-38.65856759995222
 21
-238.6567799998447
 31
0.0
1001
AcDbBlockRepETag
1070
     1
1071
      557
1005
254A
  0
LINE
  5
254B
330
2333
100
AcDbEntity
  8
0
 62
     0
100
AcDbLine
 10
-38.98031040001661
 20
-238.7456099996343
 30
0.0
 11
-38.65856759995222
 21
-239.5322495996952
 31
0.0
1001
AcDbBlockRepETag
1070
     1
1071
      558
1005
254B
  0
LINE
  5
254C
330
2333
100
AcDbEntity
  8
0
 62
     0
100
AcDbLine
 10
-38.65856759995222
 20
-239.0955515997484
 30
0.0
 11
-38.98031040001661
 21
-238.7456099996343
 31
0.0
1001
AcDbBlockRepETag
1070
     1
1071
      559
1005
254C
  0
LINE
  5
254D
330
2333
100
AcDbEntity
  8
0
 62
     0
100
AcDbLine
 10
-35.1284795999527
 20
-239.6167056001723
 30
0.0
 11
-35.1284795999527
 21
-240.2643060004339
 31
0.0
1001
AcDbBlockRepETag
1070
     1
1071
      560
1005
254D
  0
LINE
  5
254E
330
2333
100
AcDbEntity
  8
0
 62
     0
100
AcDbLine
 10
-33.5770920002833
 20
-240.3000972000882
 30
0.0
 11
-33.5770920002833
 21
-239.0471352003515
 31
0.0
1001
AcDbBlockRepETag
1070
     1
1071
      561
1005
254E
  0
LINE
  5
254F
330
2333
100
AcDbEntity
  8
0
 62
     0
100
AcDbLine
 10
-38.98031040001661
 20
-238.7456099996343
 30
0.0
 11
-38.65856759995222
 21
-240.2643060004339
 31
0.0
1001
AcDbBlockRepETag
1070
     1
1071
      562
1005
254F
  0
LINE
  5
2550
330
2333
100
AcDbEntity
  8
0
 62
     0
100
AcDbLine
 10
-38.65856759995222
 20
-240.5194776002318
 30
0.0
 11
-38.98031040001661
 21
-238.7456099996343
 31
0.0
1001
AcDbBlockRepETag
1070
     1
1071
      563
1005
2550
  0
LINE
  5
2551
330
2333
100
AcDbEntity
  8
0
 62
     0
100
AcDbLine
 10
-37.34651879966259
 20
-240.586945200339
 30
0.0
 11
-37.05438959971071
 21
-241.1292131999508
 31
0.0
1001
AcDbBlockRepETag
1070
     1
1071
      564
1005
2551
  0
LINE
  5
2552
330
2333
100
AcDbEntity
  8
0
 62
     0
100
AcDbLine
 10
-35.1284795999527
 20
-240.2643060004339
 30
0.0
 11
-35.1284795999527
 21
-240.692515200004
 31
0.0
1001
AcDbBlockRepETag
1070
     1
1071
      565
1005
2552
  0
LINE
  5
2553
330
2333
100
AcDbEntity
  8
0
 62
     0
100
AcDbLine
 10
-35.44918560050428
 20
-240.9013331998139
 30
0.0
 11
-35.1284795999527
 21
-240.2643060004339
 31
0.0
1001
AcDbBlockRepETag
1070
     1
1071
      566
1005
2553
  0
LINE
  5
2554
330
2333
100
AcDbEntity
  8
0
 62
     0
100
AcDbLine
 10
-35.1284795999527
 20
-240.8315543998033
 30
0.0
 11
-10.47735000029206
 21
-232.432167599909
 31
0.0
1001
AcDbBlockRepETag
1070
     1
1071
      567
1005
2554
  0
LINE
  5
2555
330
2333
100
AcDbEntity
  8
0
 62
     0
100
AcDbLine
 10
-35.1284795999527
 20
-240.692515200004
 30
0.0
 11
-35.1284795999527
 21
-240.8315543998033
 31
0.0
1001
AcDbBlockRepETag
1070
     1
1071
      568
1005
2555
  0
LINE
  5
2556
330
2333
100
AcDbEntity
  8
0
 62
     0
100
AcDbLine
 10
-35.44918560050428
 20
-240.9013331998139
 30
0.0
 11
-35.1284795999527
 21
-240.692515200004
 31
0.0
1001
AcDbBlockRepETag
1070
     1
1071
      569
1005
2556
  0
LINE
  5
2557
330
2333
100
AcDbEntity
  8
0
 62
     0
100
AcDbLine
 10
-35.44918560050428
 20
-240.4898640001193
 30
0.0
 11
-35.44918560050428
 21
-240.9013331998139
 31
0.0
1001
AcDbBlockRepETag
1070
     1
1071
      570
1005
2557
  0
LINE
  5
2558
330
2333
100
AcDbEntity
  8
0
 62
     0
100
AcDbLine
 10
-37.05438959971071
 20
-241.1292131999508
 30
0.0
 11
-35.44918560050428
 21
-240.4898640001193
 31
0.0
1001
AcDbBlockRepETag
1070
     1
1071
      571
1005
2558
  0
LINE
  5
2559
330
2333
100
AcDbEntity
  8
0
 62
     0
100
AcDbLine
 10
-37.05438959971071
 20
-240.4898640001193
 30
0.0
 11
-37.05438959971071
 21
-240.692515200004
 31
0.0
1001
AcDbBlockRepETag
1070
     1
1071
      572
1005
2559
  0
LINE
  5
255A
330
2333
100
AcDbEntity
  8
0
 62
     0
100
AcDbLine
 10
-38.0172851998359
 20
-240.6356100002304
 30
0.0
 11
-37.05438959971071
 21
-240.4898640001193
 31
0.0
1001
AcDbBlockRepETag
1070
     1
1071
      573
1005
255A
  0
LINE
  5
255B
330
2333
100
AcDbEntity
  8
0
 62
     0
100
AcDbLine
 10
-38.33799120038748
 20
-240.9224471999332
 30
0.0
 11
-38.0172851998359
 21
-240.6356100002304
 31
0.0
1001
AcDbBlockRepETag
1070
     1
1071
      574
1005
255B
  0
LINE
  5
255C
330
2333
100
AcDbEntity
  8
0
 62
     0
100
AcDbLine
 10
-38.0172851998359
 20
-241.105787999928
 30
0.0
 11
-38.33799120038748
 21
-240.9224471999332
 31
0.0
1001
AcDbBlockRepETag
1070
     1
1071
      575
1005
255C
  0
LINE
  5
255D
330
2333
100
AcDbEntity
  8
0
 62
     0
100
AcDbLine
 10
-38.0172851998359
 20
-240.6356100002304
 30
0.0
 11
-38.0172851998359
 21
-241.105787999928
 31
0.0
1001
AcDbBlockRepETag
1070
     1
1071
      576
1005
255D
  0
LINE
  5
255E
330
2333
100
AcDbEntity
  8
0
 62
     0
100
AcDbLine
 10
-37.05438959971071
 20
-241.1292131999508
 30
0.0
 11
-38.0172851998359
 21
-240.6356100002304
 31
0.0
1001
AcDbBlockRepETag
1070
     1
1071
      577
1005
255E
  0
LINE
  5
255F
330
2333
100
AcDbEntity
  8
0
 62
     0
100
AcDbLine
 10
-36.09150480013341
 20
-241.4096244005486
 30
0.0
 11
-35.96906519960612
 21
-241.1711927996949
 31
0.0
1001
AcDbBlockRepETag
1070
     1
1071
      578
1005
255F
  0
LINE
  5
2560
330
2333
100
AcDbEntity
  8
0
 62
     0
100
AcDbLine
 10
-35.1284795999527
 20
-240.8315543998033
 30
0.0
 11
-36.09150480013341
 21
-241.4096244005486
 31
0.0
1001
AcDbBlockRepETag
1070
     1
1071
      579
1005
2560
  0
LINE
  5
2561
330
2333
100
AcDbEntity
  8
0
 62
     0
100
AcDbLine
 10
-36.73265760019422
 20
-241.4897063998505
 30
0.0
 11
-35.1284795999527
 21
-240.8315543998033
 31
0.0
1001
AcDbBlockRepETag
1070
     1
1071
      580
1005
2561
  0
LINE
  5
2562
330
2333
100
AcDbEntity
  8
0
 62
     0
100
AcDbLine
 10
-37.05438959971071
 20
-241.4897063998505
 30
0.0
 11
-37.05438959971071
 21
-241.6879727998749
 31
0.0
1001
AcDbBlockRepETag
1070
     1
1071
      581
1005
2562
  0
LINE
  5
2563
330
2333
100
AcDbEntity
  8
0
 62
     0
100
AcDbLine
 10
-36.09150480013341
 20
-241.4096244005486
 30
0.0
 11
-36.09150480013341
 21
-241.2219203999266
 31
0.0
1001
AcDbBlockRepETag
1070
     1
1071
      582
1005
2563
  0
LINE
  5
2564
330
2333
100
AcDbEntity
  8
0
 62
     0
100
AcDbLine
 10
-37.05438959971071
 20
-241.6879727998749
 30
0.0
 11
-36.09150480013341
 21
-241.4096244005486
 31
0.0
1001
AcDbBlockRepETag
1070
     1
1071
      583
1005
2564
  0
LINE
  5
2565
330
2333
100
AcDbEntity
  8
0
 62
     0
100
AcDbLine
 10
-38.98031040001661
 20
-238.7456099996343
 30
0.0
 11
-38.65856759995222
 21
-240.692515200004
 31
0.0
1001
AcDbBlockRepETag
1070
     1
1071
      584
1005
2565
  0
LINE
  5
2566
330
2333
100
AcDbEntity
  8
0
 62
     0
100
AcDbLine
 10
-38.65856759995222
 20
-240.7429836001247
 30
0.0
 11
-38.98031040001661
 21
-238.7456099996343
 31
0.0
1001
AcDbBlockRepETag
1070
     1
1071
      585
1005
2566
  0
LINE
  5
2567
330
2333
100
AcDbEntity
  8
0
 62
     0
100
AcDbLine
 10
-38.33799120038748
 20
-241.1711927996949
 30
0.0
 11
-38.65856759995222
 21
-240.7429836001247
 31
0.0
1001
AcDbBlockRepETag
1070
     1
1071
      586
1005
2567
  0
LINE
  5
2568
330
2333
100
AcDbEntity
  8
0
 62
     0
100
AcDbLine
 10
-38.0172851998359
 20
-241.517257200554
 30
0.0
 11
-38.33799120038748
 21
-241.1711927996949
 31
0.0
1001
AcDbBlockRepETag
1070
     1
1071
      587
1005
2568
  0
LINE
  5
2569
330
2333
100
AcDbEntity
  8
0
 62
     0
100
AcDbLine
 10
-38.0172851998359
 20
-241.105787999928
 30
0.0
 11
-38.0172851998359
 21
-241.517257200554
 31
0.0
1001
AcDbBlockRepETag
1070
     1
1071
      588
1005
2569
  0
LINE
  5
256A
330
2333
100
AcDbEntity
  8
0
 62
     0
100
AcDbLine
 10
-37.05438959971071
 20
-241.1292131999508
 30
0.0
 11
-38.0172851998359
 21
-241.105787999928
 31
0.0
1001
AcDbBlockRepETag
1070
     1
1071
      589
1005
256A
  0
LINE
  5
256B
330
2333
100
AcDbEntity
  8
0
 62
     0
100
AcDbLine
 10
-36.73265760019422
 20
-241.4897063998505
 30
0.0
 11
-37.05438959971071
 21
-241.1292131999508
 31
0.0
1001
AcDbBlockRepETag
1070
     1
1071
      590
1005
256B
  0
LINE
  5
256C
330
2333
100
AcDbEntity
  8
0
 62
     0
100
AcDbLine
 10
-38.0172851998359
 20
-241.517257200554
 30
0.0
 11
-36.73265760019422
 21
-241.4897063998505
 31
0.0
1001
AcDbBlockRepETag
1070
     1
1071
      591
1005
256C
  0
LINE
  5
256D
330
2333
100
AcDbEntity
  8
0
 62
     0
100
AcDbLine
 10
-37.05438959971071
 20
-241.6879727998749
 30
0.0
 11
-38.0172851998359
 21
-241.517257200554
 31
0.0
1001
AcDbBlockRepETag
1070
     1
1071
      592
1005
256D
  0
LINE
  5
256E
330
2333
100
AcDbEntity
  8
0
 62
     0
100
AcDbLine
 10
139.9211927996948
 20
-252.6313859997317
 30
0.0
 11
140.2533575994894
 21
-252.1612080000341
 31
0.0
1001
AcDbBlockRepETag
1070
     1
1071
      593
1005
256E
  0
LINE
  5
256F
330
2333
100
AcDbEntity
  8
0
 62
     0
100
AcDbLine
 10
131.4108251994476
 20
-252.9583991998807
 30
0.0
 11
129.7360907997936
 21
-252.6821135999635
 31
0.0
1001
AcDbBlockRepETag
1070
     1
1071
      594
1005
256F
  0
LINE
  5
2570
330
2333
100
AcDbEntity
  8
0
 62
     0
100
AcDbLine
 10
133.438049999997
 20
-253.1229371996596
 30
0.0
 11
131.4108251994476
 21
-252.9583991998807
 31
0.0
1001
AcDbBlockRepETag
1070
     1
1071
      595
1005
2570
  0
LINE
  5
2571
330
2333
100
AcDbEntity
  8
0
 62
     0
100
AcDbLine
 10
135.5188536001369
 20
-253.1229371996596
 30
0.0
 11
133.438049999997
 21
-253.1229371996596
 31
0.0
1001
AcDbBlockRepETag
1070
     1
1071
      596
1005
2571
  0
LINE
  5
2572
330
2333
100
AcDbEntity
  8
0
 62
     0
100
AcDbLine
 10
137.6714771995321
 20
-252.9583991998807
 30
0.0
 11
135.5188536001369
 21
-253.1229371996596
 31
0.0
1001
AcDbBlockRepETag
1070
     1
1071
      597
1005
2572
  0
LINE
  5
2573
330
2333
100
AcDbEntity
  8
0
 62
     0
100
AcDbLine
 10
139.9211927996948
 20
-252.6313859997317
 30
0.0
 11
137.6714771995321
 21
-252.9583991998807
 31
0.0
1001
AcDbBlockRepETag
1070
     1
1071
      598
1005
2573
  0
LINE
  5
2574
330
2333
100
AcDbEntity
  8
0
 62
     0
100
AcDbLine
 10
139.7829203996807
 20
-253.7684748005122
 30
0.0
 11
139.9211927996948
 21
-252.6313859997317
 31
0.0
1001
AcDbBlockRepETag
1070
     1
1071
      599
1005
2574
  0
LINE
  5
2575
330
2333
100
AcDbEntity
  8
0
 62
     0
100
AcDbLine
 10
137.6714771995321
 20
-254.576487599872
 30
0.0
 11
139.9211927996948
 21
-254.9117411999032
 31
0.0
1001
AcDbBlockRepETag
1070
     1
1071
      600
1005
2575
  0
LINE
  5
2576
330
2333
100
AcDbEntity
  8
0
 62
     0
100
AcDbLine
 10
135.5188536001369
 20
-254.4140015998855
 30
0.0
 11
137.6714771995321
 21
-254.576487599872
 31
0.0
1001
AcDbBlockRepETag
1070
     1
1071
      601
1005
2576
  0
LINE
  5
2577
330
2333
100
AcDbEntity
  8
0
 62
     0
100
AcDbLine
 10
133.438049999997
 20
-254.4140015998855
 30
0.0
 11
135.5188536001369
 21
-254.4140015998855
 31
0.0
1001
AcDbBlockRepETag
1070
     1
1071
      602
1005
2577
  0
LINE
  5
2578
330
2333
100
AcDbEntity
  8
0
 62
     0
100
AcDbLine
 10
131.4108251994476
 20
-254.576487599872
 30
0.0
 11
133.438049999997
 21
-254.4140015998855
 31
0.0
1001
AcDbBlockRepETag
1070
     1
1071
      603
1005
2578
  0
LINE
  5
2579
330
2333
100
AcDbEntity
  8
0
 62
     0
100
AcDbLine
 10
129.7360907997936
 20
-254.8527731997892
 30
0.0
 11
131.4108251994476
 21
-254.576487599872
 31
0.0
1001
AcDbBlockRepETag
1070
     1
1071
      604
1005
2579
  0
LINE
  5
257A
330
2333
100
AcDbEntity
  8
0
 62
     0
100
AcDbLine
 10
139.7829203996807
 20
-253.7684748005122
 30
0.0
 11
129.3944004001096
 21
-253.7684748005122
 31
0.0
1001
AcDbBlockRepETag
1070
     1
1071
      605
1005
257A
  0
LINE
  5
257B
330
2333
100
AcDbEntity
  8
0
 62
     0
100
AcDbLine
 10
139.9211927996948
 20
-254.9117411999032
 30
0.0
 11
139.7829203996807
 21
-253.7684748005122
 31
0.0
1001
AcDbBlockRepETag
1070
     1
1071
      606
1005
257B
  0
LINE
  5
257C
330
2333
100
AcDbEntity
  8
0
 62
     0
100
AcDbLine
 10
139.9211927996948
 20
-254.9117411999032
 30
0.0
 11
140.2533575994894
 21
-255.3736787997186
 31
0.0
1001
AcDbBlockRepETag
1070
     1
1071
      607
1005
257C
  0
LINE
  5
257D
330
2333
100
AcDbEntity
  8
0
 62
     0
100
AcDbLine
 10
131.9592816000804
 20
-252.6313859997317
 30
0.0
 11
130.5574955996126
 21
-252.2371644005179
 31
0.0
1001
AcDbBlockRepETag
1070
     1
1071
      608
1005
257D
  0
LINE
  5
257E
330
2333
100
AcDbEntity
  8
0
 62
     0
100
AcDbLine
 10
133.819657200016
 20
-252.8551511997357
 30
0.0
 11
131.9592816000804
 21
-252.6313859997317
 31
0.0
1001
AcDbBlockRepETag
1070
     1
1071
      609
1005
257E
  0
LINE
  5
257F
330
2333
100
AcDbEntity
  8
0
 62
     0
100
AcDbLine
 10
135.8394299997017
 20
-252.8551511997357
 30
0.0
 11
133.819657200016
 21
-252.8551511997357
 31
0.0
1001
AcDbBlockRepETag
1070
     1
1071
      610
1005
257F
  0
LINE
  5
2580
330
2333
100
AcDbEntity
  8
0
 62
     0
100
AcDbLine
 10
137.9930903995409
 20
-252.6313859997317
 30
0.0
 11
135.8394299997017
 21
-252.8551511997357
 31
0.0
1001
AcDbBlockRepETag
1070
     1
1071
      611
1005
2580
  0
LINE
  5
2581
330
2333
100
AcDbEntity
  8
0
 62
     0
100
AcDbLine
 10
140.2533575994894
 20
-252.1612080000341
 30
0.0
 11
137.9930903995409
 21
-252.6313859997317
 31
0.0
1001
AcDbBlockRepETag
1070
     1
1071
      612
1005
2581
  0
LINE
  5
2582
330
2333
100
AcDbEntity
  8
0
 62
     0
100
AcDbLine
 10
140.5855224002152
 20
-252.6313859997317
 30
0.0
 11
140.2533575994894
 21
-252.1612080000341
 31
0.0
1001
AcDbBlockRepETag
1070
     1
1071
      613
1005
2582
  0
LINE
  5
2583
330
2333
100
AcDbEntity
  8
0
 62
     0
100
AcDbLine
 10
140.723794799298
 20
-253.7684748005122
 30
0.0
 11
140.5855224002152
 21
-252.6313859997317
 31
0.0
1001
AcDbBlockRepETag
1070
     1
1071
      614
1005
2583
  0
LINE
  5
2584
330
2333
100
AcDbEntity
  8
0
 62
     0
100
AcDbLine
 10
140.5855224002152
 20
-254.9117411999032
 30
0.0
 11
140.723794799298
 21
-253.7684748005122
 31
0.0
1001
AcDbBlockRepETag
1070
     1
1071
      615
1005
2584
  0
LINE
  5
2585
330
2333
100
AcDbEntity
  8
0
 62
     0
100
AcDbLine
 10
140.2533575994894
 20
-255.3736787997186
 30
0.0
 11
140.5855224002152
 21
-254.9117411999032
 31
0.0
1001
AcDbBlockRepETag
1070
     1
1071
      616
1005
2585
  0
LINE
  5
2586
330
2333
100
AcDbEntity
  8
0
 62
     0
100
AcDbLine
 10
131.9592816000804
 20
-254.9117411999032
 30
0.0
 11
130.5564588000998
 21
-255.2977224001661
 31
0.0
1001
AcDbBlockRepETag
1070
     1
1071
      617
1005
2586
  0
LINE
  5
2587
330
2333
100
AcDbEntity
  8
0
 62
     0
100
AcDbLine
 10
133.819657200016
 20
-254.679735600017
 30
0.0
 11
131.9592816000804
 21
-254.9117411999032
 31
0.0
1001
AcDbBlockRepETag
1070
     1
1071
      618
1005
2587
  0
LINE
  5
2588
330
2333
100
AcDbEntity
  8
0
 62
     0
100
AcDbLine
 10
135.8394299997017
 20
-254.679735600017
 30
0.0
 11
133.819657200016
 21
-254.679735600017
 31
0.0
1001
AcDbBlockRepETag
1070
     1
1071
      619
1005
2588
  0
LINE
  5
2589
330
2333
100
AcDbEntity
  8
0
 62
     0
100
AcDbLine
 10
137.9930903995409
 20
-254.9117411999032
 30
0.0
 11
135.8394299997017
 21
-254.679735600017
 31
0.0
1001
AcDbBlockRepETag
1070
     1
1071
      620
1005
2589
  0
LINE
  5
258A
330
2333
100
AcDbEntity
  8
0
 62
     0
100
AcDbLine
 10
140.2533575994894
 20
-255.3736787997186
 30
0.0
 11
137.9930903995409
 21
-254.9117411999032
 31
0.0
1001
AcDbBlockRepETag
1070
     1
1071
      621
1005
258A
  0
LINE
  5
258B
330
2333
100
AcDbEntity
  8
0
 62
     0
100
AcDbLine
 10
19.60029360000044
 20
-258.6515544001013
 30
0.0
 11
20.23515000008047
 21
-258.6515544001013
 31
0.0
1001
AcDbBlockRepETag
1070
     1
1071
      622
1005
258B
  0
LINE
  5
258C
330
2333
100
AcDbEntity
  8
0
 62
     0
100
AcDbLine
 10
19.60029360000044
 20
-258.6515544001013
 30
0.0
 11
17.65752479992807
 21
-259.5777516001835
 31
0.0
1001
AcDbBlockRepETag
1070
     1
1071
      623
1005
258C
  0
LINE
  5
258D
330
2333
100
AcDbEntity
  8
0
 62
     0
100
AcDbLine
 10
21.54411000013352
 20
-259.5777516001835
 30
0.0
 11
19.60029360000044
 21
-258.6515544001013
 31
0.0
1001
AcDbBlockRepETag
1070
     1
1071
      624
1005
258D
  0
LINE
  5
258E
330
2333
100
AcDbEntity
  8
0
 62
     0
100
AcDbLine
 10
17.65752479992807
 20
-259.5777516001835
 30
0.0
 11
16.85273039992899
 21
-261.8094311999157
 31
0.0
1001
AcDbBlockRepETag
1070
     1
1071
      625
1005
258E
  0
LINE
  5
258F
330
2333
100
AcDbEntity
  8
0
 62
     0
100
AcDbLine
 10
21.54411000013352
 20
-259.5777516001835
 30
0.0
 11
22.17895559966564
 21
-259.5777516001835
 31
0.0
1001
AcDbBlockRepETag
1070
     1
1071
      626
1005
258F
  0
LINE
  5
2590
330
2333
100
AcDbEntity
  8
0
 62
     0
100
AcDbLine
 10
22.34876399952918
 20
-261.8094311999157
 30
0.0
 11
21.54411000013352
 21
-259.5777516001835
 31
0.0
1001
AcDbBlockRepETag
1070
     1
1071
      627
1005
2590
  0
LINE
  5
2591
330
2333
100
AcDbEntity
  8
0
 62
     0
100
AcDbLine
 10
16.85273039992899
 20
-261.8094311999157
 30
0.0
 11
17.65752479992807
 21
-264.0411216001957
 31
0.0
1001
AcDbBlockRepETag
1070
     1
1071
      628
1005
2591
  0
LINE
  5
2592
330
2333
100
AcDbEntity
  8
0
 62
     0
100
AcDbLine
 10
22.34876399952918
 20
-261.8094311999157
 30
0.0
 11
22.98373920004815
 21
-261.8094311999157
 31
0.0
1001
AcDbBlockRepETag
1070
     1
1071
      629
1005
2592
  0
LINE
  5
2593
330
2333
100
AcDbEntity
  8
0
 62
     0
100
AcDbLine
 10
21.54411000013352
 20
-264.0411216001957
 30
0.0
 11
22.34876399952918
 21
-261.8094311999157
 31
0.0
1001
AcDbBlockRepETag
1070
     1
1071
      630
1005
2593
  0
LINE
  5
2594
330
2333
100
AcDbEntity
  8
0
 62
     0
100
AcDbLine
 10
17.65752479992807
 20
-264.0411216001957
 30
0.0
 11
19.60029360000044
 21
-264.9649967998266
 31
0.0
1001
AcDbBlockRepETag
1070
     1
1071
      631
1005
2594
  0
LINE
  5
2595
330
2333
100
AcDbEntity
  8
0
 62
     0
100
AcDbLine
 10
21.54411000013352
 20
-264.0411216001957
 30
0.0
 11
22.17895559966564
 21
-264.0411216001957
 31
0.0
1001
AcDbBlockRepETag
1070
     1
1071
      632
1005
2595
  0
LINE
  5
2596
330
2333
100
AcDbEntity
  8
0
 62
     0
100
AcDbLine
 10
19.60029360000044
 20
-264.9649967998266
 30
0.0
 11
21.54411000013352
 21
-264.0411216001957
 31
0.0
1001
AcDbBlockRepETag
1070
     1
1071
      633
1005
2596
  0
LINE
  5
2597
330
2333
100
AcDbEntity
  8
0
 62
     0
100
AcDbLine
 10
19.60029360000044
 20
-264.9649967998266
 30
0.0
 11
20.23515000008047
 21
-264.9649967998266
 31
0.0
1001
AcDbBlockRepETag
1070
     1
1071
      634
1005
2597
  0
LINE
  5
2598
330
2333
100
AcDbEntity
  8
0
 62
     0
100
AcDbLine
 10
135.9164124000817
 20
-265.1274827998132
 30
0.0
 11
132.3643140001222
 21
-266.0639724005014
 31
0.0
1001
AcDbBlockRepETag
1070
     1
1071
      635
1005
2598
  0
LINE
  5
2599
330
2333
100
AcDbEntity
  8
0
 62
     0
100
AcDbLine
 10
138.9285539994016
 20
-262.4611464003101
 30
0.0
 11
135.9164124000817
 21
-265.1274827998132
 31
0.0
1001
AcDbBlockRepETag
1070
     1
1071
      636
1005
2599
  0
LINE
  5
259A
330
2333
100
AcDbEntity
  8
0
 62
     0
100
AcDbLine
 10
140.9411124000325
 20
-258.4723391998559
 30
0.0
 11
138.9285539994016
 21
-262.4611464003101
 31
0.0
1001
AcDbBlockRepETag
1070
     1
1071
      637
1005
259A
  0
LINE
  5
259B
330
2333
100
AcDbEntity
  8
0
 62
     0
100
AcDbLine
 10
141.6476699998602
 20
-253.7684748005122
 30
0.0
 11
140.9411124000325
 21
-258.4723391998559
 31
0.0
1001
AcDbBlockRepETag
1070
     1
1071
      638
1005
259B
  0
LINE
  5
259C
330
2333
100
AcDbEntity
  8
0
 62
     0
100
AcDbLine
 10
140.9411124000325
 20
-249.0625475998968
 30
0.0
 11
141.6476699998602
 21
-253.7684748005122
 31
0.0
1001
AcDbBlockRepETag
1070
     1
1071
      639
1005
259C
  0
LINE
  5
259D
330
2333
100
AcDbEntity
  8
0
 62
     0
100
AcDbLine
 10
138.9285539994016
 20
-245.0737404003739
 30
0.0
 11
140.9411124000325
 21
-249.0625475998968
 31
0.0
1001
AcDbBlockRepETag
1070
     1
1071
      640
1005
259D
  0
LINE
  5
259E
330
2333
100
AcDbEntity
  8
0
 62
     0
100
AcDbLine
 10
135.9164124000817
 20
-242.4074039999396
 30
0.0
 11
138.9285539994016
 21
-245.0737404003739
 31
0.0
1001
AcDbBlockRepETag
1070
     1
1071
      641
1005
259E
  0
LINE
  5
259F
330
2333
100
AcDbEntity
  8
0
 62
     0
100
AcDbLine
 10
132.3643140001222
 20
-241.4729663999751
 30
0.0
 11
135.9164124000817
 21
-242.4074039999396
 31
0.0
1001
AcDbBlockRepETag
1070
     1
1071
      642
1005
259F
  0
LINE
  5
25A0
330
2333
100
AcDbEntity
  8
0
 62
     0
100
AcDbLine
 10
128.8109195996076
 20
-242.4074039999396
 30
0.0
 11
132.3643140001222
 21
-241.4729663999751
 31
0.0
1001
AcDbBlockRepETag
1070
     1
1071
      643
1005
25A0
  0
LINE
  5
25A1
330
2333
100
AcDbEntity
  8
0
 62
     0
100
AcDbLine
 10
125.7987779993564
 20
-245.0737404003739
 30
0.0
 11
128.8109195996076
 21
-242.4074039999396
 31
0.0
1001
AcDbBlockRepETag
1070
     1
1071
      644
1005
25A1
  0
LINE
  5
25A2
330
2333
100
AcDbEntity
  8
0
 62
     0
100
AcDbLine
 10
123.7864787997678
 20
-249.0625475998968
 30
0.0
 11
125.7987779993564
 21
-245.0737404003739
 31
0.0
1001
AcDbBlockRepETag
1070
     1
1071
      645
1005
25A2
  0
LINE
  5
25A3
330
2333
100
AcDbEntity
  8
0
 62
     0
100
AcDbLine
 10
123.0799211999401
 20
-253.7684748005122
 30
0.0
 11
123.7864787997678
 21
-249.0625475998968
 31
0.0
1001
AcDbBlockRepETag
1070
     1
1071
      646
1005
25A3
  0
LINE
  5
25A4
330
2333
100
AcDbEntity
  8
0
 62
     0
100
AcDbLine
 10
123.7864787997678
 20
-258.4723391998559
 30
0.0
 11
123.0799211999401
 21
-253.7684748005122
 31
0.0
1001
AcDbBlockRepETag
1070
     1
1071
      647
1005
25A4
  0
LINE
  5
25A5
330
2333
100
AcDbEntity
  8
0
 62
     0
100
AcDbLine
 10
125.7987779993564
 20
-262.4611464003101
 30
0.0
 11
123.7864787997678
 21
-258.4723391998559
 31
0.0
1001
AcDbBlockRepETag
1070
     1
1071
      648
1005
25A5
  0
LINE
  5
25A6
330
2333
100
AcDbEntity
  8
0
 62
     0
100
AcDbLine
 10
128.8109195996076
 20
-265.1274827998132
 30
0.0
 11
125.7987779993564
 21
-262.4611464003101
 31
0.0
1001
AcDbBlockRepETag
1070
     1
1071
      649
1005
25A6
  0
LINE
  5
25A7
330
2333
100
AcDbEntity
  8
0
 62
     0
100
AcDbLine
 10
132.3643140001222
 20
-266.0639724005014
 30
0.0
 11
128.8109195996076
 21
-265.1274827998132
 31
0.0
1001
AcDbBlockRepETag
1070
     1
1071
      650
1005
25A7
  0
LINE
  5
25A8
330
2333
100
AcDbEntity
  8
0
 62
     0
100
AcDbLine
 10
23.95397880021483
 20
-276.6909348005429
 30
0.0
 11
18.58770720008761
 21
-277.9165944000706
 31
0.0
1001
AcDbBlockRepETag
1070
     1
1071
      651
1005
25A8
  0
LINE
  5
25A9
330
2333
100
AcDbEntity
  8
0
 62
     0
100
AcDbLine
 10
28.50398639962077
 20
-273.1977936001495
 30
0.0
 11
23.95397880021483
 21
-276.6909348005429
 31
0.0
1001
AcDbBlockRepETag
1070
     1
1071
      652
1005
25A9
  0
LINE
  5
25AA
330
2333
100
AcDbEntity
  8
0
 62
     0
100
AcDbLine
 10
31.5435491995886
 20
-267.973023599945
 30
0.0
 11
28.50398639962077
 21
-273.1977936001495
 31
0.0
1001
AcDbBlockRepETag
1070
     1
1071
      653
1005
25AA
  0
LINE
  5
25AB
330
2333
100
AcDbEntity
  8
0
 62
     0
100
AcDbLine
 10
32.61085920035839
 20
-261.8094311999157
 30
0.0
 11
31.5435491995886
 21
-267.973023599945
 31
0.0
1001
AcDbBlockRepETag
1070
     1
1071
      654
1005
25AB
  0
LINE
  5
25AC
330
2333
100
AcDbEntity
  8
0
 62
     0
100
AcDbLine
 10
31.5435491995886
 20
-255.6458496004343
 30
0.0
 11
32.61085920035839
 21
-261.8094311999157
 31
0.0
1001
AcDbBlockRepETag
1070
     1
1071
      655
1005
25AC
  0
LINE
  5
25AD
330
2333
100
AcDbEntity
  8
0
 62
     0
100
AcDbLine
 10
28.50398639962077
 20
-250.4208204001188
 30
0.0
 11
31.5435491995886
 21
-255.6458496004343
 31
0.0
1001
AcDbBlockRepETag
1070
     1
1071
      656
1005
25AD
  0
LINE
  5
25AE
330
2333
100
AcDbEntity
  8
0
 62
     0
100
AcDbLine
 10
23.95397880021483
 20
-246.9276791997254
 30
0.0
 11
28.50398639962077
 21
-250.4208204001188
 31
0.0
1001
AcDbBlockRepETag
1070
     1
1071
      657
1005
25AE
  0
LINE
  5
25AF
330
2333
100
AcDbEntity
  8
0
 62
     0
100
AcDbLine
 10
18.58770720008761
 20
-245.7022788003087
 30
0.0
 11
23.95397880021483
 21
-246.9276791997254
 31
0.0
1001
AcDbBlockRepETag
1070
     1
1071
      658
1005
25AF
  0
LINE
  5
25B0
330
2333
100
AcDbEntity
  8
0
 62
     0
100
AcDbLine
 10
13.22144639957696
 20
-246.9276791997254
 30
0.0
 11
18.58770720008761
 21
-245.7022788003087
 31
0.0
1001
AcDbBlockRepETag
1070
     1
1071
      659
1005
25B0
  0
LINE
  5
25B1
330
2333
100
AcDbEntity
  8
0
 62
     0
100
AcDbLine
 10
8.671557599678635
 20
-250.4208204001188
 30
0.0
 11
13.22144639957696
 21
-246.9276791997254
 31
0.0
1001
AcDbBlockRepETag
1070
     1
1071
      660
1005
25B1
  0
LINE
  5
25B2
330
2333
100
AcDbEntity
  8
0
 62
     0
100
AcDbLine
 10
5.63199479971081
 20
-255.6458496004343
 30
0.0
 11
8.671557599678635
 21
-250.4208204001188
 31
0.0
1001
AcDbBlockRepETag
1070
     1
1071
      661
1005
25B2
  0
LINE
  5
25B3
330
2333
100
AcDbEntity
  8
0
 62
     0
100
AcDbLine
 10
4.564565999433398
 20
-261.8094311999157
 30
0.0
 11
5.63199479971081
 21
-255.6458496004343
 31
0.0
1001
AcDbBlockRepETag
1070
     1
1071
      662
1005
25B3
  0
LINE
  5
25B4
330
2333
100
AcDbEntity
  8
0
 62
     0
100
AcDbLine
 10
5.63199479971081
 20
-267.973023599945
 30
0.0
 11
4.564565999433398
 21
-261.8094311999157
 31
0.0
1001
AcDbBlockRepETag
1070
     1
1071
      663
1005
25B4
  0
LINE
  5
25B5
330
2333
100
AcDbEntity
  8
0
 62
     0
100
AcDbLine
 10
8.671557599678635
 20
-273.1977936001495
 30
0.0
 11
5.63199479971081
 21
-267.973023599945
 31
0.0
1001
AcDbBlockRepETag
1070
     1
1071
      664
1005
25B5
  0
LINE
  5
25B6
330
2333
100
AcDbEntity
  8
0
 62
     0
100
AcDbLine
 10
13.22144639957696
 20
-276.6909348005429
 30
0.0
 11
8.671557599678635
 21
-273.1977936001495
 31
0.0
1001
AcDbBlockRepETag
1070
     1
1071
      665
1005
25B6
  0
LINE
  5
25B7
330
2333
100
AcDbEntity
  8
0
 62
     0
100
AcDbLine
 10
18.58770720008761
 20
-277.9165944000706
 30
0.0
 11
13.22144639957696
 21
-276.6909348005429
 31
0.0
1001
AcDbBlockRepETag
1070
     1
1071
      666
1005
25B7
  0
LINE
  5
25B8
330
2333
100
AcDbEntity
  8
0
 62
     0
100
AcDbLine
 10
122.1781859993934
 20
-283.4516484001651
 30
0.0
 11
112.8948192000389
 21
-285.896271600388
 31
0.0
1001
AcDbBlockRepETag
1070
     1
1071
      667
1005
25B8
  0
LINE
  5
25B9
330
2333
100
AcDbEntity
  8
0
 62
     0
100
AcDbLine
 10
129.5355024002492
 20
-281.1924072001129
 30
0.0
 11
122.1781859993934
 21
-283.4516484001651
 31
0.0
1001
AcDbBlockRepETag
1070
     1
1071
      668
1005
25B9
  0
LINE
  5
25BA
330
2333
100
AcDbEntity
  8
0
 62
     0
100
AcDbLine
 10
136.8075959999114
 20
-274.7566547999158
 30
0.0
 11
129.5355024002492
 21
-281.1924072001129
 31
0.0
1001
AcDbBlockRepETag
1070
     1
1071
      669
1005
25BA
  0
LINE
  5
25BB
330
2333
100
AcDbEntity
  8
0
 62
     0
100
AcDbLine
 10
139.9253075998276
 20
-269.8333991998806
 30
0.0
 11
136.8075959999114
 21
-274.7566547999158
 31
0.0
1001
AcDbBlockRepETag
1070
     1
1071
      670
1005
25BB
  0
LINE
  5
25BC
330
2333
100
AcDbEntity
  8
0
 62
     0
100
AcDbLine
 10
143.6442660000175
 20
-262.4611464003101
 30
0.0
 11
139.9253075998276
 21
-269.8333991998806
 31
0.0
1001
AcDbBlockRepETag
1070
     1
1071
      671
1005
25BC
  0
LINE
  5
25BD
330
2333
100
AcDbEntity
  8
0
 62
     0
100
AcDbLine
 10
144.9497483996674
 20
-253.7684748005122
 30
0.0
 11
143.6442660000175
 21
-262.4611464003101
 31
0.0
1001
AcDbBlockRepETag
1070
     1
1071
      672
1005
25BD
  0
LINE
  5
25BE
330
2333
100
AcDbEntity
  8
0
 62
     0
100
AcDbLine
 10
143.6442660000175
 20
-245.0737404003739
 30
0.0
 11
144.9497483996674
 21
-253.7684748005122
 31
0.0
1001
AcDbBlockRepETag
1070
     1
1071
      673
1005
25BE
  0
LINE
  5
25BF
330
2333
100
AcDbEntity
  8
0
 62
     0
100
AcDbLine
 10
139.9253075998276
 20
-237.7035395996645
 30
0.0
 11
143.6442660000175
 21
-245.0737404003739
 31
0.0
1001
AcDbBlockRepETag
1070
     1
1071
      674
1005
25BF
  0
LINE
  5
25C0
330
2333
100
AcDbEntity
  8
0
 62
     0
100
AcDbLine
 10
136.8075959999114
 20
-232.7779836002737
 30
0.0
 11
139.9253075998276
 21
-237.7035395996645
 31
0.0
1001
AcDbBlockRepETag
1070
     1
1071
      675
1005
25C0
  0
LINE
  5
25C1
330
2333
100
AcDbEntity
  8
0
 62
     0
100
AcDbLine
 10
129.5355024002492
 20
-226.3445423999801
 30
0.0
 11
136.8075959999114
 21
-232.7779836002737
 31
0.0
1001
AcDbBlockRepETag
1070
     1
1071
      676
1005
25C1
  0
LINE
  5
25C2
330
2333
100
AcDbEntity
  8
0
 62
     0
100
AcDbLine
 10
122.1781859993934
 20
-224.0832492001355
 30
0.0
 11
129.5355024002492
 21
-226.3445423999801
 31
0.0
1001
AcDbBlockRepETag
1070
     1
1071
      677
1005
25C2
  0
LINE
  5
25C3
330
2333
100
AcDbEntity
  8
0
 62
     0
100
AcDbLine
 10
112.8948192000389
 20
-221.638356000185
 30
0.0
 11
122.1781859993934
 21
-224.0832492001355
 31
0.0
1001
AcDbBlockRepETag
1070
     1
1071
      678
1005
25C3
  0
LINE
  5
25C4
330
2333
100
AcDbEntity
  8
0
 62
     0
100
AcDbLine
 10
103.6104371994734
 20
-224.0832492001355
 30
0.0
 11
112.8948192000389
 21
-221.638356000185
 31
0.0
1001
AcDbBlockRepETag
1070
     1
1071
      679
1005
25C4
  0
LINE
  5
25C5
330
2333
100
AcDbEntity
  8
0
 62
     0
100
AcDbLine
 10
96.25285079982132
 20
-226.3445423999801
 30
0.0
 11
103.6104371994734
 21
-224.0832492001355
 31
0.0
1001
AcDbBlockRepETag
1070
     1
1071
      680
1005
25C5
  0
LINE
  5
25C6
330
2333
100
AcDbEntity
  8
0
 62
     0
100
AcDbLine
 10
88.98179399967194
 20
-232.7779836002737
 30
0.0
 11
96.25285079982132
 21
-226.3445423999801
 31
0.0
1001
AcDbBlockRepETag
1070
     1
1071
      681
1005
25C6
  0
LINE
  5
25C7
330
2333
100
AcDbEntity
  8
0
 62
     0
100
AcDbLine
 10
85.86304560024291
 20
-237.7035395996645
 30
0.0
 11
88.98179399967194
 21
-232.7779836002737
 31
0.0
1001
AcDbBlockRepETag
1070
     1
1071
      682
1005
25C7
  0
LINE
  5
25C8
330
2333
100
AcDbEntity
  8
0
 62
     0
100
AcDbLine
 10
82.14538319967687
 20
-245.0737404003739
 30
0.0
 11
85.86304560024291
 21
-237.7035395996645
 31
0.0
1001
AcDbBlockRepETag
1070
     1
1071
      683
1005
25C8
  0
LINE
  5
25C9
330
2333
100
AcDbEntity
  8
0
 62
     0
100
AcDbLine
 10
80.8386047994718
 20
-253.7684748005122
 30
0.0
 11
82.14538319967687
 21
-245.0737404003739
 31
0.0
1001
AcDbBlockRepETag
1070
     1
1071
      684
1005
25C9
  0
LINE
  5
25CA
330
2333
100
AcDbEntity
  8
0
 62
     0
100
AcDbLine
 10
82.14538319967687
 20
-262.4611464003101
 30
0.0
 11
80.8386047994718
 21
-253.7684748005122
 31
0.0
1001
AcDbBlockRepETag
1070
     1
1071
      685
1005
25CA
  0
LINE
  5
25CB
330
2333
100
AcDbEntity
  8
0
 62
     0
100
AcDbLine
 10
85.86304560024291
 20
-269.8333991998806
 30
0.0
 11
82.14538319967687
 21
-262.4611464003101
 31
0.0
1001
AcDbBlockRepETag
1070
     1
1071
      686
1005
25CB
  0
LINE
  5
25CC
330
2333
100
AcDbEntity
  8
0
 62
     0
100
AcDbLine
 10
88.98179399967194
 20
-274.7566547999158
 30
0.0
 11
85.86304560024291
 21
-269.8333991998806
 31
0.0
1001
AcDbBlockRepETag
1070
     1
1071
      687
1005
25CC
  0
LINE
  5
25CD
330
2333
100
AcDbEntity
  8
0
 62
     0
100
AcDbLine
 10
96.25285079982132
 20
-281.1924072001129
 30
0.0
 11
88.98179399967194
 21
-274.7566547999158
 31
0.0
1001
AcDbBlockRepETag
1070
     1
1071
      688
1005
25CD
  0
LINE
  5
25CE
330
2333
100
AcDbEntity
  8
0
 62
     0
100
AcDbLine
 10
103.6104371994734
 20
-283.4516484001651
 30
0.0
 11
96.25285079982132
 21
-281.1924072001129
 31
0.0
1001
AcDbBlockRepETag
1070
     1
1071
      689
1005
25CE
  0
LINE
  5
25CF
330
2333
100
AcDbEntity
  8
0
 62
     0
100
AcDbLine
 10
112.8948192000389
 20
-285.896271600388
 30
0.0
 11
103.6104371994734
 21
-283.4516484001651
 31
0.0
1001
AcDbBlockRepETag
1070
     1
1071
      690
1005
25CF
  0
LINE
  5
25D0
330
2333
100
AcDbEntity
  8
0
 62
     0
100
AcDbLine
 10
-14.33535839989781
 20
-286.001841600053
 30
0.0
 11
-15.42596399970352
 21
-243.3060611998662
 31
0.0
1001
AcDbBlockRepETag
1070
     1
1071
      691
1005
25D0
  0
LINE
  5
25D1
330
2333
100
AcDbEntity
  8
0
 62
     0
100
AcDbLine
 10
51.75332999974489
 20
-300.6956304004416
 30
0.0
 11
37.73031840007752
 21
-303.8977979999036
 31
0.0
1001
AcDbBlockRepETag
1070
     1
1071
      692
1005
25D1
  0
LINE
  5
25D2
330
2333
100
AcDbEntity
  8
0
 62
     0
100
AcDbLine
 10
58.61523959971965
 20
-297.7342164004221
 30
0.0
 11
51.75332999974489
 21
-300.6956304004416
 31
0.0
1001
AcDbBlockRepETag
1070
     1
1071
      693
1005
25D2
  0
LINE
  5
25D3
330
2333
100
AcDbEntity
  8
0
 62
     0
100
AcDbLine
 10
69.59779199957847
 20
-289.3052160004154
 30
0.0
 11
58.61523959971965
 21
-297.7342164004221
 31
0.0
1001
AcDbBlockRepETag
1070
     1
1071
      694
1005
25D3
  0
LINE
  5
25D4
330
2333
100
AcDbEntity
  8
0
 62
     0
100
AcDbLine
 10
76.93734239973128
 20
-276.6909348005429
 30
0.0
 11
69.59779199957847
 21
-289.3052160004154
 31
0.0
1001
AcDbBlockRepETag
1070
     1
1071
      695
1005
25D4
  0
LINE
  5
25D5
330
2333
100
AcDbEntity
  8
0
 62
     0
100
AcDbLine
 10
79.51381199993193
 20
-261.8094311999157
 30
0.0
 11
76.93734239973128
 21
-276.6909348005429
 31
0.0
1001
AcDbBlockRepETag
1070
     1
1071
      696
1005
25D5
  0
LINE
  5
25D6
330
2333
100
AcDbEntity
  8
0
 62
     0
100
AcDbLine
 10
76.93734239973128
 20
-246.9276791997254
 30
0.0
 11
79.51381199993193
 21
-261.8094311999157
 31
0.0
1001
AcDbBlockRepETag
1070
     1
1071
      697
1005
25D6
  0
LINE
  5
25D7
330
2333
100
AcDbEntity
  8
0
 62
     0
100
AcDbLine
 10
69.59881799947471
 20
-234.3136571999639
 30
0.0
 11
76.93734239973128
 21
-246.9276791997254
 31
0.0
1001
AcDbBlockRepETag
1070
     1
1071
      698
1005
25D7
  0
LINE
  5
25D8
330
2333
100
AcDbEntity
  8
0
 62
     0
100
AcDbLine
 10
58.61523959971965
 20
-225.8846567999571
 30
0.0
 11
69.59881799947471
 21
-234.3136571999639
 31
0.0
1001
AcDbBlockRepETag
1070
     1
1071
      699
1005
25D8
  0
LINE
  5
25D9
330
2333
100
AcDbEntity
  8
0
 62
     0
100
AcDbLine
 10
51.75332999974489
 20
-222.9229835998267
 30
0.0
 11
58.61523959971965
 21
-225.8846567999571
 31
0.0
1001
AcDbBlockRepETag
1070
     1
1071
      700
1005
25D9
  0
LINE
  5
25DA
330
2333
100
AcDbEntity
  8
0
 62
     0
100
AcDbLine
 10
37.73031840007752
 20
-219.7190124001354
 30
0.0
 11
51.75332999974489
 21
-222.9229835998267
 31
0.0
1001
AcDbBlockRepETag
1070
     1
1071
      701
1005
25DA
  0
LINE
  5
25DB
330
2333
100
AcDbEntity
  8
0
 62
     0
100
AcDbLine
 10
23.70716639980674
 20
-222.9229835998267
 30
0.0
 11
37.73031840007752
 21
-219.7190124001354
 31
0.0
1001
AcDbBlockRepETag
1070
     1
1071
      702
1005
25DB
  0
LINE
  5
25DC
330
2333
100
AcDbEntity
  8
0
 62
     0
100
AcDbLine
 10
16.8453863998875
 20
-225.8846567999571
 30
0.0
 11
23.70716639980674
 21
-222.9229835998267
 31
0.0
1001
AcDbBlockRepETag
1070
     1
1071
      703
1005
25DC
  0
LINE
  5
25DD
330
2333
100
AcDbEntity
  8
0
 62
     0
100
AcDbLine
 10
5.861937600187957
 20
-234.3136571999639
 30
0.0
 11
16.8453863998875
 21
-225.8846567999571
 31
0.0
1001
AcDbBlockRepETag
1070
     1
1071
      704
1005
25DD
  0
LINE
  5
25DE
330
2333
100
AcDbEntity
  8
0
 62
     0
100
AcDbLine
 10
-1.476586800068616
 20
-246.9276791997254
 30
0.0
 11
5.861937600187957
 21
-234.3136571999639
 31
0.0
1001
AcDbBlockRepETag
1070
     1
1071
      705
1005
25DE
  0
LINE
  5
25DF
330
2333
100
AcDbEntity
  8
0
 62
     0
100
AcDbLine
 10
-4.053175199776887
 20
-261.8094311999157
 30
0.0
 11
-1.476586800068616
 21
-246.9276791997254
 31
0.0
1001
AcDbBlockRepETag
1070
     1
1071
      706
1005
25DF
  0
LINE
  5
25E0
330
2333
100
AcDbEntity
  8
0
 62
     0
100
AcDbLine
 10
-1.476586800068616
 20
-276.6909348005429
 30
0.0
 11
-4.053175199776887
 21
-261.8094311999157
 31
0.0
1001
AcDbBlockRepETag
1070
     1
1071
      707
1005
25E0
  0
LINE
  5
25E1
330
2333
100
AcDbEntity
  8
0
 62
     0
100
AcDbLine
 10
5.861937600187957
 20
-289.3052160004154
 30
0.0
 11
-1.476586800068616
 21
-276.6909348005429
 31
0.0
1001
AcDbBlockRepETag
1070
     1
1071
      708
1005
25E1
  0
LINE
  5
25E2
330
2333
100
AcDbEntity
  8
0
 62
     0
100
AcDbLine
 10
16.8453863998875
 20
-297.7342164004221
 30
0.0
 11
5.861937600187957
 21
-289.3052160004154
 31
0.0
1001
AcDbBlockRepETag
1070
     1
1071
      709
1005
25E2
  0
LINE
  5
25E3
330
2333
100
AcDbEntity
  8
0
 62
     0
100
AcDbLine
 10
23.70716639980674
 20
-300.6956304004416
 30
0.0
 11
16.8453863998875
 21
-297.7342164004221
 31
0.0
1001
AcDbBlockRepETag
1070
     1
1071
      710
1005
25E3
  0
LINE
  5
25E4
330
2333
100
AcDbEntity
  8
0
 62
     0
100
AcDbLine
 10
37.73031840007752
 20
-303.8977979999036
 30
0.0
 11
23.70716639980674
 21
-300.6956304004416
 31
0.0
1001
AcDbBlockRepETag
1070
     1
1071
      711
1005
25E4
  0
LINE
  5
25E5
330
2333
100
AcDbEntity
  8
0
 62
     0
100
AcDbLine
 10
-14.33535839989781
 20
-286.001841600053
 30
0.0
 11
-25.7766300002113
 21
-243.3060611998662
 31
0.0
1001
AcDbBlockRepETag
1070
     1
1071
      712
1005
25E5
  0
LINE
  5
25E6
330
2333
100
AcDbEntity
  8
0
 62
     0
100
AcDbLine
 10
16.92457200028002
 20
-317.2564908005297
 30
0.0
 11
-14.33535839989781
 21
-286.001841600053
 31
0.0
1001
AcDbBlockRepETag
1070
     1
1071
      713
1005
25E6
  0
LINE
  5
25E7
330
2333
100
AcDbEntity
  8
0
 62
     0
100
AcDbLine
 10
16.92457200028002
 20
-317.2564908005297
 30
0.0
 11
59.62667039968073
 21
-328.6955700004473
 31
0.0
1001
AcDbBlockRepETag
1070
     1
1071
      714
1005
25E7
  0
LINE
  5
25E8
330
2333
100
AcDbEntity
  8
0
 62
     0
100
AcDbLine
 10
1.744383599609136
 20
-343.5456563998014
 30
0.0
 11
16.92457200028002
 21
-317.2564908005297
 31
0.0
1001
AcDbBlockRepETag
1070
     1
1071
      715
1005
25E8
  0
LINE
  5
25E9
330
2333
100
AcDbEntity
  8
0
 62
     0
100
AcDbLine
 10
120.1192739997059
 20
-348.0659316005185
 30
0.0
 11
59.62667039968073
 21
-364.2722279997542
 31
0.0
1001
AcDbBlockRepETag
1070
     1
1071
      716
1005
25E9
  0
LINE
  5
25EA
330
2333
100
AcDbEntity
  8
0
 62
     0
100
AcDbLine
 10
164.4025031998753
 20
-303.7881132001057
 30
0.0
 11
120.1192739997059
 21
-348.0659316005185
 31
0.0
1001
AcDbBlockRepETag
1070
     1
1071
      717
1005
25EA
  0
LINE
  5
25EB
330
2333
100
AcDbEntity
  8
0
 62
     0
100
AcDbLine
 10
180.6118883993477
 20
-243.3060611998662
 30
0.0
 11
164.4025031998753
 21
-303.7881132001057
 31
0.0
1001
AcDbBlockRepETag
1070
     1
1071
      718
1005
25EB
  0
LINE
  5
25EC
330
2333
100
AcDbEntity
  8
0
 62
     0
100
AcDbLine
 10
164.4025031998753
 20
-182.823750000447
 30
0.0
 11
180.6118883993477
 21
-243.3060611998662
 31
0.0
1001
AcDbBlockRepETag
1070
     1
1071
      719
1005
25EC
  0
LINE
  5
25ED
330
2333
100
AcDbEntity
  8
0
 62
     0
100
AcDbLine
 10
120.1192739997059
 20
-138.5459208004176
 30
0.0
 11
164.4025031998753
 21
-182.823750000447
 31
0.0
1001
AcDbBlockRepETag
1070
     1
1071
      720
1005
25ED
  0
LINE
  5
25EE
330
2333
100
AcDbEntity
  8
0
 62
     0
100
AcDbLine
 10
59.62667039968073
 20
-122.3396351998672
 30
0.0
 11
120.1192739997059
 21
-138.5459208004176
 31
0.0
1001
AcDbBlockRepETag
1070
     1
1071
      721
1005
25EE
  0
LINE
  5
25EF
330
2333
100
AcDbEntity
  8
0
 62
     0
100
AcDbLine
 10
-0.8659439999610185
 20
-138.5459208004176
 30
0.0
 11
59.62667039968073
 21
-122.3396351998672
 31
0.0
1001
AcDbBlockRepETag
1070
     1
1071
      722
1005
25EF
  0
LINE
  5
25F0
330
2333
100
AcDbEntity
  8
0
 62
     0
100
AcDbLine
 10
-45.14917320013046
 20
-182.823750000447
 30
0.0
 11
-0.8659439999610185
 21
-138.5459208004176
 31
0.0
1001
AcDbBlockRepETag
1070
     1
1071
      723
1005
25F0
  0
LINE
  5
25F1
330
2333
100
AcDbEntity
  8
0
 62
     0
100
AcDbLine
 10
-61.35855839960277
 20
-243.3060611998662
 30
0.0
 11
-45.14917320013046
 21
-182.823750000447
 31
0.0
1001
AcDbBlockRepETag
1070
     1
1071
      724
1005
25F1
  0
LINE
  5
25F2
330
2333
100
AcDbEntity
  8
0
 62
     0
100
AcDbLine
 10
-45.14917320013046
 20
-303.7881132001057
 30
0.0
 11
-61.35855839960277
 21
-243.3060611998662
 31
0.0
1001
AcDbBlockRepETag
1070
     1
1071
      725
1005
25F2
  0
LINE
  5
25F3
330
2333
100
AcDbEntity
  8
0
 62
     0
100
AcDbLine
 10
-0.8659439999610185
 20
-348.0659316005185
 30
0.0
 11
-45.14917320013046
 21
-303.7881132001057
 31
0.0
1001
AcDbBlockRepETag
1070
     1
1071
      726
1005
25F3
  0
LINE
  5
25F4
330
2333
100
AcDbEntity
  8
0
 62
     0
100
AcDbLine
 10
59.62667039968073
 20
-364.2722279997542
 30
0.0
 11
-0.8659439999610185
 21
-348.0659316005185
 31
0.0
1001
AcDbBlockRepETag
1070
     1
1071
      727
1005
25F4
  0
LINE
  5
25F5
330
2333
100
AcDbEntity
  8
0
 62
     0
100
AcDbLine
 10
120.1403879998252
 20
-348.1017228001729
 30
0.0
 11
59.62667039968073
 21
-364.3123932005837
 31
0.0
1001
AcDbBlockRepETag
1070
     1
1071
      728
1005
25F5
  0
LINE
  5
25F6
330
2333
100
AcDbEntity
  8
0
 62
     0
100
AcDbLine
 10
164.4393311999738
 20
-303.809227200225
 30
0.0
 11
120.1403879998252
 21
-348.1017228001729
 31
0.0
1001
AcDbBlockRepETag
1070
     1
1071
      729
1005
25F6
  0
LINE
  5
25F7
330
2333
100
AcDbEntity
  8
0
 62
     0
100
AcDbLine
 10
180.6530903996899
 20
-243.3060611998662
 30
0.0
 11
164.4393311999738
 21
-303.809227200225
 31
0.0
1001
AcDbBlockRepETag
1070
     1
1071
      730
1005
25F7
  0
LINE
  5
25F8
330
2333
100
AcDbEntity
  8
0
 62
     0
100
AcDbLine
 10
164.4393311999738
 20
-182.8028843998909
 30
0.0
 11
180.6530903996899
 21
-243.3060611998662
 31
0.0
1001
AcDbBlockRepETag
1070
     1
1071
      731
1005
25F8
  0
LINE
  5
25F9
330
2333
100
AcDbEntity
  8
0
 62
     0
100
AcDbLine
 10
120.1403879998252
 20
-138.510129599832
 30
0.0
 11
164.4393311999738
 21
-182.8028843998909
 31
0.0
1001
AcDbBlockRepETag
1070
     1
1071
      732
1005
25F9
  0
LINE
  5
25FA
330
2333
100
AcDbEntity
  8
0
 62
     0
100
AcDbLine
 10
59.62667039968073
 20
-122.2994592003524
 30
0.0
 11
120.1403879998252
 21
-138.510129599832
 31
0.0
1001
AcDbBlockRepETag
1070
     1
1071
      733
1005
25FA
  0
LINE
  5
25FB
330
2333
100
AcDbEntity
  8
0
 62
     0
100
AcDbLine
 10
-0.8870580000802874
 20
-138.510129599832
 30
0.0
 11
59.62667039968073
 21
-122.2994592003524
 31
0.0
1001
AcDbBlockRepETag
1070
     1
1071
      734
1005
25FB
  0
LINE
  5
25FC
330
2333
100
AcDbEntity
  8
0
 62
     0
100
AcDbLine
 10
-45.1849643997848
 20
-182.8028843998909
 30
0.0
 11
-0.8870580000802874
 21
-138.510129599832
 31
0.0
1001
AcDbBlockRepETag
1070
     1
1071
      735
1005
25FC
  0
LINE
  5
25FD
330
2333
100
AcDbEntity
  8
0
 62
     0
100
AcDbLine
 10
-61.39974960032851
 20
-243.3060611998662
 30
0.0
 11
-45.1849643997848
 21
-182.8028843998909
 31
0.0
1001
AcDbBlockRepETag
1070
     1
1071
      736
1005
25FD
  0
LINE
  5
25FE
330
2333
100
AcDbEntity
  8
0
 62
     0
100
AcDbLine
 10
-45.18599039968103
 20
-303.809227200225
 30
0.0
 11
-61.39974960032851
 21
-243.3060611998662
 31
0.0
1001
AcDbBlockRepETag
1070
     1
1071
      737
1005
25FE
  0
LINE
  5
25FF
330
2333
100
AcDbEntity
  8
0
 62
     0
100
AcDbLine
 10
-0.8870580000802874
 20
-348.1017228001729
 30
0.0
 11
-45.18599039968103
 21
-303.809227200225
 31
0.0
1001
AcDbBlockRepETag
1070
     1
1071
      738
1005
25FF
  0
LINE
  5
2600
330
2333
100
AcDbEntity
  8
0
 62
     0
100
AcDbLine
 10
59.62667039968073
 20
-364.3123932005837
 30
0.0
 11
-0.8870580000802874
 21
-348.1017228001729
 31
0.0
1001
AcDbBlockRepETag
1070
     1
1071
      739
1005
2600
  0
LINE
  5
2601
330
2333
100
AcDbEntity
  8
0
 62
     0
100
AcDbLine
 10
-1195.47035660129
 20
-449.035520400037
 30
0.0
 11
-1197.227484202012
 21
-455.5556100002722
 31
0.0
1001
AcDbBlockRepETag
1070
     1
1071
      740
1005
2601
  0
LINE
  5
2602
330
2333
100
AcDbEntity
  8
0
 62
     0
100
AcDbLine
 10
-1196.250818601809
 20
-455.7749688002513
 30
0.0
 11
-1194.52844540216
 21
-449.035520400037
 31
0.0
1001
AcDbBlockRepETag
1070
     1
1071
      741
1005
2602
  0
LINE
  5
2603
330
2333
100
AcDbEntity
  8
0
 62
     0
100
AcDbLine
 10
-1197.227484202012
 20
-455.5556100002722
 30
0.0
 11
-1199.897935401648
 21
-454.9586616001325
 31
0.0
1001
AcDbBlockRepETag
1070
     1
1071
      742
1005
2603
  0
LINE
  5
2604
330
2333
100
AcDbEntity
  8
0
 62
     0
100
AcDbLine
 10
-1199.897935401648
 20
-454.9586616001325
 30
0.0
 11
-1198.06587740127
 21
-449.035520400037
 31
0.0
1001
AcDbBlockRepETag
1070
     1
1071
      743
1005
2604
  0
LINE
  5
2605
330
2333
100
AcDbEntity
  8
0
 62
     0
100
AcDbLine
 10
-1273.474998202175
 20
-476.5565448004053
 30
0.0
 11
-1300.503423801623
 21
-473.7299795999424
 31
0.0
1001
AcDbBlockRepETag
1070
     1
1071
      744
1005
2605
  0
LINE
  5
2606
330
2333
100
AcDbEntity
  8
0
 62
     0
100
AcDbLine
 10
-1300.503423801623
 20
-473.7299795999424
 30
0.0
 11
-1299.084908601828
 21
-471.8821644001873
 31
0.0
1001
AcDbBlockRepETag
1070
     1
1071
      745
1005
2606
  0
LINE
  5
2607
330
2333
100
AcDbEntity
  8
0
 62
     0
100
AcDbLine
 10
-1203.545052201487
 20
-454.1433696002932
 30
0.0
 11
-1219.952703801915
 21
-467.3976372006582
 31
0.0
1001
AcDbBlockRepETag
1070
     1
1071
      746
1005
2607
  0
LINE
  5
2608
330
2333
100
AcDbEntity
  8
0
 62
     0
100
AcDbLine
 10
-1199.897935401648
 20
-454.9586616001325
 30
0.0
 11
-1203.545052201487
 21
-454.1433696002932
 31
0.0
1001
AcDbBlockRepETag
1070
     1
1071
      747
1005
2608
  0
LINE
  5
2609
330
2333
100
AcDbEntity
  8
0
 62
     0
100
AcDbLine
 10
-1216.668391401879
 20
-469.1705652001546
 30
0.0
 11
-1199.897935401648
 21
-454.9586616001325
 31
0.0
1001
AcDbBlockRepETag
1070
     1
1071
      748
1005
2609
  0
LINE
  5
260A
330
2333
100
AcDbEntity
  8
0
 62
     0
100
AcDbLine
 10
-1219.952703801915
 20
-467.3976372006582
 30
0.0
 11
-1216.668391401879
 21
-469.1705652001546
 31
0.0
1001
AcDbBlockRepETag
1070
     1
1071
      749
1005
260A
  0
LINE
  5
260B
330
2333
100
AcDbEntity
  8
0
 62
     0
100
AcDbLine
 10
-1244.508944601752
 20
-476.2538532001199
 30
0.0
 11
-1219.952703801915
 21
-467.3976372006582
 31
0.0
1001
AcDbBlockRepETag
1070
     1
1071
      750
1005
260B
  0
LINE
  5
260C
330
2333
100
AcDbEntity
  8
0
 62
     0
100
AcDbLine
 10
-1273.474998202175
 20
-479.3641236006514
 30
0.0
 11
-1244.508944601752
 21
-476.2538532001199
 31
0.0
1001
AcDbBlockRepETag
1070
     1
1071
      751
1005
260C
  0
LINE
  5
260D
330
2333
100
AcDbEntity
  8
0
 62
     0
100
AcDbLine
 10
-1302.440803402103
 20
-476.2538532001199
 30
0.0
 11
-1273.474998202175
 21
-479.3641236006514
 31
0.0
1001
AcDbBlockRepETag
1070
     1
1071
      752
1005
260D
  0
LINE
  5
260E
330
2333
100
AcDbEntity
  8
0
 62
     0
100
AcDbLine
 10
-1304.378431402147
 20
-478.7787636007415
 30
0.0
 11
-1330.28033060208
 21
-469.1705652001546
 31
0.0
1001
AcDbBlockRepETag
1070
     1
1071
      753
1005
260E
  0
LINE
  5
260F
330
2333
100
AcDbEntity
  8
0
 62
     0
100
AcDbLine
 10
-1300.503423801623
 20
-473.7299795999424
 30
0.0
 11
-1326.997303402051
 21
-467.3976372006582
 31
0.0
1001
AcDbBlockRepETag
1070
     1
1071
      754
1005
260F
  0
LINE
  5
2610
330
2333
100
AcDbEntity
  8
0
 62
     0
100
AcDbLine
 10
-1302.440803402103
 20
-476.2538532001199
 30
0.0
 11
-1300.503423801623
 21
-473.7299795999424
 31
0.0
1001
AcDbBlockRepETag
1070
     1
1071
      755
1005
2610
  0
LINE
  5
2611
330
2333
100
AcDbEntity
  8
0
 62
     0
100
AcDbLine
 10
-1326.997303402051
 20
-467.3976372006582
 30
0.0
 11
-1302.440803402103
 21
-476.2538532001199
 31
0.0
1001
AcDbBlockRepETag
1070
     1
1071
      756
1005
2611
  0
LINE
  5
2612
330
2333
100
AcDbEntity
  8
0
 62
     0
100
AcDbLine
 10
-1330.28033060208
 20
-469.1705652001546
 30
0.0
 11
-1332.685047801584
 21
-470.4678288000868
 31
0.0
1001
AcDbBlockRepETag
1070
     1
1071
      757
1005
2612
  0
LINE
  5
2613
330
2333
100
AcDbEntity
  8
0
 62
     0
100
AcDbLine
 10
-1332.685047801584
 20
-470.4678288000868
 30
0.0
 11
-1349.721497002058
 21
-455.5556100002722
 31
0.0
1001
AcDbBlockRepETag
1070
     1
1071
      758
1005
2613
  0
LINE
  5
2614
330
2333
100
AcDbEntity
  8
0
 62
     0
100
AcDbLine
 10
-1210.839285802096
 20
-452.5128396005603
 30
0.0
 11
-1209.073658601381
 21
-449.035520400037
 31
0.0
1001
AcDbBlockRepETag
1070
     1
1071
      759
1005
2614
  0
LINE
  5
2615
330
2333
100
AcDbEntity
  8
0
 62
     0
100
AcDbLine
 10
-1226.521328601986
 20
-463.8528396004112
 30
0.0
 11
-1210.839285802096
 21
-452.5128396005603
 31
0.0
1001
AcDbBlockRepETag
1070
     1
1071
      760
1005
2615
  0
LINE
  5
2616
330
2333
100
AcDbEntity
  8
0
 62
     0
100
AcDbLine
 10
-1248.382915401831
 20
-471.2050584006355
 30
0.0
 11
-1226.521328601986
 21
-463.8528396004112
 31
0.0
1001
AcDbBlockRepETag
1070
     1
1071
      761
1005
2616
  0
LINE
  5
2617
330
2333
100
AcDbEntity
  8
0
 62
     0
100
AcDbLine
 10
-1273.474998202175
 20
-473.7489660001592
 30
0.0
 11
-1248.382915401831
 21
-471.2050584006355
 31
0.0
1001
AcDbBlockRepETag
1070
     1
1071
      762
1005
2617
  0
LINE
  5
2618
330
2333
100
AcDbEntity
  8
0
 62
     0
100
AcDbLine
 10
-1298.566055001691
 20
-471.2050584006355
 30
0.0
 11
-1273.474998202175
 21
-473.7489660001592
 31
0.0
1001
AcDbBlockRepETag
1070
     1
1071
      763
1005
2618
  0
LINE
  5
2619
330
2333
100
AcDbEntity
  8
0
 62
     0
100
AcDbLine
 10
-1320.42867860198
 20
-463.8528396004112
 30
0.0
 11
-1298.566055001691
 21
-471.2050584006355
 31
0.0
1001
AcDbBlockRepETag
1070
     1
1071
      764
1005
2619
  0
LINE
  5
261A
330
2333
100
AcDbEntity
  8
0
 62
     0
100
AcDbLine
 10
-1336.11072140187
 20
-452.5128396005603
 30
0.0
 11
-1320.42867860198
 21
-463.8528396004112
 31
0.0
1001
AcDbBlockRepETag
1070
     1
1071
      765
1005
261A
  0
LINE
  5
261B
330
2333
100
AcDbEntity
  8
0
 62
     0
100
AcDbLine
 10
-1337.876337802037
 20
-449.035520400037
 30
0.0
 11
-1336.11072140187
 21
-452.5128396005603
 31
0.0
1001
AcDbBlockRepETag
1070
     1
1071
      766
1005
261B
  0
LINE
  5
261C
330
2333
100
AcDbEntity
  8
0
 62
     0
100
AcDbLine
 10
-1330.28033060208
 20
-469.1705652001546
 30
0.0
 11
-1347.052071801386
 21
-454.9586616001325
 31
0.0
1001
AcDbBlockRepETag
1070
     1
1071
      767
1005
261C
  0
LINE
  5
261D
330
2333
100
AcDbEntity
  8
0
 62
     0
100
AcDbLine
 10
-1326.997303402051
 20
-467.3976372006582
 30
0.0
 11
-1330.28033060208
 21
-469.1705652001546
 31
0.0
1001
AcDbBlockRepETag
1070
     1
1071
      768
1005
261D
  0
LINE
  5
261E
330
2333
100
AcDbEntity
  8
0
 62
     0
100
AcDbLine
 10
-1343.404955001548
 20
-454.1433696002932
 30
0.0
 11
-1326.997303402051
 21
-467.3976372006582
 31
0.0
1001
AcDbBlockRepETag
1070
     1
1071
      769
1005
261E
  0
LINE
  5
261F
330
2333
100
AcDbEntity
  8
0
 62
     0
100
AcDbLine
 10
-1347.052071801386
 20
-454.9586616001325
 30
0.0
 11
-1343.404955001548
 21
-454.1433696002932
 31
0.0
1001
AcDbBlockRepETag
1070
     1
1071
      770
1005
261F
  0
LINE
  5
2620
330
2333
100
AcDbEntity
  8
0
 62
     0
100
AcDbLine
 10
-1347.052071801386
 20
-454.9586616001325
 30
0.0
 11
-1348.884129801765
 21
-449.035520400037
 31
0.0
1001
AcDbBlockRepETag
1070
     1
1071
      771
1005
2620
  0
LINE
  5
2621
330
2333
100
AcDbEntity
  8
0
 62
     0
100
AcDbLine
 10
-1349.721497002058
 20
-455.5556100002722
 30
0.0
 11
-1347.052071801386
 21
-454.9586616001325
 31
0.0
1001
AcDbBlockRepETag
1070
     1
1071
      772
1005
2621
  0
LINE
  5
2622
330
2333
100
AcDbEntity
  8
0
 62
     0
100
AcDbLine
 10
-1216.668391401879
 20
-469.1705652001546
 30
0.0
 11
-1242.571575801819
 21
-478.7787635998101
 31
0.0
1001
AcDbBlockRepETag
1070
     1
1071
      773
1005
2622
  0
LINE
  5
2623
330
2333
100
AcDbEntity
  8
0
 62
     0
100
AcDbLine
 10
-1214.26470020134
 20
-470.4678288000868
 30
0.0
 11
-1216.668391401879
 21
-469.1705652001546
 31
0.0
1001
AcDbBlockRepETag
1070
     1
1071
      774
1005
2623
  0
LINE
  5
2624
330
2333
100
AcDbEntity
  8
0
 62
     0
100
AcDbLine
 10
-1197.227484202012
 20
-455.5556100002722
 30
0.0
 11
-1214.26470020134
 21
-470.4678288000868
 31
0.0
1001
AcDbBlockRepETag
1070
     1
1071
      775
1005
2624
  0
LINE
  5
2625
330
2333
100
AcDbEntity
  8
0
 62
     0
100
AcDbLine
 10
-1196.250818601809
 20
-455.7749688002513
 30
0.0
 11
-1197.227484202012
 21
-455.5556100002722
 31
0.0
1001
AcDbBlockRepETag
1070
     1
1071
      776
1005
2625
  0
LINE
  5
2626
330
2333
100
AcDbEntity
  8
0
 62
     0
100
AcDbLine
 10
-1213.384079001844
 20
-470.9434932005824
 30
0.0
 11
-1196.250818601809
 21
-455.7749688002513
 31
0.0
1001
AcDbBlockRepETag
1070
     1
1071
      777
1005
2626
  0
LINE
  5
2627
330
2333
100
AcDbEntity
  8
0
 62
     0
100
AcDbLine
 10
-1240.634207001887
 20
-481.3036956005962
 30
0.0
 11
-1213.384079001844
 21
-470.9434932005824
 31
0.0
1001
AcDbBlockRepETag
1070
     1
1071
      778
1005
2627
  0
LINE
  5
2628
330
2333
100
AcDbEntity
  8
0
 62
     0
100
AcDbLine
 10
-1273.474998202175
 20
-484.9792812002124
 30
0.0
 11
-1240.634207001887
 21
-481.3036956005962
 31
0.0
1001
AcDbBlockRepETag
1070
     1
1071
      779
1005
2628
  0
LINE
  5
2629
330
2333
100
AcDbEntity
  8
0
 62
     0
100
AcDbLine
 10
-1306.315800202079
 20
-481.3036956005962
 30
0.0
 11
-1273.474998202175
 21
-484.9792812002124
 31
0.0
1001
AcDbBlockRepETag
1070
     1
1071
      780
1005
2629
  0
LINE
  5
262A
330
2333
100
AcDbEntity
  8
0
 62
     0
100
AcDbLine
 10
-1333.564632201567
 20
-470.9434932005824
 30
0.0
 11
-1306.315800202079
 21
-481.3036956005962
 31
0.0
1001
AcDbBlockRepETag
1070
     1
1071
      781
1005
262A
  0
LINE
  5
262B
330
2333
100
AcDbEntity
  8
0
 62
     0
100
AcDbLine
 10
-1350.699188602157
 20
-455.7749688002513
 30
0.0
 11
-1333.564632201567
 21
-470.9434932005824
 31
0.0
1001
AcDbBlockRepETag
1070
     1
1071
      782
1005
262B
  0
LINE
  5
262C
330
2333
100
AcDbEntity
  8
0
 62
     0
100
AcDbLine
 10
-1349.721497002058
 20
-455.5556100002722
 30
0.0
 11
-1351.478613802232
 21
-449.035520400037
 31
0.0
1001
AcDbBlockRepETag
1070
     1
1071
      783
1005
262C
  0
LINE
  5
262D
330
2333
100
AcDbEntity
  8
0
 62
     0
100
AcDbLine
 10
-1350.699188602157
 20
-455.7749688002513
 30
0.0
 11
-1349.721497002058
 21
-455.5556100002722
 31
0.0
1001
AcDbBlockRepETag
1070
     1
1071
      784
1005
262D
  0
LINE
  5
262E
330
2333
100
AcDbEntity
  8
0
 62
     0
100
AcDbLine
 10
-1352.421551002189
 20
-449.035520400037
 30
0.0
 11
-1350.699188602157
 21
-455.7749688002513
 31
0.0
1001
AcDbBlockRepETag
1070
     1
1071
      785
1005
262E
  0
LINE
  5
262F
330
2333
100
AcDbEntity
  8
0
 62
     0
100
AcDbLine
 10
-993.1671363180504
 20
-406.9376712004887
 30
0.0
 11
-1589.716710201465
 21
-406.9366128008113
 31
0.0
1001
AcDbBlockRepETag
1070
     1
1071
      786
1005
262F
  0
LINE
  5
2630
330
2333
100
AcDbEntity
  8
0
 62
     0
100
AcDbLine
 10
-1589.716710201465
 20
-449.035520400037
 30
0.0
 11
-993.1671363180504
 21
-449.035520400037
 31
0.0
1001
AcDbBlockRepETag
1070
     1
1071
      787
1005
2630
  0
LINE
  5
2631
330
2333
100
AcDbEntity
  8
0
 62
     0
100
AcDbLine
 10
-1589.716710201465
 20
-406.9366128008113
 30
0.0
 11
-1589.716710201465
 21
-449.035520400037
 31
0.0
1001
AcDbBlockRepETag
1070
     1
1071
      788
1005
2631
  0
LINE
  5
2632
330
2333
100
AcDbEntity
  8
0
 62
     0
100
AcDbLine
 10
-1547.629380201921
 20
-417.4613424000563
 30
0.0
 11
-1547.629380201921
 21
173.1057371998904
 31
0.0
1001
AcDbBlockRepETag
1070
     1
1071
      789
1005
2632
  0
LINE
  5
2633
330
2333
100
AcDbEntity
  8
0
 62
     0
100
AcDbLine
 10
-1589.716710201465
 20
-417.4613424000563
 30
0.0
 11
-1547.629380201921
 21
-417.4613424000563
 31
0.0
1001
AcDbBlockRepETag
1070
     1
1071
      790
1005
2633
  0
LINE
  5
2634
330
2333
100
AcDbEntity
  8
0
 62
     0
100
AcDbLine
 10
-1589.716710201465
 20
173.1057371998904
 30
0.0
 11
-1589.716710201465
 21
-417.4613424000563
 31
0.0
1001
AcDbBlockRepETag
1070
     1
1071
      791
1005
2634
  0
LINE
  5
2635
330
2333
100
AcDbEntity
  8
0
 62
     0
100
AcDbLine
 10
47.4524459997192
 20
128.2985135996714
 30
0.0
 11
70.20006479974836
 21
114.3385739997029
 31
0.0
1001
AcDbBlockRepETag
1070
     1
1071
      792
1005
2635
  0
LINE
  5
2636
330
2333
100
AcDbEntity
  8
0
 62
     0
100
AcDbLine
 10
70.20006479974836
 20
114.3385739997029
 30
0.0
 11
85.87154520023615
 21
92.73654360044748
 31
0.0
1001
AcDbBlockRepETag
1070
     1
1071
      793
1005
2636
  0
LINE
  5
2637
330
2333
100
AcDbEntity
  8
0
 62
     0
100
AcDbLine
 10
85.87154520023615
 20
92.73654360044748
 30
0.0
 11
92.08148039970547
 21
66.78262079972774
 31
0.0
1001
AcDbBlockRepETag
1070
     1
1071
      794
1005
2637
  0
LINE
  5
2638
330
2333
100
AcDbEntity
  8
0
 62
     0
100
AcDbLine
 10
92.08148039970547
 20
66.78262079972774
 30
0.0
 11
87.88590720016509
 21
40.42805039975791
 31
0.0
1001
AcDbBlockRepETag
1070
     1
1071
      795
1005
2638
  0
LINE
  5
2639
330
2333
100
AcDbEntity
  8
0
 62
     0
100
AcDbLine
 10
-4.956076799891889
 20
50.95612800028175
 30
0.0
 11
-2.000840400345623
 21
48.2202827995643
 31
0.0
1001
AcDbBlockRepETag
1070
     1
1071
      796
1005
2639
  0
LINE
  5
263A
330
2333
100
AcDbEntity
  8
0
 62
     0
100
AcDbLine
 10
-5.111089199781417
 20
54.98073720000684
 30
0.0
 11
-4.956076799891889
 21
50.95612800028175
 31
0.0
1001
AcDbBlockRepETag
1070
     1
1071
      797
1005
263A
  0
LINE
  5
263B
330
2333
100
AcDbEntity
  8
0
 62
     0
100
AcDbLine
 10
-2.375233200378715
 20
57.93391080014408
 30
0.0
 11
-5.111089199781417
 21
54.98073720000684
 31
0.0
1001
AcDbBlockRepETag
1070
     1
1071
      798
1005
263B
  0
LINE
  5
263C
330
2333
100
AcDbEntity
  8
0
 62
     0
100
AcDbLine
 10
1.649494799785315
 20
58.08994919992983
 30
0.0
 11
-2.375233200378715
 21
57.93391080014408
 31
0.0
1001
AcDbBlockRepETag
1070
     1
1071
      799
1005
263C
  0
LINE
  5
263D
330
2333
100
AcDbEntity
  8
0
 62
     0
100
AcDbLine
 10
4.604731200262904
 20
55.35409319959581
 30
0.0
 11
1.649494799785315
 21
58.08994919992983
 31
0.0
1001
AcDbBlockRepETag
1070
     1
1071
      800
1005
263D
  0
LINE
  5
263E
330
2333
100
AcDbEntity
  8
0
 62
     0
100
AcDbLine
 10
4.759743600152432
 20
51.32949480041862
 30
0.0
 11
4.604731200262904
 21
55.35409319959581
 31
0.0
1001
AcDbBlockRepETag
1070
     1
1071
      801
1005
263E
  0
LINE
  5
263F
330
2333
100
AcDbEntity
  8
0
 62
     0
100
AcDbLine
 10
2.023887599818408
 20
48.37632120028138
 30
0.0
 11
4.759743600152432
 21
51.32949480041862
 31
0.0
1001
AcDbBlockRepETag
1070
     1
1071
      802
1005
263F
  0
LINE
  5
2640
330
2333
100
AcDbEntity
  8
0
 62
     0
100
AcDbLine
 10
-2.000840400345623
 20
48.2202827995643
 30
0.0
 11
2.023887599818408
 21
48.37632120028138
 31
0.0
1001
AcDbBlockRepETag
1070
     1
1071
      803
1005
2640
  0
LINE
  5
2641
330
2333
100
AcDbEntity
  8
0
 62
     0
100
AcDbLine
 10
-44.62916400004178
 20
61.51768559962511
 30
0.0
 11
-40.4335908005014
 21
87.87225599959493
 31
0.0
1001
AcDbBlockRepETag
1070
     1
1071
      804
1005
2641
  0
LINE
  5
2642
330
2333
100
AcDbEntity
  8
0
 62
     0
100
AcDbLine
 10
-39.81342240050435
 20
41.3900496000424
 30
0.0
 11
-44.62916400004178
 21
61.51768559962511
 31
0.0
1001
AcDbBlockRepETag
1070
     1
1071
      805
1005
2642
  0
LINE
  5
2643
330
2333
100
AcDbEntity
  8
0
 62
     0
100
AcDbLine
 10
87.88590720016509
 20
40.42805039975791
 30
0.0
 11
73.92287879996001
 21
17.68481639958918
 31
0.0
1001
AcDbBlockRepETag
1070
     1
1071
      806
1005
2643
  0
LINE
  5
2644
330
2333
100
AcDbEntity
  8
0
 62
     0
100
AcDbLine
 10
-57.71157119981944
 20
33.15493080019951
 30
0.0
 11
-48.38495040033013
 21
37.44552239961922
 31
0.0
1001
AcDbBlockRepETag
1070
     1
1071
      807
1005
2644
  0
LINE
  5
2645
330
2333
100
AcDbEntity
  8
0
 62
     0
100
AcDbLine
 10
-67.72581719979644
 20
28.5501995999366
 30
0.0
 11
-60.0360767999664
 21
32.08556879963726
 31
0.0
1001
AcDbBlockRepETag
1070
     1
1071
      808
1005
2645
  0
LINE
  5
2646
330
2333
100
AcDbEntity
  8
0
 62
     0
100
AcDbLine
 10
-64.35176759958267
 20
30.10056119970978
 30
0.0
 11
-25.92210599966347
 21
47.77713720034808
 31
0.0
1001
AcDbBlockRepETag
1070
     1
1071
      809
1005
2646
  0
LINE
  5
2647
330
2333
100
AcDbEntity
  8
0
 62
     0
100
AcDbLine
 10
-69.24772080034017
 20
27.85007879976183
 30
0.0
 11
-64.35176759958267
 21
30.10056119970978
 31
0.0
1001
AcDbBlockRepETag
1070
     1
1071
      810
1005
2647
  0
LINE
  5
2648
330
2333
100
AcDbEntity
  8
0
 62
     0
100
AcDbLine
 10
-71.97507719974964
 20
24.8969051996246
 30
0.0
 11
-69.24772080034017
 21
27.85007879976183
 31
0.0
1001
AcDbBlockRepETag
1070
     1
1071
      811
1005
2648
  0
LINE
  5
2649
330
2333
100
AcDbEntity
  8
0
 62
     0
100
AcDbLine
 10
40.475700000301
 20
27.7486343998462
 30
0.0
 11
25.26807960029691
 21
24.11206919979304
 31
0.0
1001
AcDbBlockRepETag
1070
     1
1071
      812
1005
2649
  0
LINE
  5
264A
330
2333
100
AcDbEntity
  8
0
 62
     0
100
AcDbLine
 10
53.13297600019723
 20
36.92874240037054
 30
0.0
 11
40.475700000301
 21
27.7486343998462
 31
0.0
1001
AcDbBlockRepETag
1070
     1
1071
      813
1005
264A
  0
LINE
  5
264B
330
2333
100
AcDbEntity
  8
0
 62
     0
100
AcDbLine
 10
61.31324160005897
 20
50.25163319986313
 30
0.0
 11
53.13297600019723
 21
36.92874240037054
 31
0.0
1001
AcDbBlockRepETag
1070
     1
1071
      814
1005
264B
  0
LINE
  5
264C
330
2333
100
AcDbEntity
  8
0
 62
     0
100
AcDbLine
 10
63.77049000002443
 20
65.69214479997754
 30
0.0
 11
61.31324160005897
 21
50.25163319986313
 31
0.0
1001
AcDbBlockRepETag
1070
     1
1071
      815
1005
264C
  0
LINE
  5
264D
330
2333
100
AcDbEntity
  8
0
 62
     0
100
AcDbLine
 10
60.13289880007505
 20
80.89653600007295
 30
0.0
 11
63.77049000002443
 21
65.69214479997754
 31
0.0
1001
AcDbBlockRepETag
1070
     1
1071
      816
1005
264D
  0
LINE
  5
264E
330
2333
100
AcDbEntity
  8
0
 62
     0
100
AcDbLine
 10
50.95201320014894
 20
93.5507231997326
 30
0.0
 11
60.13289880007505
 21
80.89653600007295
 31
0.0
1001
AcDbBlockRepETag
1070
     1
1071
      817
1005
264E
  0
LINE
  5
264F
330
2333
100
AcDbEntity
  8
0
 62
     0
100
AcDbLine
 10
37.62603359948844
 20
101.7307404000312
 30
0.0
 11
50.95201320014894
 21
93.5507231997326
 31
0.0
1001
AcDbBlockRepETag
1070
     1
1071
      818
1005
264F
  0
LINE
  5
2650
330
2333
100
AcDbEntity
  8
0
 62
     0
100
AcDbLine
 10
22.1842259997502
 20
104.1882371995598
 30
0.0
 11
37.62603359948844
 21
101.7307404000312
 31
0.0
1001
AcDbBlockRepETag
1070
     1
1071
      819
1005
2650
  0
LINE
  5
2651
330
2333
100
AcDbEntity
  8
0
 62
     0
100
AcDbLine
 10
6.976746000349521
 20
100.5496199997142
 30
0.0
 11
22.1842259997502
 21
104.1882371995598
 31
0.0
1001
AcDbBlockRepETag
1070
     1
1071
      820
1005
2651
  0
LINE
  5
2652
330
2333
100
AcDbEntity
  8
0
 62
     0
100
AcDbLine
 10
-5.680659600533545
 20
91.36951200012118
 30
0.0
 11
6.976746000349521
 21
100.5496199997142
 31
0.0
1001
AcDbBlockRepETag
1070
     1
1071
      821
1005
2652
  0
LINE
  5
2653
330
2333
100
AcDbEntity
  8
0
 62
     0
100
AcDbLine
 10
-13.86079560033977
 20
78.04686960019171
 30
0.0
 11
-5.680659600533545
 21
91.36951200012118
 31
0.0
1001
AcDbBlockRepETag
1070
     1
1071
      822
1005
2653
  0
LINE
  5
2654
330
2333
100
AcDbEntity
  8
0
 62
     0
100
AcDbLine
 10
-16.31817360036075
 20
62.60816160030663
 30
0.0
 11
-13.86079560033977
 21
78.04686960019171
 31
0.0
1001
AcDbBlockRepETag
1070
     1
1071
      823
1005
2654
  0
LINE
  5
2655
330
2333
100
AcDbEntity
  8
0
 62
     0
100
AcDbLine
 10
-12.67954559996724
 20
47.40377040021122
 30
0.0
 11
-16.31817360036075
 21
62.60816160030663
 31
0.0
1001
AcDbBlockRepETag
1070
     1
1071
      824
1005
2655
  0
LINE
  5
2656
330
2333
100
AcDbEntity
  8
0
 62
     0
100
AcDbLine
 10
-3.499578000046312
 20
34.74752040021122
 30
0.0
 11
-12.67954559996724
 21
47.40377040021122
 31
0.0
1001
AcDbBlockRepETag
1070
     1
1071
      825
1005
2656
  0
LINE
  5
2657
330
2333
100
AcDbEntity
  8
0
 62
     0
100
AcDbLine
 10
9.826412400230765
 20
26.56957679986954
 30
0.0
 11
-3.499578000046312
 21
34.74752040021122
 31
0.0
1001
AcDbBlockRepETag
1070
     1
1071
      826
1005
2657
  0
LINE
  5
2658
330
2333
100
AcDbEntity
  8
0
 62
     0
100
AcDbLine
 10
25.26807960029691
 20
24.11206919979304
 30
0.0
 11
9.826412400230765
 21
26.56957679986954
 31
0.0
1001
AcDbBlockRepETag
1070
     1
1071
      827
1005
2658
  0
LINE
  5
2659
330
2333
100
AcDbEntity
  8
0
 62
     0
100
AcDbLine
 10
-56.19274559989571
 20
22.27074479963631
 30
0.0
 11
-33.85028879996389
 21
32.54750640038401
 31
0.0
1001
AcDbBlockRepETag
1070
     1
1071
      828
1005
2659
  0
LINE
  5
265A
330
2333
100
AcDbEntity
  8
0
 62
     0
100
AcDbLine
 10
-71.81801280006766
 20
20.87436959985644
 30
0.0
 11
-71.97507719974964
 21
24.8969051996246
 31
0.0
1001
AcDbBlockRepETag
1070
     1
1071
      829
1005
265A
  0
LINE
  5
265B
330
2333
100
AcDbEntity
  8
0
 62
     0
100
AcDbLine
 10
-64.84860000014305
 20
18.29017799999565
 30
0.0
 11
-21.72035519964993
 21
38.12891399953514
 31
0.0
1001
AcDbBlockRepETag
1070
     1
1071
      830
1005
265B
  0
LINE
  5
265C
330
2333
100
AcDbEntity
  8
0
 62
     0
100
AcDbLine
 10
-68.86483919993043
 20
18.14057639986276
 30
0.0
 11
-71.81801280006766
 21
20.87436959985644
 31
0.0
1001
AcDbBlockRepETag
1070
     1
1071
      831
1005
265C
  0
LINE
  5
265D
330
2333
100
AcDbEntity
  8
0
 62
     0
100
AcDbLine
 10
-64.18722959980368
 20
18.59401439968496
 30
0.0
 11
-62.56310399994254
 21
19.34073720034212
 31
0.0
1001
AcDbBlockRepETag
1070
     1
1071
      832
1005
265D
  0
LINE
  5
265E
330
2333
100
AcDbEntity
  8
0
 62
     0
100
AcDbLine
 10
-64.84860000014305
 20
18.29017799999565
 30
0.0
 11
-64.18722959980368
 21
18.59401439968496
 31
0.0
1001
AcDbBlockRepETag
1070
     1
1071
      833
1005
265E
  0
LINE
  5
265F
330
2333
100
AcDbEntity
  8
0
 62
     0
100
AcDbLine
 10
-68.86483919993043
 20
18.14057639986276
 30
0.0
 11
-64.84860000014305
 21
18.29017799999565
 31
0.0
1001
AcDbBlockRepETag
1070
     1
1071
      834
1005
265F
  0
LINE
  5
2660
330
2333
100
AcDbEntity
  8
0
 62
     0
100
AcDbLine
 10
73.92287879996001
 20
17.68481639958918
 30
0.0
 11
52.31775959953665
 21
2.014361999928951
 31
0.0
1001
AcDbBlockRepETag
1070
     1
1071
      835
1005
2660
  0
LINE
  5
2661
330
2333
100
AcDbEntity
  8
0
 62
     0
100
AcDbLine
 10
45.71952120028436
 20
16.35383519995957
 30
0.0
 11
25.75114199984819
 21
11.57606639992446
 31
0.0
1001
AcDbBlockRepETag
1070
     1
1071
      836
1005
2661
  0
LINE
  5
2662
330
2333
100
AcDbEntity
  8
0
 62
     0
100
AcDbLine
 10
62.33934959955513
 20
28.40677560027689
 30
0.0
 11
45.71952120028436
 21
16.35383519995957
 31
0.0
1001
AcDbBlockRepETag
1070
     1
1071
      837
1005
2662
  0
LINE
  5
2663
330
2333
100
AcDbEntity
  8
0
 62
     0
100
AcDbLine
 10
73.08037079963833
 20
45.90208439994603
 30
0.0
 11
62.33934959955513
 21
28.40677560027689
 31
0.0
1001
AcDbBlockRepETag
1070
     1
1071
      838
1005
2663
  0
LINE
  5
2664
330
2333
100
AcDbEntity
  8
0
 62
     0
100
AcDbLine
 10
76.30751879978925
 20
66.17520719952882
 30
0.0
 11
73.08037079963833
 21
45.90208439994603
 31
0.0
1001
AcDbBlockRepETag
1070
     1
1071
      839
1005
2664
  0
LINE
  5
2665
330
2333
100
AcDbEntity
  8
0
 62
     0
100
AcDbLine
 10
85.87154520023615
 20
92.73654360044748
 30
0.0
 11
76.30751879978925
 21
66.17520719952882
 31
0.0
1001
AcDbBlockRepETag
1070
     1
1071
      840
1005
2665
  0
LINE
  5
2666
330
2333
100
AcDbEntity
  8
0
 62
     0
100
AcDbLine
 10
59.47474680002779
 20
102.7560708001256
 30
0.0
 11
85.87154520023615
 21
92.73654360044748
 31
0.0
1001
AcDbBlockRepETag
1070
     1
1071
      841
1005
2666
  0
LINE
  5
2667
330
2333
100
AcDbEntity
  8
0
 62
     0
100
AcDbLine
 10
41.97764519974589
 20
113.4947808003053
 30
0.0
 11
59.47474680002779
 21
102.7560708001256
 31
0.0
1001
AcDbBlockRepETag
1070
     1
1071
      842
1005
2667
  0
LINE
  5
2668
330
2333
100
AcDbEntity
  8
0
 62
     0
100
AcDbLine
 10
21.7011743998155
 20
116.7221772000193
 30
0.0
 11
41.97764519974589
 21
113.4947808003053
 31
0.0
1001
AcDbBlockRepETag
1070
     1
1071
      843
1005
2668
  0
LINE
  5
2669
330
2333
100
AcDbEntity
  8
0
 62
     0
100
AcDbLine
 10
1.733821200206875
 20
111.9464712003246
 30
0.0
 11
21.7011743998155
 21
116.7221772000193
 31
0.0
1001
AcDbBlockRepETag
1070
     1
1071
      844
1005
2669
  0
LINE
  5
266A
330
2333
100
AcDbEntity
  8
0
 62
     0
100
AcDbLine
 10
-14.88586680032313
 20
99.89146799966693
 30
0.0
 11
1.733821200206875
 21
111.9464712003246
 31
0.0
1001
AcDbBlockRepETag
1070
     1
1071
      845
1005
266A
  0
LINE
  5
266B
330
2333
100
AcDbEntity
  8
0
 62
     0
100
AcDbLine
 10
-25.62792479991913
 20
82.39849200006574
 30
0.0
 11
-14.88586680032313
 21
99.89146799966693
 31
0.0
1001
AcDbBlockRepETag
1070
     1
1071
      846
1005
266B
  0
LINE
  5
266C
330
2333
100
AcDbEntity
  8
0
 62
     0
100
AcDbLine
 10
-28.85520240012557
 20
62.12511000037193
 30
0.0
 11
-25.62792479991913
 21
82.39849200006574
 31
0.0
1001
AcDbBlockRepETag
1070
     1
1071
      847
1005
266C
  0
LINE
  5
266D
330
2333
100
AcDbEntity
  8
0
 62
     0
100
AcDbLine
 10
-24.07756320014596
 20
42.15994920022786
 30
0.0
 11
-28.85520240012557
 21
62.12511000037193
 31
0.0
1001
AcDbBlockRepETag
1070
     1
1071
      848
1005
266D
  0
LINE
  5
266E
330
2333
100
AcDbEntity
  8
0
 62
     0
100
AcDbLine
 10
-12.0224304003641
 20
25.54244279954583
 30
0.0
 11
-24.07756320014596
 21
42.15994920022786
 31
0.0
1001
AcDbBlockRepETag
1070
     1
1071
      849
1005
266E
  0
LINE
  5
266F
330
2333
100
AcDbEntity
  8
0
 62
     0
100
AcDbLine
 10
5.475826799869537
 20
14.8034736001864
 30
0.0
 11
-12.0224304003641
 21
25.54244279954583
 31
0.0
1001
AcDbBlockRepETag
1070
     1
1071
      850
1005
266F
  0
LINE
  5
2670
330
2333
100
AcDbEntity
  8
0
 62
     0
100
AcDbLine
 10
25.75114199984819
 20
11.57606639992446
 30
0.0
 11
5.475826799869537
 21
14.8034736001864
 31
0.0
1001
AcDbBlockRepETag
1070
     1
1071
      851
1005
2670
  0
LINE
  5
2671
330
2333
100
AcDbEntity
  8
0
 62
     0
100
AcDbLine
 10
52.31775959953665
 20
2.014361999928951
 30
0.0
 11
26.35869599971921
 21
-4.195573200471699
 31
0.0
1001
AcDbBlockRepETag
1070
     1
1071
      852
1005
2671
  0
LINE
  5
2672
330
2333
100
AcDbEntity
  8
0
 62
     0
100
AcDbLine
 10
-22.74646320007741
 20
13.96173239964992
 30
0.0
 11
-35.63587439991534
 21
31.72687919996679
 31
0.0
1001
AcDbBlockRepETag
1070
     1
1071
      853
1005
2672
  0
LINE
  5
2673
330
2333
100
AcDbEntity
  8
0
 62
     0
100
AcDbLine
 10
0.0
 20
0.0
 30
0.0
 11
-22.74646320007741
 21
13.96173239964992
 31
0.0
1001
AcDbBlockRepETag
1070
     1
1071
      854
1005
2673
  0
LINE
  5
2674
330
2333
100
AcDbEntity
  8
0
 62
     0
100
AcDbLine
 10
26.35869599971921
 20
-4.195573200471699
 30
0.0
 11
0.0
 21
0.0
 31
0.0
1001
AcDbBlockRepETag
1070
     1
1071
      855
1005
2674
  0
LINE
  5
2675
330
2333
100
AcDbEntity
  8
0
 62
     0
100
AcDbLine
 10
273.9401423996314
 20
99.93575880024582
 30
0.0
 11
242.0358515996486
 21
92.25554400030523
 31
0.0
1001
AcDbBlockRepETag
1070
     1
1071
      856
1005
2675
  0
LINE
  5
2676
330
2333
100
AcDbEntity
  8
0
 62
     0
100
AcDbLine
 10
300.8727827994153
 20
96.99313679989428
 30
0.0
 11
273.9401423996314
 21
99.93575880024582
 31
0.0
1001
AcDbBlockRepETag
1070
     1
1071
      857
1005
2676
  0
LINE
  5
2677
330
2333
100
AcDbEntity
  8
0
 62
     0
100
AcDbLine
 10
315.3883823994547
 20
91.70708759967238
 30
0.0
 11
300.8727827994153
 21
96.99313679989428
 31
0.0
1001
AcDbBlockRepETag
1070
     1
1071
      858
1005
2677
  0
LINE
  5
2678
330
2333
100
AcDbEntity
  8
0
 62
     0
100
AcDbLine
 10
204.4332539997995
 20
83.8391580004245
 30
0.0
 11
192.9982896000147
 21
66.17108159977942
 31
0.0
1001
AcDbBlockRepETag
1070
     1
1071
      859
1005
2678
  0
LINE
  5
2679
330
2333
100
AcDbEntity
  8
0
 62
     0
100
AcDbLine
 10
208.8502703998238
 20
80.9809919996187
 30
0.0
 11
204.4332539997995
 21
83.8391580004245
 31
0.0
1001
AcDbBlockRepETag
1070
     1
1071
      860
1005
2679
  0
LINE
  5
267A
330
2333
100
AcDbEntity
  8
0
 62
     0
100
AcDbLine
 10
208.8502703998238
 20
80.9809919996187
 30
0.0
 11
213.2683235993609
 21
78.1225776001811
 31
0.0
1001
AcDbBlockRepETag
1070
     1
1071
      861
1005
267A
  0
LINE
  5
267B
330
2333
100
AcDbEntity
  8
0
 62
     0
100
AcDbLine
 10
210.46706279926
 20
79.93686959985644
 30
0.0
 11
208.8502703998238
 21
80.9809919996187
 31
0.0
1001
AcDbBlockRepETag
1070
     1
1071
      862
1005
267B
  0
LINE
  5
267C
330
2333
100
AcDbEntity
  8
0
 62
     0
100
AcDbLine
 10
213.2683235993609
 20
78.1225776001811
 30
0.0
 11
226.5214355997741
 21
69.54809040017426
 31
0.0
1001
AcDbBlockRepETag
1070
     1
1071
      863
1005
267C
  0
LINE
  5
267D
330
2333
100
AcDbEntity
  8
0
 62
     0
100
AcDbLine
 10
242.0358515996486
 20
92.25554400030523
 30
0.0
 11
220.9127471996471
 21
73.17821879964322
 31
0.0
1001
AcDbBlockRepETag
1070
     1
1071
      864
1005
267D
  0
LINE
  5
267E
330
2333
100
AcDbEntity
  8
0
 62
     0
100
AcDbLine
 10
226.5214355997741
 20
69.54809040017426
 30
0.0
 11
221.6826467998326
 21
72.68047919962555
 31
0.0
1001
AcDbBlockRepETag
1070
     1
1071
      865
1005
267E
  0
LINE
  5
267F
330
2333
100
AcDbEntity
  8
0
 62
     0
100
AcDbLine
 10
192.9982896000147
 20
66.17108159977942
 30
0.0
 11
197.4183947993442
 21
63.31266720034182
 31
0.0
1001
AcDbBlockRepETag
1070
     1
1071
      866
1005
267F
  0
LINE
  5
2680
330
2333
100
AcDbEntity
  8
0
 62
     0
100
AcDbLine
 10
226.5214355997741
 20
69.54809040017426
 30
0.0
 11
225.3086495995522
 21
67.67071560025215
 31
0.0
1001
AcDbBlockRepETag
1070
     1
1071
      867
1005
2680
  0
LINE
  5
2681
330
2333
100
AcDbEntity
  8
0
 62
     0
100
AcDbLine
 10
208.8502703998238
 20
80.9809919996187
 30
0.0
 11
226.5214355997741
 21
69.54809040017426
 31
0.0
1001
AcDbBlockRepETag
1070
     1
1071
      868
1005
2681
  0
LINE
  5
2682
330
2333
100
AcDbEntity
  8
0
 62
     0
100
AcDbLine
 10
197.4183947993442
 20
63.31266720034182
 30
0.0
 11
208.8502703998238
 21
80.9809919996187
 31
0.0
1001
AcDbBlockRepETag
1070
     1
1071
      869
1005
2682
  0
LINE
  5
2683
330
2333
100
AcDbEntity
  8
0
 62
     0
100
AcDbLine
 10
197.4183947993442
 20
63.31266720034182
 30
0.0
 11
215.0898191994056
 21
51.88001399952918
 31
0.0
1001
AcDbBlockRepETag
1070
     1
1071
      870
1005
2683
  0
LINE
  5
2684
330
2333
100
AcDbEntity
  8
0
 62
     0
100
AcDbLine
 10
215.0898191994056
 20
51.88001399952918
 30
0.0
 11
216.306730799377
 21
53.75945159979164
 31
0.0
1001
AcDbBlockRepETag
1070
     1
1071
      871
1005
2684
  0
LINE
  5
2685
330
2333
100
AcDbEntity
  8
0
 62
     0
100
AcDbLine
 10
199.4023763993755
 20
28.70006040018052
 30
0.0
 11
209.0696507999673
 21
55.7738135997206
 31
0.0
1001
AcDbBlockRepETag
1070
     1
1071
      872
1005
2685
  0
LINE
  5
2686
330
2333
100
AcDbEntity
  8
0
 62
     0
100
AcDbLine
 10
342.8862191997469
 20
64.69025039952248
 30
0.0
 11
376.8229079991579
 21
25.6351391999051
 31
0.0
1001
AcDbBlockRepETag
1070
     1
1071
      873
1005
2686
  0
LINE
  5
2687
330
2333
100
AcDbEntity
  8
0
 62
     0
100
AcDbLine
 10
315.3883823994547
 20
91.70708759967238
 30
0.0
 11
342.8862191997469
 21
64.69025039952248
 31
0.0
1001
AcDbBlockRepETag
1070
     1
1071
      874
1005
2687
  0
LINE
  5
2688
330
2333
100
AcDbEntity
  8
0
 62
     0
100
AcDbLine
 10
203.866772399284
 20
-2.786583599634468
 30
0.0
 11
199.4023763993755
 21
28.70006040018052
 31
0.0
1001
AcDbBlockRepETag
1070
     1
1071
      875
1005
2688
  0
LINE
  5
2689
330
2333
100
AcDbEntity
  8
0
 62
     0
100
AcDbLine
 10
245.2084055999294
 20
-12.59084520023316
 30
0.0
 11
251.8076700000092
 21
-30.95312399975956
 31
0.0
1001
AcDbBlockRepETag
1070
     1
1071
      876
1005
2689
  0
LINE
  5
268A
330
2333
100
AcDbEntity
  8
0
 62
     0
100
AcDbLine
 10
245.4962796000764
 20
11.36518559977412
 30
0.0
 11
245.2084055999294
 21
-12.59084520023316
 31
0.0
1001
AcDbBlockRepETag
1070
     1
1071
      877
1005
268A
  0
LINE
  5
268B
330
2333
100
AcDbEntity
  8
0
 62
     0
100
AcDbLine
 10
256.2689771996811
 20
37.79571240022779
 30
0.0
 11
245.4962796000764
 21
11.36518559977412
 31
0.0
1001
AcDbBlockRepETag
1070
     1
1071
      878
1005
268B
  0
LINE
  5
268C
330
2333
100
AcDbEntity
  8
0
 62
     0
100
AcDbLine
 10
276.9461063994095
 20
58.41902520041912
 30
0.0
 11
256.2689771996811
 21
37.79571240022779
 31
0.0
1001
AcDbBlockRepETag
1070
     1
1071
      879
1005
268C
  0
LINE
  5
268D
330
2333
100
AcDbEntity
  8
0
 62
     0
100
AcDbLine
 10
300.2105159992352
 20
68.21917199995368
 30
0.0
 11
276.9461063994095
 21
58.41902520041912
 31
0.0
1001
AcDbBlockRepETag
1070
     1
1071
      880
1005
268D
  0
LINE
  5
268E
330
2333
100
AcDbEntity
  8
0
 62
     0
100
AcDbLine
 10
319.9426451995969
 20
69.59881800040602
 30
0.0
 11
300.2105159992352
 21
68.21917199995368
 31
0.0
1001
AcDbBlockRepETag
1070
     1
1071
      881
1005
268E
  0
LINE
  5
268F
330
2333
100
AcDbEntity
  8
0
 62
     0
100
AcDbLine
 10
330.0242399992421
 20
64.96241039969027
 30
0.0
 11
319.9426451995969
 21
69.59881800040602
 31
0.0
1001
AcDbBlockRepETag
1070
     1
1071
      882
1005
268F
  0
LINE
  5
2690
330
2333
100
AcDbEntity
  8
0
 62
     0
100
AcDbLine
 10
347.0501267993823
 20
47.83636439964175
 30
0.0
 11
330.0242399992421
 21
64.96241039969027
 31
0.0
1001
AcDbBlockRepETag
1070
     1
1071
      883
1005
2690
  0
LINE
  5
2691
330
2333
100
AcDbEntity
  8
0
 62
     0
100
AcDbLine
 10
373.1093495991081
 20
19.48416120000183
 30
0.0
 11
347.0501267993823
 21
47.83636439964175
 31
0.0
1001
AcDbBlockRepETag
1070
     1
1071
      884
1005
2691
  0
LINE
  5
2692
330
2333
100
AcDbEntity
  8
0
 62
     0
100
AcDbLine
 10
392.1833375990391
 20
-14.26789079979062
 30
0.0
 11
373.1093495991081
 21
19.48416120000183
 31
0.0
1001
AcDbBlockRepETag
1070
     1
1071
      885
1005
2692
  0
LINE
  5
2693
330
2333
100
AcDbEntity
  8
0
 62
     0
100
AcDbLine
 10
400.9393511991947
 20
-17.03542319964617
 30
0.0
 11
376.8229079991579
 21
25.6351391999051
 31
0.0
1001
AcDbBlockRepETag
1070
     1
1071
      886
1005
2693
  0
LINE
  5
2694
330
2333
100
AcDbEntity
  8
0
 62
     0
100
AcDbLine
 10
217.2908592000604
 20
-26.14368959981948
 30
0.0
 11
203.866772399284
 21
-2.786583599634468
 31
0.0
1001
AcDbBlockRepETag
1070
     1
1071
      887
1005
2694
  0
LINE
  5
2695
330
2333
100
AcDbEntity
  8
0
 62
     0
100
AcDbLine
 10
251.8076700000092
 20
-30.95312399975956
 30
0.0
 11
261.7005131999031
 21
-40.60340999998152
 31
0.0
1001
AcDbBlockRepETag
1070
     1
1071
      888
1005
2695
  0
LINE
  5
2696
330
2333
100
AcDbEntity
  8
0
 62
     0
100
AcDbLine
 10
321.480392399244
 20
69.46594559960067
 30
0.0
 11
322.0602659992874
 21
68.6242043999955
 31
0.0
1001
AcDbBlockRepETag
1070
     1
1071
      889
1005
2696
  0
LINE
  5
2697
330
2333
100
AcDbEntity
  8
0
 62
     0
100
AcDbLine
 10
308.7121355999261
 20
80.33340239990502
 30
0.0
 11
321.480392399244
 21
69.46594559960067
 31
0.0
1001
AcDbBlockRepETag
1070
     1
1071
      890
1005
2697
  0
LINE
  5
2698
330
2333
100
AcDbEntity
  8
0
 62
     0
100
AcDbLine
 10
293.5669607995078
 20
87.52619159966707
 30
0.0
 11
308.7121355999261
 21
80.33340239990502
 31
0.0
1001
AcDbBlockRepETag
1070
     1
1071
      891
1005
2698
  0
LINE
  5
2699
330
2333
100
AcDbEntity
  8
0
 62
     0
100
AcDbLine
 10
277.0748531995341
 20
90.55532160028816
 30
0.0
 11
293.5669607995078
 21
87.52619159966707
 31
0.0
1001
AcDbBlockRepETag
1070
     1
1071
      892
1005
2699
  0
LINE
  5
269A
330
2333
100
AcDbEntity
  8
0
 62
     0
100
AcDbLine
 10
260.3610431998968
 20
89.21172599960119
 30
0.0
 11
277.0748531995341
 21
90.55532160028816
 31
0.0
1001
AcDbBlockRepETag
1070
     1
1071
      893
1005
269A
  0
LINE
  5
269B
330
2333
100
AcDbEntity
  8
0
 62
     0
100
AcDbLine
 10
244.564163999632
 20
83.59016400016844
 30
0.0
 11
260.3610431998968
 21
89.21172599960119
 31
0.0
1001
AcDbBlockRepETag
1070
     1
1071
      894
1005
269B
  0
LINE
  5
269C
330
2333
100
AcDbEntity
  8
0
 62
     0
100
AcDbLine
 10
230.7602735999972
 20
74.07273960020393
 30
0.0
 11
244.564163999632
 21
83.59016400016844
 31
0.0
1001
AcDbBlockRepETag
1070
     1
1071
      895
1005
269C
  0
LINE
  5
269D
330
2333
100
AcDbEntity
  8
0
 62
     0
100
AcDbLine
 10
219.8917907997966
 20
61.30680480040609
 30
0.0
 11
230.7602735999972
 21
74.07273960020393
 31
0.0
1001
AcDbBlockRepETag
1070
     1
1071
      896
1005
269D
  0
LINE
  5
269E
330
2333
100
AcDbEntity
  8
0
 62
     0
100
AcDbLine
 10
212.6977164000273
 20
46.1634336002171
 30
0.0
 11
219.8917907997966
 21
61.30680480040609
 31
0.0
1001
AcDbBlockRepETag
1070
     1
1071
      897
1005
269E
  0
LINE
  5
269F
330
2333
100
AcDbEntity
  8
0
 62
     0
100
AcDbLine
 10
209.6685863994062
 20
29.67235200013965
 30
0.0
 11
212.6977164000273
 21
46.1634336002171
 31
0.0
1001
AcDbBlockRepETag
1070
     1
1071
      898
1005
269F
  0
LINE
  5
26A0
330
2333
100
AcDbEntity
  8
0
 62
     0
100
AcDbLine
 10
211.011145199649
 20
12.96188999991864
 30
0.0
 11
209.6685863994062
 21
29.67235200013965
 31
0.0
1001
AcDbBlockRepETag
1070
     1
1071
      899
1005
26A0
  0
LINE
  5
26A1
330
2333
100
AcDbEntity
  8
0
 62
     0
100
AcDbLine
 10
216.6337439995259
 20
-2.832926400005817
 30
0.0
 11
211.011145199649
 21
12.96188999991864
 31
0.0
1001
AcDbBlockRepETag
1070
     1
1071
      900
1005
26A1
  0
LINE
  5
26A2
330
2333
100
AcDbEntity
  8
0
 62
     0
100
AcDbLine
 10
226.1534795993939
 20
-16.63244280032813
 30
0.0
 11
216.6337439995259
 21
-2.832926400005817
 31
0.0
1001
AcDbBlockRepETag
1070
     1
1071
      901
1005
26A2
  0
LINE
  5
26A3
330
2333
100
AcDbEntity
  8
0
 62
     0
100
AcDbLine
 10
238.9214771995321
 20
-27.5001587998122
 30
0.0
 11
226.1534795993939
 21
-16.63244280032813
 31
0.0
1001
AcDbBlockRepETag
1070
     1
1071
      902
1005
26A3
  0
LINE
  5
26A4
330
2333
100
AcDbEntity
  8
0
 62
     0
100
AcDbLine
 10
254.0679371999577
 20
-34.69293719995767
 30
0.0
 11
238.9214771995321
 21
-27.5001587998122
 31
0.0
1001
AcDbBlockRepETag
1070
     1
1071
      903
1005
26A4
  0
LINE
  5
26A5
330
2333
100
AcDbEntity
  8
0
 62
     0
100
AcDbLine
 10
256.0063427994028
 20
-35.04956400021911
 30
0.0
 11
254.0679371999577
 21
-34.69293719995767
 31
0.0
1001
AcDbBlockRepETag
1070
     1
1071
      904
1005
26A5
  0
LINE
  5
26A6
330
2333
100
AcDbEntity
  8
0
 62
     0
100
AcDbLine
 10
230.9670396000147
 20
-38.73247199971229
 30
0.0
 11
217.2908592000604
 21
-26.14368959981948
 31
0.0
1001
AcDbBlockRepETag
1070
     1
1071
      905
1005
26A6
  0
LINE
  5
26A7
330
2333
100
AcDbEntity
  8
0
 62
     0
100
AcDbLine
 10
261.7005131999031
 20
-40.60340999998152
 30
0.0
 11
284.7591935992241
 21
-48.26894760038704
 31
0.0
1001
AcDbBlockRepETag
1070
     1
1071
      906
1005
26A7
  0
LINE
  5
26A8
330
2333
100
AcDbEntity
  8
0
 62
     0
100
AcDbLine
 10
392.1833375990391
 20
-14.26789079979062
 30
0.0
 11
388.3443803992122
 21
-12.85040159989148
 31
0.0
1001
AcDbBlockRepETag
1070
     1
1071
      907
1005
26A8
  0
LINE
  5
26A9
330
2333
100
AcDbEntity
  8
0
 62
     0
100
AcDbLine
 10
388.2493727998808
 20
-47.59406640008092
 30
0.0
 11
392.1833375990391
 21
-14.26789079979062
 31
0.0
1001
AcDbBlockRepETag
1070
     1
1071
      908
1005
26A9
  0
LINE
  5
26AA
330
2333
100
AcDbEntity
  8
0
 62
     0
100
AcDbLine
 10
284.7591935992241
 20
-48.26894760038704
 30
0.0
 11
321.2798039996997
 21
-59.86638719961047
 31
0.0
1001
AcDbBlockRepETag
1070
     1
1071
      909
1005
26AA
  0
LINE
  5
26AB
330
2333
100
AcDbEntity
  8
0
 62
     0
100
AcDbLine
 10
321.2798039996997
 20
-59.86638719961047
 30
0.0
 11
359.6474087992683
 21
-63.58097160048783
 31
0.0
1001
AcDbBlockRepETag
1070
     1
1071
      910
1005
26AB
  0
LINE
  5
26AC
330
2333
100
AcDbEntity
  8
0
 62
     0
100
AcDbLine
 10
388.2493727998808
 20
-47.59406640008092
 30
0.0
 11
384.5517875999212
 21
-44.97819839976727
 31
0.0
1001
AcDbBlockRepETag
1070
     1
1071
      911
1005
26AC
  0
LINE
  5
26AD
330
2333
100
AcDbEntity
  8
0
 62
     0
100
AcDbLine
 10
359.6474087992683
 20
-63.58097160048783
 30
0.0
 11
388.2493727998808
 21
-47.59406640008092
 31
0.0
1001
AcDbBlockRepETag
1070
     1
1071
      912
1005
26AD
  0
LINE
  5
26AE
330
2333
100
AcDbEntity
  8
0
 62
     0
100
AcDbLine
 10
384.5517875999212
 20
-44.97819839976727
 30
0.0
 11
356.980046399869
 21
-60.38935559988022
 31
0.0
1001
AcDbBlockRepETag
1070
     1
1071
      913
1005
26AE
  0
LINE
  5
26AF
330
2333
100
AcDbEntity
  8
0
 62
     0
100
AcDbLine
 10
388.3443803992122
 20
-12.85040159989148
 30
0.0
 11
384.5517875999212
 21
-44.97819839976727
 31
0.0
1001
AcDbBlockRepETag
1070
     1
1071
      914
1005
26AF
  0
LINE
  5
26B0
330
2333
100
AcDbEntity
  8
0
 62
     0
100
AcDbLine
 10
369.9579095998779
 20
19.68681239988655
 30
0.0
 11
388.3443803992122
 21
-12.85040159989148
 31
0.0
1001
AcDbBlockRepETag
1070
     1
1071
      915
1005
26B0
  0
LINE
  5
26B1
330
2333
100
AcDbEntity
  8
0
 62
     0
100
AcDbLine
 10
344.8351763999089
 20
47.01985200028866
 30
0.0
 11
369.9579095998779
 21
19.68681239988655
 31
0.0
1001
AcDbBlockRepETag
1070
     1
1071
      916
1005
26B1
  0
LINE
  5
26B2
330
2333
100
AcDbEntity
  8
0
 62
     0
100
AcDbLine
 10
328.4234099993482
 20
63.52998480014503
 30
0.0
 11
344.8351763999089
 21
47.01985200028866
 31
0.0
1001
AcDbBlockRepETag
1070
     1
1071
      917
1005
26B2
  0
LINE
  5
26B3
330
2333
100
AcDbEntity
  8
0
 62
     0
100
AcDbLine
 10
318.703334399499
 20
67.99772880040109
 30
0.0
 11
328.4234099993482
 21
63.52998480014503
 31
0.0
1001
AcDbBlockRepETag
1070
     1
1071
      918
1005
26B3
  0
LINE
  5
26B4
330
2333
100
AcDbEntity
  8
0
 62
     0
100
AcDbLine
 10
299.6808515992015
 20
66.66675840038806
 30
0.0
 11
318.703334399499
 21
67.99772880040109
 31
0.0
1001
AcDbBlockRepETag
1070
     1
1071
      919
1005
26B4
  0
LINE
  5
26B5
330
2333
100
AcDbEntity
  8
0
 62
     0
100
AcDbLine
 10
277.2540683997795
 20
57.22091639973223
 30
0.0
 11
299.6808515992015
 21
66.66675840038806
 31
0.0
1001
AcDbBlockRepETag
1070
     1
1071
      920
1005
26B5
  0
LINE
  5
26B6
330
2333
100
AcDbEntity
  8
0
 62
     0
100
AcDbLine
 10
257.3205731995404
 20
37.3399523999542
 30
0.0
 11
277.2540683997795
 21
57.22091639973223
 31
0.0
1001
AcDbBlockRepETag
1070
     1
1071
      921
1005
26B6
  0
LINE
  5
26B7
330
2333
100
AcDbEntity
  8
0
 62
     0
100
AcDbLine
 10
246.9372155992314
 20
11.86085159983486
 30
0.0
 11
257.3205731995404
 21
37.3399523999542
 31
0.0
1001
AcDbBlockRepETag
1070
     1
1071
      922
1005
26B7
  0
LINE
  5
26B8
330
2333
100
AcDbEntity
  8
0
 62
     0
100
AcDbLine
 10
246.6586079997942
 20
-11.23258319962769
 30
0.0
 11
246.9372155992314
 21
11.86085159983486
 31
0.0
1001
AcDbBlockRepETag
1070
     1
1071
      923
1005
26B8
  0
LINE
  5
26B9
330
2333
100
AcDbEntity
  8
0
 62
     0
100
AcDbLine
 10
253.0204559992999
 20
-28.93644000031054
 30
0.0
 11
246.6586079997942
 21
-11.23258319962769
 31
0.0
1001
AcDbBlockRepETag
1070
     1
1071
      924
1005
26B9
  0
LINE
  5
26BA
330
2333
100
AcDbEntity
  8
0
 62
     0
100
AcDbLine
 10
262.5569315999746
 20
-38.23885800037533
 30
0.0
 11
253.0204559992999
 21
-28.93644000031054
 31
0.0
1001
AcDbBlockRepETag
1070
     1
1071
      925
1005
26BA
  0
LINE
  5
26BB
330
2333
100
AcDbEntity
  8
0
 62
     0
100
AcDbLine
 10
284.7867443999275
 20
-45.62810999993234
 30
0.0
 11
262.5569315999746
 21
-38.23885800037533
 31
0.0
1001
AcDbBlockRepETag
1070
     1
1071
      926
1005
26BB
  0
LINE
  5
26BC
330
2333
100
AcDbEntity
  8
0
 62
     0
100
AcDbLine
 10
319.9920875998214
 20
-56.80764359980821
 30
0.0
 11
284.7867443999275
 21
-45.62810999993234
 31
0.0
1001
AcDbBlockRepETag
1070
     1
1071
      927
1005
26BC
  0
LINE
  5
26BD
330
2333
100
AcDbEntity
  8
0
 62
     0
100
AcDbLine
 10
356.980046399869
 20
-60.38935559988022
 30
0.0
 11
319.9920875998214
 21
-56.80764359980821
 31
0.0
1001
AcDbBlockRepETag
1070
     1
1071
      928
1005
26BD
  0
LINE
  5
26BE
330
2333
100
AcDbEntity
  8
0
 62
     0
100
AcDbLine
 10
359.6474087992683
 20
-63.58097160048783
 30
0.0
 11
356.980046399869
 21
-60.38935559988022
 31
0.0
1001
AcDbBlockRepETag
1070
     1
1071
      929
1005
26BE
  0
LINE
  5
26BF
330
2333
100
AcDbEntity
  8
0
 62
     0
100
AcDbLine
 10
265.9784903991968
 20
-50.92884720023722
 30
0.0
 11
230.9670396000147
 21
-38.73247199971229
 31
0.0
1001
AcDbBlockRepETag
1070
     1
1071
      930
1005
26BF
  0
LINE
  5
26C0
330
2333
100
AcDbEntity
  8
0
 62
     0
100
AcDbLine
 10
316.2584519991651
 20
-65.81471399962902
 30
0.0
 11
265.9784903991968
 21
-50.92884720023722
 31
0.0
1001
AcDbBlockRepETag
1070
     1
1071
      931
1005
26C0
  0
LINE
  5
26C1
330
2333
100
AcDbEntity
  8
0
 62
     0
100
AcDbLine
 10
316.2584519991651
 20
-65.81471399962902
 30
0.0
 11
365.8962239995599
 21
-71.20428119972348
 31
0.0
1001
AcDbBlockRepETag
1070
     1
1071
      932
1005
26C1
  0
LINE
  5
26C2
330
2333
100
AcDbEntity
  8
0
 62
     0
100
AcDbLine
 10
394.3212947994471
 20
-51.89288759976625
 30
0.0
 11
400.9393511991947
 21
-17.03542319964617
 31
0.0
1001
AcDbBlockRepETag
1070
     1
1071
      933
1005
26C2
  0
LINE
  5
26C3
330
2333
100
AcDbEntity
  8
0
 62
     0
100
AcDbLine
 10
365.8962239995599
 20
-71.20428119972348
 30
0.0
 11
394.3212947994471
 21
-51.89288759976625
 31
0.0
1001
AcDbBlockRepETag
1070
     1
1071
      934
1005
26C3
  0
LINE
  5
26C4
330
2333
100
AcDbEntity
  8
0
 62
     0
100
AcDbLine
 10
381.3537347996608
 20
-389.1840695999563
 30
0.0
 11
381.3537347996608
 21
-387.4964616000653
 31
0.0
1001
AcDbBlockRepETag
1070
     1
1071
      935
1005
26C4
  0
LINE
  5
26C5
330
2333
100
AcDbEntity
  8
0
 62
     0
100
AcDbLine
 10
381.3537347996608
 20
-389.1840695999563
 30
0.0
 11
394.234775999561
 21
-391.7448252001777
 31
0.0
1001
AcDbBlockRepETag
1070
     1
1071
      936
1005
26C5
  0
LINE
  5
26C6
330
2333
100
AcDbEntity
  8
0
 62
     0
100
AcDbLine
 10
368.4729527998716
 20
-391.7448252001777
 30
0.0
 11
381.3537347996608
 21
-389.1840695999563
 31
0.0
1001
AcDbBlockRepETag
1070
     1
1071
      937
1005
26C6
  0
LINE
  5
26C7
330
2333
100
AcDbEntity
  8
0
 62
     0
100
AcDbLine
 10
394.234775999561
 20
-391.7448252001777
 30
0.0
 11
394.8803027998656
 21
-390.1859640004113
 31
0.0
1001
AcDbBlockRepETag
1070
     1
1071
      938
1005
26C7
  0
LINE
  5
26C8
330
2333
100
AcDbEntity
  8
0
 62
     0
100
AcDbLine
 10
405.1539863990619
 20
-399.0411216001957
 30
0.0
 11
394.234775999561
 21
-391.7448252001777
 31
0.0
1001
AcDbBlockRepETag
1070
     1
1071
      939
1005
26C8
  0
LINE
  5
26C9
330
2333
100
AcDbEntity
  8
0
 62
     0
100
AcDbLine
 10
405.1539863990619
 20
-399.0411216001957
 30
0.0
 11
406.3466843990608
 21
-397.847127600573
 31
0.0
1001
AcDbBlockRepETag
1070
     1
1071
      940
1005
26C9
  0
LINE
  5
26CA
330
2333
100
AcDbEntity
  8
0
 62
     0
100
AcDbLine
 10
412.45028279908
 20
-409.9572432003915
 30
0.0
 11
405.1539863990619
 21
-399.0411216001957
 31
0.0
1001
AcDbBlockRepETag
1070
     1
1071
      941
1005
26CA
  0
LINE
  5
26CB
330
2333
100
AcDbEntity
  8
0
 62
     0
100
AcDbLine
 10
412.45028279908
 20
-409.9572432003915
 30
0.0
 11
414.0091331992298
 21
-409.3117056004703
 31
0.0
1001
AcDbBlockRepETag
1070
     1
1071
      942
1005
26CB
  0
LINE
  5
26CC
330
2333
100
AcDbEntity
  8
0
 62
     0
100
AcDbLine
 10
415.0120643991977
 20
-422.8369883997365
 30
0.0
 11
412.45028279908
 21
-409.9572432003915
 31
0.0
1001
AcDbBlockRepETag
1070
     1
1071
      943
1005
26CC
  0
LINE
  5
26CD
330
2333
100
AcDbEntity
  8
0
 62
     0
100
AcDbLine
 10
415.0120643991977
 20
-422.8369883997365
 30
0.0
 11
416.6996723990887
 21
-422.8369883997365
 31
0.0
1001
AcDbBlockRepETag
1070
     1
1071
      944
1005
26CD
  0
LINE
  5
26CE
330
2333
100
AcDbEntity
  8
0
 62
     0
100
AcDbLine
 10
412.45028279908
 20
-435.7146816002205
 30
0.0
 11
415.0120643991977
 21
-422.8369883997365
 31
0.0
1001
AcDbBlockRepETag
1070
     1
1071
      945
1005
26CE
  0
LINE
  5
26CF
330
2333
100
AcDbEntity
  8
0
 62
     0
100
AcDbLine
 10
412.45028279908
 20
-435.7146816002205
 30
0.0
 11
414.0091331992298
 21
-436.3602192001417
 31
0.0
1001
AcDbBlockRepETag
1070
     1
1071
      946
1005
26CF
  0
LINE
  5
26D0
330
2333
100
AcDbEntity
  8
0
 62
     0
100
AcDbLine
 10
405.1539863990619
 20
-446.6328659998253
 30
0.0
 11
412.45028279908
 21
-435.7146816002205
 31
0.0
1001
AcDbBlockRepETag
1070
     1
1071
      947
1005
26D0
  0
LINE
  5
26D1
330
2333
100
AcDbEntity
  8
0
 62
     0
100
AcDbLine
 10
405.1539863990619
 20
-446.6328659998253
 30
0.0
 11
406.3466843990608
 21
-447.824537999928
 31
0.0
1001
AcDbBlockRepETag
1070
     1
1071
      948
1005
26D1
  0
LINE
  5
26D2
330
2333
100
AcDbEntity
  8
0
 62
     0
100
AcDbLine
 10
394.234775999561
 20
-453.9270996004343
 30
0.0
 11
405.1539863990619
 21
-446.6328659998253
 31
0.0
1001
AcDbBlockRepETag
1070
     1
1071
      949
1005
26D2
  0
LINE
  5
26D3
330
2333
100
AcDbEntity
  8
0
 62
     0
100
AcDbLine
 10
393.4362887991592
 20
-452.0013191998004
 30
0.0
 11
381.3537347996608
 21
-454.4037143997847
 31
0.0
1001
AcDbBlockRepETag
1070
     1
1071
      950
1005
26D3
  0
LINE
  5
26D4
330
2333
100
AcDbEntity
  8
0
 62
     0
100
AcDbLine
 10
403.6782959997654
 20
-445.158460800536
 30
0.0
 11
393.4362887991592
 21
-452.0013191998004
 31
0.0
1001
AcDbBlockRepETag
1070
     1
1071
      951
1005
26D4
  0
LINE
  5
26D5
330
2333
100
AcDbEntity
  8
0
 62
     0
100
AcDbLine
 10
410.5221803998574
 20
-434.9174904003739
 30
0.0
 11
403.6782959997654
 21
-445.158460800536
 31
0.0
1001
AcDbBlockRepETag
1070
     1
1071
      952
1005
26D5
  0
LINE
  5
26D6
330
2333
100
AcDbEntity
  8
0
 62
     0
100
AcDbLine
 10
412.925860799849
 20
-422.8369883997365
 30
0.0
 11
410.5221803998574
 21
-434.9174904003739
 31
0.0
1001
AcDbBlockRepETag
1070
     1
1071
      953
1005
26D6
  0
LINE
  5
26D7
330
2333
100
AcDbEntity
  8
0
 62
     0
100
AcDbLine
 10
410.5221803998574
 20
-410.7564972005784
 30
0.0
 11
412.925860799849
 21
-422.8369883997365
 31
0.0
1001
AcDbBlockRepETag
1070
     1
1071
      954
1005
26D7
  0
LINE
  5
26D8
330
2333
100
AcDbEntity
  8
0
 62
     0
100
AcDbLine
 10
403.6782959997654
 20
-400.5155159998684
 30
0.0
 11
410.5221803998574
 21
-410.7564972005784
 31
0.0
1001
AcDbBlockRepETag
1070
     1
1071
      955
1005
26D8
  0
LINE
  5
26D9
330
2333
100
AcDbEntity
  8
0
 62
     0
100
AcDbLine
 10
393.4362887991592
 20
-393.6726684002206
 30
0.0
 11
403.6782959997654
 21
-400.5155159998684
 31
0.0
1001
AcDbBlockRepETag
1070
     1
1071
      956
1005
26D9
  0
LINE
  5
26DA
330
2333
100
AcDbEntity
  8
0
 62
     0
100
AcDbLine
 10
381.3537347996608
 20
-391.2702623996884
 30
0.0
 11
393.4362887991592
 21
-393.6726684002206
 31
0.0
1001
AcDbBlockRepETag
1070
     1
1071
      957
1005
26DA
  0
LINE
  5
26DB
330
2333
100
AcDbEntity
  8
0
 62
     0
100
AcDbLine
 10
369.2714291997254
 20
-393.6726684002206
 30
0.0
 11
381.3537347996608
 21
-391.2702623996884
 31
0.0
1001
AcDbBlockRepETag
1070
     1
1071
      958
1005
26DB
  0
LINE
  5
26DC
330
2333
100
AcDbEntity
  8
0
 62
     0
100
AcDbLine
 10
359.0291735995561
 20
-400.5155159998684
 30
0.0
 11
369.2714291997254
 21
-393.6726684002206
 31
0.0
1001
AcDbBlockRepETag
1070
     1
1071
      959
1005
26DC
  0
LINE
  5
26DD
330
2333
100
AcDbEntity
  8
0
 62
     0
100
AcDbLine
 10
352.185289199464
 20
-410.7564972005784
 30
0.0
 11
359.0291735995561
 21
-400.5155159998684
 31
0.0
1001
AcDbBlockRepETag
1070
     1
1071
      960
1005
26DD
  0
LINE
  5
26DE
330
2333
100
AcDbEntity
  8
0
 62
     0
100
AcDbLine
 10
349.7818571999669
 20
-422.8369883997365
 30
0.0
 11
352.185289199464
 21
-410.7564972005784
 31
0.0
1001
AcDbBlockRepETag
1070
     1
1071
      961
1005
26DE
  0
LINE
  5
26DF
330
2333
100
AcDbEntity
  8
0
 62
     0
100
AcDbLine
 10
352.185289199464
 20
-434.9174904003739
 30
0.0
 11
349.7818571999669
 21
-422.8369883997365
 31
0.0
1001
AcDbBlockRepETag
1070
     1
1071
      962
1005
26DF
  0
LINE
  5
26E0
330
2333
100
AcDbEntity
  8
0
 62
     0
100
AcDbLine
 10
359.0291735995561
 20
-445.158460800536
 30
0.0
 11
352.185289199464
 21
-434.9174904003739
 31
0.0
1001
AcDbBlockRepETag
1070
     1
1071
      963
1005
26E0
  0
LINE
  5
26E1
330
2333
100
AcDbEntity
  8
0
 62
     0
100
AcDbLine
 10
369.2714291997254
 20
-452.0013191998004
 30
0.0
 11
359.0291735995561
 21
-445.158460800536
 31
0.0
1001
AcDbBlockRepETag
1070
     1
1071
      964
1005
26E1
  0
LINE
  5
26E2
330
2333
100
AcDbEntity
  8
0
 62
     0
100
AcDbLine
 10
381.3537347996608
 20
-454.4037143997847
 30
0.0
 11
369.2714291997254
 21
-452.0013191998004
 31
0.0
1001
AcDbBlockRepETag
1070
     1
1071
      965
1005
26E2
  0
LINE
  5
26E3
330
2333
100
AcDbEntity
  8
0
 62
     0
100
AcDbLine
 10
394.234775999561
 20
-453.9270996004343
 30
0.0
 11
394.8803027998656
 21
-455.4859608002007
 31
0.0
1001
AcDbBlockRepETag
1070
     1
1071
      966
1005
26E3
  0
LINE
  5
26E4
330
2333
100
AcDbEntity
  8
0
 62
     0
100
AcDbLine
 10
381.3537347996608
 20
-456.4878551997244
 30
0.0
 11
394.234775999561
 21
-453.9270996004343
 31
0.0
1001
AcDbBlockRepETag
1070
     1
1071
      967
1005
26E4
  0
LINE
  5
26E5
330
2333
100
AcDbEntity
  8
0
 62
     0
100
AcDbLine
 10
376.6341563994065
 20
-458.7259824005887
 30
0.0
 11
376.6341563994065
 21
-463.4445240003988
 31
0.0
1001
AcDbBlockRepETag
1070
     1
1071
      968
1005
26E5
  0
LINE
  5
26E6
330
2333
100
AcDbEntity
  8
0
 62
     0
100
AcDbLine
 10
385.7475743992254
 20
-458.7913763998076
 30
0.0
 11
386.0006939992309
 21
-458.7406596001237
 31
0.0
1001
AcDbBlockRepETag
1070
     1
1071
      969
1005
26E6
  0
LINE
  5
26E7
330
2333
100
AcDbEntity
  8
0
 62
     0
100
AcDbLine
 10
385.7475743992254
 20
-458.7913763998076
 30
0.0
 11
385.7475743992254
 21
-463.4445240003988
 31
0.0
1001
AcDbBlockRepETag
1070
     1
1071
      970
1005
26E7
  0
LINE
  5
26E8
330
2333
100
AcDbEntity
  8
0
 62
     0
100
AcDbLine
 10
384.8703011991456
 20
-458.9641548004001
 30
0.0
 11
385.7475743992254
 21
-458.7913763998076
 31
0.0
1001
AcDbBlockRepETag
1070
     1
1071
      971
1005
26E8
  0
LINE
  5
26E9
330
2333
100
AcDbEntity
  8
0
 62
     0
100
AcDbLine
 10
367.2578447991982
 20
-456.8612219998612
 30
0.0
 11
381.3537347996608
 21
-459.6645347997545
 31
0.0
1001
AcDbBlockRepETag
1070
     1
1071
      972
1005
26E9
  0
LINE
  5
26EA
330
2333
100
AcDbEntity
  8
0
 62
     0
100
AcDbLine
 10
355.3084115991369
 20
-448.8771600006148
 30
0.0
 11
367.2578447991982
 21
-456.8612219998612
 31
0.0
1001
AcDbBlockRepETag
1070
     1
1071
      973
1005
26EA
  0
LINE
  5
26EB
330
2333
100
AcDbEntity
  8
0
 62
     0
100
AcDbLine
 10
347.3233235999942
 20
-436.9297895999625
 30
0.0
 11
355.3084115991369
 21
-448.8771600006148
 31
0.0
1001
AcDbBlockRepETag
1070
     1
1071
      974
1005
26EB
  0
LINE
  5
26EC
330
2333
100
AcDbEntity
  8
0
 62
     0
100
AcDbLine
 10
344.5200107991695
 20
-422.8369883997365
 30
0.0
 11
347.3233235999942
 21
-436.9297895999625
 31
0.0
1001
AcDbBlockRepETag
1070
     1
1071
      975
1005
26EC
  0
LINE
  5
26ED
330
2333
100
AcDbEntity
  8
0
 62
     0
100
AcDbLine
 10
347.3233235999942
 20
-408.7421351997181
 30
0.0
 11
344.5200107991695
 21
-422.8369883997365
 31
0.0
1001
AcDbBlockRepETag
1070
     1
1071
      976
1005
26ED
  0
LINE
  5
26EE
330
2333
100
AcDbEntity
  8
0
 62
     0
100
AcDbLine
 10
355.3084115991369
 20
-396.7947540003806
 30
0.0
 11
347.3233235999942
 21
-408.7421351997181
 31
0.0
1001
AcDbBlockRepETag
1070
     1
1071
      977
1005
26EE
  0
LINE
  5
26EF
330
2333
100
AcDbEntity
  8
0
 62
     0
100
AcDbLine
 10
367.2578447991982
 20
-388.8107027998194
 30
0.0
 11
355.3084115991369
 21
-396.7947540003806
 31
0.0
1001
AcDbBlockRepETag
1070
     1
1071
      978
1005
26EF
  0
LINE
  5
26F0
330
2333
100
AcDbEntity
  8
0
 62
     0
100
AcDbLine
 10
381.3537347996608
 20
-386.0073899999261
 30
0.0
 11
367.2578447991982
 21
-388.8107027998194
 31
0.0
1001
AcDbBlockRepETag
1070
     1
1071
      979
1005
26F0
  0
LINE
  5
26F1
330
2333
100
AcDbEntity
  8
0
 62
     0
100
AcDbLine
 10
395.449624799192
 20
-388.8107027998194
 30
0.0
 11
381.3537347996608
 21
-386.0073899999261
 31
0.0
1001
AcDbBlockRepETag
1070
     1
1071
      980
1005
26F1
  0
LINE
  5
26F2
330
2333
100
AcDbEntity
  8
0
 62
     0
100
AcDbLine
 10
407.3993171993643
 20
-396.7947540003806
 30
0.0
 11
395.449624799192
 21
-388.8107027998194
 31
0.0
1001
AcDbBlockRepETag
1070
     1
1071
      981
1005
26F2
  0
LINE
  5
26F3
330
2333
100
AcDbEntity
  8
0
 62
     0
100
AcDbLine
 10
415.3843943998217
 20
-408.7421351997181
 30
0.0
 11
407.3993171993643
 21
-396.7947540003806
 31
0.0
1001
AcDbBlockRepETag
1070
     1
1071
      982
1005
26F3
  0
LINE
  5
26F4
330
2333
100
AcDbEntity
  8
0
 62
     0
100
AcDbLine
 10
418.1877179993316
 20
-422.8369883997365
 30
0.0
 11
415.3843943998217
 21
-408.7421351997181
 31
0.0
1001
AcDbBlockRepETag
1070
     1
1071
      983
1005
26F4
  0
LINE
  5
26F5
330
2333
100
AcDbEntity
  8
0
 62
     0
100
AcDbLine
 10
415.3843943998217
 20
-436.9297895999625
 30
0.0
 11
418.1877179993316
 21
-422.8369883997365
 31
0.0
1001
AcDbBlockRepETag
1070
     1
1071
      984
1005
26F5
  0
LINE
  5
26F6
330
2333
100
AcDbEntity
  8
0
 62
     0
100
AcDbLine
 10
407.3993171993643
 20
-448.8771600006148
 30
0.0
 11
415.3843943998217
 21
-436.9297895999625
 31
0.0
1001
AcDbBlockRepETag
1070
     1
1071
      985
1005
26F6
  0
LINE
  5
26F7
330
2333
100
AcDbEntity
  8
0
 62
     0
100
AcDbLine
 10
395.449624799192
 20
-456.8612219998612
 30
0.0
 11
407.3993171993643
 21
-448.8771600006148
 31
0.0
1001
AcDbBlockRepETag
1070
     1
1071
      986
1005
26F7
  0
LINE
  5
26F8
330
2333
100
AcDbEntity
  8
0
 62
     0
100
AcDbLine
 10
381.3537347996608
 20
-459.6645347997545
 30
0.0
 11
395.449624799192
 21
-456.8612219998612
 31
0.0
1001
AcDbBlockRepETag
1070
     1
1071
      987
1005
26F8
  0
LINE
  5
26F9
330
2333
100
AcDbEntity
  8
0
 62
     0
100
AcDbLine
 10
381.190481999889
 20
-459.6328691998496
 30
0.0
 11
380.1030947994441
 21
-459.4155408004298
 31
0.0
1001
AcDbBlockRepETag
1070
     1
1071
      988
1005
26F9
  0
LINE
  5
26FA
330
2333
100
AcDbEntity
  8
0
 62
     0
100
AcDbLine
 10
381.3537347996608
 20
-459.6645347997545
 30
0.0
 11
381.190481999889
 21
-459.6328691998496
 31
0.0
1001
AcDbBlockRepETag
1070
     1
1071
      989
1005
26FA
  0
LINE
  5
26FB
330
2333
100
AcDbEntity
  8
0
 62
     0
100
AcDbLine
 10
385.7475743992254
 20
-463.4445240003988
 30
0.0
 11
383.8217939995229
 21
-463.2040188005194
 31
0.0
1001
AcDbBlockRepETag
1070
     1
1071
      990
1005
26FB
  0
LINE
  5
26FC
330
2333
100
AcDbEntity
  8
0
 62
     0
100
AcDbLine
 10
376.6341563994065
 20
-463.4445240003988
 30
0.0
 11
378.5599475996569
 21
-463.2040188005194
 31
0.0
1001
AcDbBlockRepETag
1070
     1
1071
      991
1005
26FC
  0
LINE
  5
26FD
330
2333
100
AcDbEntity
  8
0
 62
     0
100
AcDbLine
 10
386.452328399755
 20
-463.7735999999567
 30
0.0
 11
386.452328399755
 21
-458.6500152004882
 31
0.0
1001
AcDbBlockRepETag
1070
     1
1071
      992
1005
26FD
  0
LINE
  5
26FE
330
2333
100
AcDbEntity
  8
0
 62
     0
100
AcDbLine
 10
375.9286355990917
 20
-463.7735999999567
 30
0.0
 11
375.9286355990917
 21
-458.5846103997901
 31
0.0
1001
AcDbBlockRepETag
1070
     1
1071
      993
1005
26FE
  0
LINE
  5
26FF
330
2333
100
AcDbEntity
  8
0
 62
     0
100
AcDbLine
 10
386.452328399755
 20
-463.7735999999567
 30
0.0
 11
386.452328399755
 21
-470.3507136004045
 31
0.0
1001
AcDbBlockRepETag
1070
     1
1071
      994
1005
26FF
  0
LINE
  5
2700
330
2333
100
AcDbEntity
  8
0
 62
     0
100
AcDbLine
 10
385.7475743992254
 20
-463.4445240003988
 30
0.0
 11
386.452328399755
 21
-463.7735999999567
 31
0.0
1001
AcDbBlockRepETag
1070
     1
1071
      995
1005
2700
  0
LINE
  5
2701
330
2333
100
AcDbEntity
  8
0
 62
     0
100
AcDbLine
 10
385.7475743992254
 20
-470.3507136004045
 30
0.0
 11
385.7475743992254
 21
-463.4445240003988
 31
0.0
1001
AcDbBlockRepETag
1070
     1
1071
      996
1005
2701
  0
LINE
  5
2702
330
2333
100
AcDbEntity
  8
0
 62
     0
100
AcDbLine
 10
376.6341563994065
 20
-470.3507136004045
 30
0.0
 11
385.7475743992254
 21
-470.3507136004045
 31
0.0
1001
AcDbBlockRepETag
1070
     1
1071
      997
1005
2702
  0
LINE
  5
2703
330
2333
100
AcDbEntity
  8
0
 62
     0
100
AcDbLine
 10
376.6341563994065
 20
-463.4445240003988
 30
0.0
 11
376.6341563994065
 21
-470.3507136004045
 31
0.0
1001
AcDbBlockRepETag
1070
     1
1071
      998
1005
2703
  0
LINE
  5
2704
330
2333
100
AcDbEntity
  8
0
 62
     0
100
AcDbLine
 10
375.9286355990917
 20
-463.7735999999567
 30
0.0
 11
376.6341563994065
 21
-463.4445240003988
 31
0.0
1001
AcDbBlockRepETag
1070
     1
1071
      999
1005
2704
  0
LINE
  5
2705
330
2333
100
AcDbEntity
  8
0
 62
     0
100
AcDbLine
 10
375.9286355990917
 20
-470.3507136004045
 30
0.0
 11
375.9286355990917
 21
-463.7735999999567
 31
0.0
1001
AcDbBlockRepETag
1070
     1
1071
     1000
1005
2705
  0
LINE
  5
2706
330
2333
100
AcDbEntity
  8
0
 62
     0
100
AcDbLine
 10
385.7475743992254
 20
-470.3507136004045
 30
0.0
 11
385.7475743992254
 21
-477.2545920005068
 31
0.0
1001
AcDbBlockRepETag
1070
     1
1071
     1001
1005
2706
  0
LINE
  5
2707
330
2333
100
AcDbEntity
  8
0
 62
     0
100
AcDbLine
 10
386.452328399755
 20
-470.3507136004045
 30
0.0
 11
385.7475743992254
 21
-470.3507136004045
 31
0.0
1001
AcDbBlockRepETag
1070
     1
1071
     1002
1005
2707
  0
LINE
  5
2708
330
2333
100
AcDbEntity
  8
0
 62
     0
100
AcDbLine
 10
386.452328399755
 20
-476.9255160000175
 30
0.0
 11
386.452328399755
 21
-470.3507136004045
 31
0.0
1001
AcDbBlockRepETag
1070
     1
1071
     1003
1005
2708
  0
LINE
  5
2709
330
2333
100
AcDbEntity
  8
0
 62
     0
100
AcDbLine
 10
386.452328399755
 20
-476.9255160000175
 30
0.0
 11
386.452328399755
 21
-481.7413872005418
 31
0.0
1001
AcDbBlockRepETag
1070
     1
1071
     1004
1005
2709
  0
LINE
  5
270A
330
2333
100
AcDbEntity
  8
0
 62
     0
100
AcDbLine
 10
385.7475743992254
 20
-477.2545920005068
 30
0.0
 11
386.452328399755
 21
-476.9255160000175
 31
0.0
1001
AcDbBlockRepETag
1070
     1
1071
     1005
1005
270A
  0
LINE
  5
270B
330
2333
100
AcDbEntity
  8
0
 62
     0
100
AcDbLine
 10
375.9286355990917
 20
-470.3507136004045
 30
0.0
 11
375.9286355990917
 21
-476.9255160000175
 31
0.0
1001
AcDbBlockRepETag
1070
     1
1071
     1006
1005
270B
  0
LINE
  5
270C
330
2333
100
AcDbEntity
  8
0
 62
     0
100
AcDbLine
 10
376.6341563994065
 20
-470.3507136004045
 30
0.0
 11
375.9286355990917
 21
-470.3507136004045
 31
0.0
1001
AcDbBlockRepETag
1070
     1
1071
     1007
1005
270C
  0
LINE
  5
270D
330
2333
100
AcDbEntity
  8
0
 62
     0
100
AcDbLine
 10
376.6341563994065
 20
-477.2545920005068
 30
0.0
 11
376.6341563994065
 21
-470.3507136004045
 31
0.0
1001
AcDbBlockRepETag
1070
     1
1071
     1008
1005
270D
  0
LINE
  5
270E
330
2333
100
AcDbEntity
  8
0
 62
     0
100
AcDbLine
 10
378.5599475996569
 20
-477.4950863998383
 30
0.0
 11
376.6341563994065
 21
-477.2545920005068
 31
0.0
1001
AcDbBlockRepETag
1070
     1
1071
     1009
1005
270E
  0
LINE
  5
270F
330
2333
100
AcDbEntity
  8
0
 62
     0
100
AcDbLine
 10
386.452328399755
 20
-481.7413872005418
 30
0.0
 11
386.452328399755
 21
-483.5026404000818
 31
0.0
1001
AcDbBlockRepETag
1070
     1
1071
     1010
1005
270F
  0
LINE
  5
2710
330
2333
100
AcDbEntity
  8
0
 62
     0
100
AcDbLine
 10
385.7475743992254
 20
-477.2545920005068
 30
0.0
 11
383.8217939995229
 21
-477.4950863998383
 31
0.0
1001
AcDbBlockRepETag
1070
     1
1071
     1011
1005
2710
  0
LINE
  5
2711
330
2333
100
AcDbEntity
  8
0
 62
     0
100
AcDbLine
 10
385.7475743992254
 20
-482.3107091998681
 30
0.0
 11
385.7475743992254
 21
-477.2545920005068
 31
0.0
1001
AcDbBlockRepETag
1070
     1
1071
     1012
1005
2711
  0
LINE
  5
2712
330
2333
100
AcDbEntity
  8
0
 62
     0
100
AcDbLine
 10
386.452328399755
 20
-483.5026404000818
 30
0.0
 11
385.7475743992254
 21
-484.1607924001291
 31
0.0
1001
AcDbBlockRepETag
1070
     1
1071
     1013
1005
2712
  0
LINE
  5
2713
330
2333
100
AcDbEntity
  8
0
 62
     0
100
AcDbLine
 10
385.7475743992254
 20
-484.1607924001291
 30
0.0
 11
383.8217939995229
 21
-484.6417811997234
 31
0.0
1001
AcDbBlockRepETag
1070
     1
1071
     1014
1005
2713
  0
LINE
  5
2714
330
2333
100
AcDbEntity
  8
0
 62
     0
100
AcDbLine
 10
383.8217939995229
 20
-484.6417811997234
 30
0.0
 11
381.190481999889
 21
-484.8189336005598
 31
0.0
1001
AcDbBlockRepETag
1070
     1
1071
     1015
1005
2714
  0
LINE
  5
2715
330
2333
100
AcDbEntity
  8
0
 62
     0
100
AcDbLine
 10
376.6341563994065
 20
-477.2545920005068
 30
0.0
 11
376.6341563994065
 21
-482.3107091998681
 31
0.0
1001
AcDbBlockRepETag
1070
     1
1071
     1016
1005
2715
  0
LINE
  5
2716
330
2333
100
AcDbEntity
  8
0
 62
     0
100
AcDbLine
 10
375.9286355990917
 20
-476.9255160000175
 30
0.0
 11
376.6341563994065
 21
-477.2545920005068
 31
0.0
1001
AcDbBlockRepETag
1070
     1
1071
     1017
1005
2716
  0
LINE
  5
2717
330
2333
100
AcDbEntity
  8
0
 62
     0
100
AcDbLine
 10
375.9286355990917
 20
-483.5026404000818
 30
0.0
 11
375.9286355990917
 21
-476.9255160000175
 31
0.0
1001
AcDbBlockRepETag
1070
     1
1071
     1018
1005
2717
  0
LINE
  5
2718
330
2333
100
AcDbEntity
  8
0
 62
     0
100
AcDbLine
 10
376.6341563994065
 20
-484.1607924001291
 30
0.0
 11
375.9286355990917
 21
-483.5026404000818
 31
0.0
1001
AcDbBlockRepETag
1070
     1
1071
     1019
1005
2718
  0
LINE
  5
2719
330
2333
100
AcDbEntity
  8
0
 62
     0
100
AcDbLine
 10
378.5599475996569
 20
-484.6417811997234
 30
0.0
 11
376.6341563994065
 21
-484.1607924001291
 31
0.0
1001
AcDbBlockRepETag
1070
     1
1071
     1020
1005
2719
  0
LINE
  5
271A
330
2333
100
AcDbEntity
  8
0
 62
     0
100
AcDbLine
 10
381.190481999889
 20
-484.8189336005598
 30
0.0
 11
378.5599475996569
 21
-484.6417811997234
 31
0.0
1001
AcDbBlockRepETag
1070
     1
1071
     1021
1005
271A
  0
LINE
  5
271B
330
2333
100
AcDbEntity
  8
0
 62
     0
100
AcDbLine
 10
-1547.629380201921
 20
-37.75786919996608
 30
0.0
 11
-993.5752963991836
 21
-37.75786919996608
 31
0.0
1001
AcDbBlockRepETag
1070
     1
1071
     1024
1005
271B
  0
LINE
  5
271C
330
2333
100
AcDbEntity
  8
0
 62
     0
100
AcDbLine
 10
-1538.360798601992
 20
173.2133699998958
 30
0.0
 11
-1538.360798601061
 21
-37.75786919996608
 31
0.0
1001
AcDbBlockRepETag
1070
     1
1071
     1025
1005
271C
  0
LINE
  5
271D
330
2333
100
AcDbEntity
  8
0
 62
     0
100
AcDbLine
 10
-993.5752964001149
 20
-449.2211723999353
 30
0.0
 11
-993.5752964001149
 21
173.1057371998904
 31
0.0
1001
AcDbBlockRepETag
1070
     1
1071
     1026
1005
271D
  0
LINE
  5
271E
330
2333
100
AcDbEntity
  8
0
 62
     0
100
AcDbLine
 10
-1410.635873962194
 20
170.7004071582341
 30
0.0
 11
-1442.834389981814
 21
162.2890122992685
 31
0.0
1001
AcDbBlockRepETag
1070
     1
1071
     1027
1005
271E
  0
LINE
  5
271F
330
2333
100
AcDbEntity
  8
0
 62
     0
100
AcDbLine
 10
-1481.504020665772
 20
135.9619039610261
 30
0.0
 11
-1455.132529419847
 21
156.2606486965669
 31
0.0
1001
AcDbBlockRepETag
1070
     1
1071
     1028
1005
271F
  0
LINE
  5
2720
330
2333
100
AcDbEntity
  8
0
 62
     0
100
AcDbLine
 10
-1446.069942465052
 20
153.331157936831
 30
0.0
 11
-1448.983445153572
 21
159.2748376288218
 31
0.0
1001
AcDbBlockRepETag
1070
     1
1071
     1029
1005
2720
  0
LINE
  5
2721
330
2333
100
AcDbEntity
  8
0
 62
     0
100
AcDbLine
 10
-1410.077061918564
 20
162.7336098122177
 30
0.0
 11
-1446.069942465052
 21
153.331157936831
 31
0.0
1001
AcDbBlockRepETag
1070
     1
1071
     1030
1005
2721
  0
LINE
  5
2722
330
2333
100
AcDbEntity
  8
0
 62
     0
100
AcDbLine
 10
-1410.635873962194
 20
170.7004071582341
 30
0.0
 11
-1410.077061918564
 21
162.7336098122177
 31
0.0
1001
AcDbBlockRepETag
1070
     1
1071
     1031
1005
2722
  0
LINE
  5
2723
330
2333
100
AcDbEntity
  8
0
 62
     0
100
AcDbLine
 10
-1370.557829201221
 20
164.9445454588858
 30
0.0
 11
-1410.635873962194
 21
170.7004071582341
 31
0.0
1001
AcDbBlockRepETag
1070
     1
1071
     1032
1005
2723
  0
LINE
  5
2724
330
2333
100
AcDbEntity
  8
0
 62
     0
100
AcDbLine
 10
-1446.069942465052
 20
153.331157936831
 30
0.0
 11
-1436.030733503401
 21
132.8507092118961
 31
0.0
1001
AcDbBlockRepETag
1070
     1
1071
     1033
1005
2724
  0
LINE
  5
2725
330
2333
100
AcDbEntity
  8
0
 62
     0
100
AcDbLine
 10
-1475.549975919537
 20
130.639768811292
 30
0.0
 11
-1446.069942465052
 21
153.331157936831
 31
0.0
1001
AcDbBlockRepETag
1070
     1
1071
     1034
1005
2725
  0
LINE
  5
2726
330
2333
100
AcDbEntity
  8
0
 62
     0
100
AcDbLine
 10
-1481.504020665772
 20
135.9619039610261
 30
0.0
 11
-1475.549975919537
 21
130.639768811292
 31
0.0
1001
AcDbBlockRepETag
1070
     1
1071
     1035
1005
2726
  0
LINE
  5
2727
330
2333
100
AcDbEntity
  8
0
 62
     0
100
AcDbLine
 10
-1501.503657202236
 20
100.7568634570343
 30
0.0
 11
-1481.504020665772
 21
135.9619039610261
 31
0.0
1001
AcDbBlockRepETag
1070
     1
1071
     1036
1005
2727
  0
LINE
  5
2728
330
2333
100
AcDbEntity
  8
0
 62
     0
100
AcDbLine
 10
-1410.077061918564
 20
162.7336098122177
 30
0.0
 11
-1408.482368672266
 21
140.0471482913708
 31
0.0
1001
AcDbBlockRepETag
1070
     1
1071
     1037
1005
2728
  0
LINE
  5
2729
330
2333
100
AcDbEntity
  8
0
 62
     0
100
AcDbLine
 10
-1373.048300170339
 20
157.4163975132396
 30
0.0
 11
-1410.077061918564
 21
162.7336098122177
 31
0.0
1001
AcDbBlockRepETag
1070
     1
1071
     1038
1005
2729
  0
LINE
  5
272A
330
2333
100
AcDbEntity
  8
0
 62
     0
100
AcDbLine
 10
-1370.557829201221
 20
164.9445454588858
 30
0.0
 11
-1373.048300170339
 21
157.4163975132396
 31
0.0
1001
AcDbBlockRepETag
1070
     1
1071
     1039
1005
272A
  0
LINE
  5
272B
330
2333
100
AcDbEntity
  8
0
 62
     0
100
AcDbLine
 10
-1335.46246583946
 20
144.1335318143246
 30
0.0
 11
-1370.557829201221
 21
164.9445454588858
 31
0.0
1001
AcDbBlockRepETag
1070
     1
1071
     1040
1005
272B
  0
LINE
  5
272C
330
2333
100
AcDbEntity
  8
0
 62
     0
100
AcDbLine
 10
-1475.549975919537
 20
130.639768811292
 30
0.0
 11
-1458.593510886654
 21
115.4834175467258
 31
0.0
1001
AcDbBlockRepETag
1070
     1
1071
     1041
1005
272C
  0
LINE
  5
272D
330
2333
100
AcDbEntity
  8
0
 62
     0
100
AcDbLine
 10
-1494.027598784305
 20
98.11415881791617
 30
0.0
 11
-1475.549975919537
 21
130.639768811292
 31
0.0
1001
AcDbBlockRepETag
1070
     1
1071
     1042
1005
272D
  0
LINE
  5
272E
330
2333
100
AcDbEntity
  8
0
 62
     0
100
AcDbLine
 10
-1501.503657202236
 20
100.7568634570343
 30
0.0
 11
-1494.027598784305
 21
98.11415881791617
 31
0.0
1001
AcDbBlockRepETag
1070
     1
1071
     1043
1005
272E
  0
LINE
  5
272F
330
2333
100
AcDbEntity
  8
0
 62
     0
100
AcDbLine
 10
-1506.55194660835
 20
60.26803298143204
 30
0.0
 11
-1501.503657202236
 21
100.7568634570343
 31
0.0
1001
AcDbBlockRepETag
1070
     1
1071
     1044
1005
272F
  0
LINE
  5
2730
330
2333
100
AcDbEntity
  8
0
 62
     0
100
AcDbLine
 10
-1335.46246583946
 20
144.1335318143246
 30
0.0
 11
-1340.624262087047
 21
138.1899456741521
 31
0.0
1001
AcDbBlockRepETag
1070
     1
1071
     1045
1005
2730
  0
LINE
  5
2731
330
2333
100
AcDbEntity
  8
0
 62
     0
100
AcDbLine
 10
-1329.728007425554
 20
136.5636397412745
 30
0.0
 11
-1335.46246583946
 21
144.1335318143246
 31
0.0
1001
AcDbBlockRepETag
1070
     1
1071
     1046
1005
2731
  0
LINE
  5
2732
330
2333
100
AcDbEntity
  8
0
 62
     0
100
AcDbLine
 10
-1305.181915754452
 20
141.8935269465437
 30
0.0
 11
-1335.335546173155
 21
135.3465080881724
 31
0.0
1001
AcDbBlockRepETag
1070
     1
1071
     1047
1005
2732
  0
LINE
  5
2733
330
2333
100
AcDbEntity
  8
0
 62
     0
100
AcDbLine
 10
-1272.700158238411
 20
148.6655460748588
 30
0.0
 11
-1305.181915754452
 21
141.8935269465437
 31
0.0
1001
AcDbBlockRepETag
1070
     1
1071
     1048
1005
2733
  0
LINE
  5
2734
330
2333
100
AcDbEntity
  8
0
 62
     0
100
AcDbLine
 10
-1472.95478232298
 20
43.39284988387953
 30
0.0
 11
-1479.025248257443
 21
40.41719847952481
 31
0.0
1001
AcDbBlockRepETag
1070
     1
1071
     1049
1005
2734
  0
LINE
  5
2735
330
2333
100
AcDbEntity
  8
0
 62
     0
100
AcDbLine
 10
-1479.025248257443
 20
40.41719847952481
 30
0.0
 11
-1483.94412582647
 21
38.0060384295648
 31
0.0
1001
AcDbBlockRepETag
1070
     1
1071
     1050
1005
2735
  0
LINE
  5
2736
330
2333
100
AcDbEntity
  8
0
 62
     0
100
AcDbLine
 10
-1483.94412582647
 20
38.0060384295648
 30
0.0
 11
-1493.074432352558
 21
33.53049903397914
 31
0.0
1001
AcDbBlockRepETag
1070
     1
1071
     1051
1005
2736
  0
LINE
  5
2737
330
2333
100
AcDbEntity
  8
0
 62
     0
100
AcDbLine
 10
-1493.074432352558
 20
33.53049903397914
 30
0.0
 11
-1509.146484447643
 21
25.65222001809161
 31
0.0
1001
AcDbBlockRepETag
1070
     1
1071
     1052
1005
2737
  0
LINE
  5
2738
330
2333
100
AcDbEntity
  8
0
 62
     0
100
AcDbLine
 10
-1506.55194660835
 20
60.26803298143204
 30
0.0
 11
-1498.691135540604
 21
60.70793373754714
 31
0.0
1001
AcDbBlockRepETag
1070
     1
1071
     1053
1005
2738
  0
LINE
  5
2739
330
2333
100
AcDbEntity
  8
0
 62
     0
100
AcDbLine
 10
-1498.614556691609
 20
30.81481312995311
 30
0.0
 11
-1506.55194660835
 21
60.26803298143204
 31
0.0
1001
AcDbBlockRepETag
1070
     1
1071
     1054
1005
2739
  0
LINE
  5
273A
330
2333
100
AcDbEntity
  8
0
 62
     0
100
AcDbLine
 10
-1509.146484447643
 20
25.65222001809161
 30
0.0
 11
-1525.39370404277
 21
17.68807651882525
 31
0.0
1001
AcDbBlockRepETag
1070
     1
1071
     1055
1005
273A
  0
LINE
  5
273B
330
2333
100
AcDbEntity
  8
0
 62
     0
100
AcDbLine
 10
-1525.39370404277
 20
17.68807651882525
 30
0.0
 11
-1538.929604596458
 21
11.05298097140621
 31
0.0
1001
AcDbBlockRepETag
1070
     1
1071
     1056
1005
273B
  0
LINE
  5
273C
330
2333
100
AcDbEntity
  8
0
 62
     0
100
AcDbLine
 10
-1538.929604596458
 20
11.05298097140621
 30
0.0
 11
-1547.87334895879
 21
6.668891551787964
 31
0.0
1001
AcDbBlockRepETag
1070
     1
1071
     1057
1005
273C
  0
LINE
  5
273D
330
2333
100
AcDbEntity
  8
0
 62
     0
100
AcDbLine
 10
-1547.87334895879
 20
6.668891551787964
 30
0.0
 11
-1551.684219115414
 21
4.800860126386396
 31
0.0
1001
AcDbBlockRepETag
1070
     1
1071
     1058
1005
273D
  0
LINE
  5
273E
330
2333
100
AcDbEntity
  8
0
 62
     0
100
AcDbLine
 10
-1551.684219115414
 20
4.800860126386396
 30
0.0
 11
-1543.113833293318
 21
-12.68312173371669
 31
0.0
1001
AcDbBlockRepETag
1070
     1
1071
     1059
1005
273E
  0
LINE
  5
273F
330
2333
100
AcDbEntity
  8
0
 62
     0
100
AcDbLine
 10
-1413.746828222647
 20
68.18250393832568
 30
0.0
 11
-1407.046237416565
 21
54.51299004082102
 31
0.0
1001
AcDbBlockRepETag
1070
     1
1071
     1060
1005
273F
  0
LINE
  5
2740
330
2333
100
AcDbEntity
  8
0
 62
     0
100
AcDbLine
 10
-1400.349186155945
 20
74.74982724816072
 30
0.0
 11
-1413.746828222647
 21
68.18250393832568
 31
0.0
1001
AcDbBlockRepETag
1070
     1
1071
     1061
1005
2740
  0
LINE
  5
2741
330
2333
100
AcDbEntity
  8
0
 62
     0
100
AcDbLine
 10
-1393.648595349863
 20
61.08031335065607
 30
0.0
 11
-1400.349186155945
 21
74.74982724816072
 31
0.0
1001
AcDbBlockRepETag
1070
     1
1071
     1062
1005
2741
  0
LINE
  5
2742
330
2333
100
AcDbEntity
  8
0
 62
     0
100
AcDbLine
 10
-1407.046237416565
 20
54.51299004082102
 30
0.0
 11
-1393.648595349863
 21
61.08031335065607
 31
0.0
1001
AcDbBlockRepETag
1070
     1
1071
     1063
1005
2742
  0
LINE
  5
2743
330
2333
100
AcDbEntity
  8
0
 62
     0
100
AcDbLine
 10
-1543.113833293318
 20
-12.68312173371669
 30
0.0
 11
-1464.498992877081
 21
25.85269459814299
 31
0.0
1001
AcDbBlockRepETag
1070
     1
1071
     1064
1005
2743
  0
LINE
  5
2744
330
2333
100
AcDbEntity
  8
0
 62
     0
100
AcDbLine
 10
-1263.432766060345
 20
123.3785611445783
 30
0.0
 11
-1259.878003835678
 21
121.2425767547683
 31
0.0
1001
AcDbBlockRepETag
1070
     1
1071
     1065
1005
2744
  0
LINE
  5
2745
330
2333
100
AcDbEntity
  8
0
 62
     0
100
AcDbLine
 10
-1268.019387086853
 20
129.9654577200999
 30
0.0
 11
-1263.432766060345
 21
123.3785611445783
 31
0.0
1001
AcDbBlockRepETag
1070
     1
1071
     1066
1005
2745
  0
LINE
  5
2746
330
2333
100
AcDbEntity
  8
0
 62
     0
100
AcDbLine
 10
-1272.001675796695
 20
138.4297911011381
 30
0.0
 11
-1268.019387086853
 21
129.9654577200999
 31
0.0
1001
AcDbBlockRepETag
1070
     1
1071
     1067
1005
2746
  0
LINE
  5
2747
330
2333
100
AcDbEntity
  8
0
 62
     0
100
AcDbLine
 10
-1273.846433098428
 20
145.5454442211194
 30
0.0
 11
-1272.001675796695
 21
138.4297911011381
 31
0.0
1001
AcDbBlockRepETag
1070
     1
1071
     1068
1005
2747
  0
LINE
  5
2748
330
2333
100
AcDbEntity
  8
0
 62
     0
100
AcDbLine
 10
-1272.700158238411
 20
148.6655460748588
 30
0.0
 11
-1273.846433098428
 21
145.5454442211194
 31
0.0
1001
AcDbBlockRepETag
1070
     1
1071
     1069
1005
2748
  0
LINE
  5
2749
330
2333
100
AcDbEntity
  8
0
 62
     0
100
AcDbLine
 10
-1268.826201273128
 20
146.6883114314405
 30
0.0
 11
-1272.700158238411
 21
148.6655460748588
 31
0.0
1001
AcDbBlockRepETag
1070
     1
1071
     1070
1005
2749
  0
LINE
  5
274A
330
2333
100
AcDbEntity
  8
0
 62
     0
100
AcDbLine
 10
-1263.837096381932
 20
140.2987184413941
 30
0.0
 11
-1268.826201273128
 21
146.6883114314405
 31
0.0
1001
AcDbBlockRepETag
1070
     1
1071
     1071
1005
274A
  0
LINE
  5
274B
330
2333
100
AcDbEntity
  8
0
 62
     0
100
AcDbLine
 10
-1259.913626191206
 20
131.8058297416428
 30
0.0
 11
-1263.837096381932
 21
140.2987184413941
 31
0.0
1001
AcDbBlockRepETag
1070
     1
1071
     1072
1005
274B
  0
LINE
  5
274C
330
2333
100
AcDbEntity
  8
0
 62
     0
100
AcDbLine
 10
-1258.511151459068
 20
124.4733883639564
 30
0.0
 11
-1259.913626191206
 21
131.8058297416428
 31
0.0
1001
AcDbBlockRepETag
1070
     1
1071
     1073
1005
274C
  0
LINE
  5
274D
330
2333
100
AcDbEntity
  8
0
 62
     0
100
AcDbLine
 10
-1259.878003835678
 20
121.2425767547683
 30
0.0
 11
-1258.511151459068
 21
124.4733883639564
 31
0.0
1001
AcDbBlockRepETag
1070
     1
1071
     1074
1005
274D
  0
LINE
  5
274E
330
2333
100
AcDbEntity
  8
0
 62
     0
100
AcDbLine
 10
-1285.656642528251
 20
99.45880895096344
 30
0.0
 11
-1259.878003835678
 21
121.2425767547683
 31
0.0
1001
AcDbBlockRepETag
1070
     1
1071
     1075
1005
274E
  0
LINE
  5
274F
330
2333
100
AcDbEntity
  8
0
 62
     0
100
AcDbLine
 10
-1308.635988600552
 20
80.33907539013307
 30
0.0
 11
-1285.656642528251
 21
99.45880895096344
 31
0.0
1001
AcDbBlockRepETag
1070
     1
1071
     1076
1005
274F
  0
LINE
  5
2750
330
2333
100
AcDbEntity
  8
0
 62
     0
100
AcDbLine
 10
-1300.016515932977
 20
71.82216123573017
 30
0.0
 11
-1303.470137868076
 21
84.63776335341391
 31
0.0
1001
AcDbBlockRepETag
1070
     1
1071
     1077
1005
2750
  0
LINE
  5
2751
330
2333
100
AcDbEntity
  8
0
 62
     0
100
AcDbLine
 10
-1471.105996701866
 20
-12.04333759716246
 30
0.0
 11
-1490.250613084994
 21
13.22963639034424
 31
0.0
1001
AcDbBlockRepETag
1070
     1
1071
     1078
1005
2751
  0
LINE
  5
2752
330
2333
100
AcDbEntity
  8
0
 62
     0
100
AcDbLine
 10
-1347.806590860709
 20
31.50322868081275
 30
0.0
 11
-1364.750470932573
 21
12.84742575779091
 31
0.0
1001
AcDbBlockRepETag
1070
     1
1071
     1079
1005
2752
  0
LINE
  5
2753
330
2333
100
AcDbEntity
  8
0
 62
     0
100
AcDbLine
 10
-1339.310809948482
 20
55.41971609171014
 30
0.0
 11
-1347.806590860709
 21
31.50322868081275
 31
0.0
1001
AcDbBlockRepETag
1070
     1
1071
     1080
1005
2753
  0
LINE
  5
2754
330
2333
100
AcDbEntity
  8
0
 62
     0
100
AcDbLine
 10
-1340.552836694755
 20
80.95226172206457
 30
0.0
 11
-1339.310809948482
 21
55.41971609171014
 31
0.0
1001
AcDbBlockRepETag
1070
     1
1071
     1081
1005
2754
  0
LINE
  5
2755
330
2333
100
AcDbEntity
  8
0
 62
     0
100
AcDbLine
 10
-1351.345594889484
 20
104.2160057978471
 30
0.0
 11
-1340.552836694755
 21
80.95226172206457
 31
0.0
1001
AcDbBlockRepETag
1070
     1
1071
     1082
1005
2755
  0
LINE
  5
2756
330
2333
100
AcDbEntity
  8
0
 62
     0
100
AcDbLine
 10
-1370.045280558057
 20
121.6682330284966
 30
0.0
 11
-1351.345594889484
 21
104.2160057978471
 31
0.0
1001
AcDbBlockRepETag
1070
     1
1071
     1083
1005
2756
  0
LINE
  5
2757
330
2333
100
AcDbEntity
  8
0
 62
     0
100
AcDbLine
 10
-1393.805884727277
 20
130.6514854495181
 30
0.0
 11
-1370.045280558057
 21
121.6682330284966
 31
0.0
1001
AcDbBlockRepETag
1070
     1
1071
     1084
1005
2757
  0
LINE
  5
2758
330
2333
100
AcDbEntity
  8
0
 62
     0
100
AcDbLine
 10
-1419.009043893777
 20
129.8010817532194
 30
0.0
 11
-1393.805884727277
 21
130.6514854495181
 31
0.0
1001
AcDbBlockRepETag
1070
     1
1071
     1085
1005
2758
  0
LINE
  5
2759
330
2333
100
AcDbEntity
  8
0
 62
     0
100
AcDbLine
 10
-1441.818081545643
 20
119.2430010103853
 30
0.0
 11
-1419.009043893777
 21
129.8010817532194
 31
0.0
1001
AcDbBlockRepETag
1070
     1
1071
     1086
1005
2759
  0
LINE
  5
275A
330
2333
100
AcDbEntity
  8
0
 62
     0
100
AcDbLine
 10
-1458.760911619291
 20
100.5874361427268
 30
0.0
 11
-1441.818081545643
 21
119.2430010103853
 31
0.0
1001
AcDbBlockRepETag
1070
     1
1071
     1087
1005
275A
  0
LINE
  5
275B
330
2333
100
AcDbEntity
  8
0
 62
     0
100
AcDbLine
 10
-1467.256787221879
 20
76.67119098117109
 30
0.0
 11
-1458.760911619291
 21
100.5874361427268
 31
0.0
1001
AcDbBlockRepETag
1070
     1
1071
     1088
1005
275B
  0
LINE
  5
275C
330
2333
100
AcDbEntity
  8
0
 62
     0
100
AcDbLine
 10
-1466.014646390453
 20
51.13841260957997
 30
0.0
 11
-1467.256787221879
 21
76.67119098117109
 31
0.0
1001
AcDbBlockRepETag
1070
     1
1071
     1089
1005
275C
  0
LINE
  5
275D
330
2333
100
AcDbEntity
  8
0
 62
     0
100
AcDbLine
 10
-1455.221917287446
 20
27.87465427361894
 30
0.0
 11
-1466.014646390453
 21
51.13841260957997
 31
0.0
1001
AcDbBlockRepETag
1070
     1
1071
     1090
1005
275D
  0
LINE
  5
275E
330
2333
100
AcDbEntity
  8
0
 62
     0
100
AcDbLine
 10
-1436.522331256419
 20
10.42265483911615
 30
0.0
 11
-1455.221917287446
 21
27.87465427361894
 31
0.0
1001
AcDbBlockRepETag
1070
     1
1071
     1091
1005
275E
  0
LINE
  5
275F
330
2333
100
AcDbEntity
  8
0
 62
     0
100
AcDbLine
 10
-1412.762667750939
 20
1.438941318891011
 30
0.0
 11
-1436.522331256419
 21
10.42265483911615
 31
0.0
1001
AcDbBlockRepETag
1070
     1
1071
     1092
1005
275F
  0
LINE
  5
2760
330
2333
100
AcDbEntity
  8
0
 62
     0
100
AcDbLine
 10
-1387.558453832753
 20
2.289573373156599
 30
0.0
 11
-1412.762667750939
 21
1.438941318891011
 31
0.0
1001
AcDbBlockRepETag
1070
     1
1071
     1093
1005
2760
  0
LINE
  5
2761
330
2333
100
AcDbEntity
  8
0
 62
     0
100
AcDbLine
 10
-1364.750470932573
 20
12.84742575779091
 30
0.0
 11
-1387.558453832753
 21
2.289573373156599
 31
0.0
1001
AcDbBlockRepETag
1070
     1
1071
     1094
1005
2761
  0
LINE
  5
2762
330
2333
100
AcDbEntity
  8
0
 62
     0
100
AcDbLine
 10
-1300.016515932977
 20
71.82216123573017
 30
0.0
 11
-1307.876362184994
 21
71.38272138859611
 31
0.0
1001
AcDbBlockRepETag
1070
     1
1071
     1095
1005
2762
  0
LINE
  5
2763
330
2333
100
AcDbEntity
  8
0
 62
     0
100
AcDbLine
 10
-1305.063840524293
 20
31.33379166910891
 30
0.0
 11
-1300.016515932977
 21
71.82216123573017
 31
0.0
1001
AcDbBlockRepETag
1070
     1
1071
     1096
1005
2763
  0
LINE
  5
2764
330
2333
100
AcDbEntity
  8
0
 62
     0
100
AcDbLine
 10
-1471.105996701866
 20
-12.04333759716246
 30
0.0
 11
-1465.943235638551
 21
-6.099290548008866
 31
0.0
1001
AcDbBlockRepETag
1070
     1
1071
     1097
1005
2764
  0
LINE
  5
2765
330
2333
100
AcDbEntity
  8
0
 62
     0
100
AcDbLine
 10
-1436.00966852624
 20
-32.8538903327426
 30
0.0
 11
-1471.105996701866
 21
-12.04333759716246
 31
0.0
1001
AcDbBlockRepETag
1070
     1
1071
     1098
1005
2765
  0
LINE
  5
2766
330
2333
100
AcDbEntity
  8
0
 62
     0
100
AcDbLine
 10
-1331.017640646547
 20
1.451128754648379
 30
0.0
 11
-1347.974095982499
 21
16.60748477268498
 31
0.0
1001
AcDbBlockRepETag
1070
     1
1071
     1099
1005
2766
  0
LINE
  5
2767
330
2333
100
AcDbEntity
  8
0
 62
     0
100
AcDbLine
 10
-1312.540027480572
 20
33.9767339945538
 30
0.0
 11
-1331.017640646547
 21
1.451128754648379
 31
0.0
1001
AcDbBlockRepETag
1070
     1
1071
     1100
1005
2767
  0
LINE
  5
2768
330
2333
100
AcDbEntity
  8
0
 62
     0
100
AcDbLine
 10
-1305.063840524293
 20
31.33379166910891
 30
0.0
 11
-1312.540027480572
 21
33.9767339945538
 31
0.0
1001
AcDbBlockRepETag
1070
     1
1071
     1101
1005
2768
  0
LINE
  5
2769
330
2333
100
AcDbEntity
  8
0
 62
     0
100
AcDbLine
 10
-1325.063472115435
 20
-3.871234384016133
 30
0.0
 11
-1305.063840524293
 21
31.33379166910891
 31
0.0
1001
AcDbBlockRepETag
1070
     1
1071
     1102
1005
2769
  0
LINE
  5
276A
330
2333
100
AcDbEntity
  8
0
 62
     0
100
AcDbLine
 10
-1396.491495313123
 20
-30.64317334687803
 30
0.0
 11
-1398.085238196887
 21
-7.956245971960015
 31
0.0
1001
AcDbBlockRepETag
1070
     1
1071
     1103
1005
276A
  0
LINE
  5
276B
330
2333
100
AcDbEntity
  8
0
 62
     0
100
AcDbLine
 10
-1433.519326094538
 20
-25.32550470076967
 30
0.0
 11
-1396.491495313123
 21
-30.64317334687803
 31
0.0
1001
AcDbBlockRepETag
1070
     1
1071
     1104
1005
276B
  0
LINE
  5
276C
330
2333
100
AcDbEntity
  8
0
 62
     0
100
AcDbLine
 10
-1436.00966852624
 20
-32.8538903327426
 30
0.0
 11
-1433.519326094538
 21
-25.32550470076967
 31
0.0
1001
AcDbBlockRepETag
1070
     1
1071
     1105
1005
276C
  0
LINE
  5
276D
330
2333
100
AcDbEntity
  8
0
 62
     0
100
AcDbLine
 10
-1395.931618819013
 20
-38.60973758122418
 30
0.0
 11
-1436.00966852624
 21
-32.8538903327426
 31
0.0
1001
AcDbBlockRepETag
1070
     1
1071
     1106
1005
276D
  0
LINE
  5
276E
330
2333
100
AcDbEntity
  8
0
 62
     0
100
AcDbLine
 10
-1360.497540618293
 20
-21.24048360541928
 30
0.0
 11
-1370.536744826473
 21
-0.7600445778807626
 31
0.0
1001
AcDbBlockRepETag
1070
     1
1071
     1107
1005
276E
  0
LINE
  5
276F
330
2333
100
AcDbEntity
  8
0
 62
     0
100
AcDbLine
 10
-1331.017640646547
 20
1.451128754648379
 30
0.0
 11
-1360.497540618293
 21
-21.24048360541928
 31
0.0
1001
AcDbBlockRepETag
1070
     1
1071
     1108
1005
276F
  0
LINE
  5
2770
330
2333
100
AcDbEntity
  8
0
 62
     0
100
AcDbLine
 10
-1325.063472115435
 20
-3.871234384016133
 30
0.0
 11
-1331.017640646547
 21
1.451128754648379
 31
0.0
1001
AcDbBlockRepETag
1070
     1
1071
     1109
1005
2770
  0
LINE
  5
2771
330
2333
100
AcDbEntity
  8
0
 62
     0
100
AcDbLine
 10
-1356.972257649526
 20
-28.43222324887756
 30
0.0
 11
-1325.063472115435
 21
-3.871234384016133
 31
0.0
1001
AcDbBlockRepETag
1070
     1
1071
     1110
1005
2771
  0
LINE
  5
2772
330
2333
100
AcDbEntity
  8
0
 62
     0
100
AcDbLine
 10
-1360.497540618293
 20
-21.24048360541928
 30
0.0
 11
-1356.972257649526
 21
-28.43222324887756
 31
0.0
1001
AcDbBlockRepETag
1070
     1
1071
     1111
1005
2772
  0
LINE
  5
2773
330
2333
100
AcDbEntity
  8
0
 62
     0
100
AcDbLine
 10
-1396.491495313123
 20
-30.64317334687803
 30
0.0
 11
-1360.497540618293
 21
-21.24048360541928
 31
0.0
1001
AcDbBlockRepETag
1070
     1
1071
     1112
1005
2773
  0
LINE
  5
2774
330
2333
100
AcDbEntity
  8
0
 62
     0
100
AcDbLine
 10
-1395.931618819013
 20
-38.60973758122418
 30
0.0
 11
-1396.491495313123
 21
-30.64317334687803
 31
0.0
1001
AcDbBlockRepETag
1070
     1
1071
     1113
1005
2774
  0
LINE
  5
2775
330
2333
100
AcDbEntity
  8
0
 62
     0
100
AcDbLine
 10
-1356.972257649526
 20
-28.43222324887756
 30
0.0
 11
-1395.931618819013
 21
-38.60973758122418
 31
0.0
1001
AcDbBlockRepETag
1070
     1
1071
     1114
1005
2775
  0
ARC
  5
2776
330
2333
100
AcDbEntity
  8
0
 62
     0
100
AcDbCircle
 10
22.51763166580349
 20
66.7618534816429
 30
0.0
 40
66.39657750520368
100
AcDbArc
 50
67.94208106900814
 51
161.4613595445784
1001
AcDbBlockRepETag
1070
     1
1071
     1116
1005
2776
  0
LINE
  5
2777
330
2333
100
AcDbEntity
  8
0
 62
     0
100
AcDbLine
 10
1606.424703599885
 20
-445.3325243992731
 30
0.0
 11
1606.424703599885
 21
173.1057372000068
 31
0.0
1001
AcDbBlockRepETag
1070
     1
1071
     1117
1005
2777
  0
LINE
  5
2778
330
2333
100
AcDbEntity
  8
0
 62
     0
100
AcDbLine
 10
1606.424703599885
 20
173.1057372000068
 30
0.0
 11
-1589.716710201465
 21
173.105737199774
 31
0.0
1001
AcDbBlockRepETag
1070
     1
1071
     1118
1005
2778
  0
LINE
  5
2779
330
2333
100
AcDbEntity
  8
0
 62
     0
100
AcDbLine
 10
827.2589079998434
 20
-394.1969111990184
 30
0.0
 11
827.2589079998434
 21
125.5330547997728
 31
0.0
1001
AcDbBlockRepETag
1070
     1
1071
     1119
1005
2779
  0
LINE
  5
277A
330
2333
100
AcDbEntity
  8
0
 62
     0
100
AcDbLine
 10
894.5008747996762
 20
-218.7856007991359
 30
0.0
 11
893.1971960002556
 21
-22.62222000025213
 31
0.0
1001
AcDbBlockRepETag
1070
     1
1071
     1120
1005
277A
  0
LINE
  5
277B
330
2333
100
AcDbEntity
  8
0
 62
     0
100
AcDbLine
 10
909.6640747999773
 20
-46.84089600015432
 30
0.0
 11
909.1926007997244
 21
-39.7745423996821
 31
0.0
1001
AcDbBlockRepETag
1070
     1
1071
     1121
1005
277B
  0
LINE
  5
277C
330
2333
100
AcDbEntity
  8
0
 62
     0
100
AcDbLine
 10
909.6640747999773
 20
-202.8818555995822
 30
0.0
 11
909.6640747999773
 21
-46.84089600015432
 31
0.0
1001
AcDbBlockRepETag
1070
     1
1071
     1122
1005
277C
  0
LINE
  5
277D
330
2333
100
AcDbEntity
  8
0
 62
     0
100
AcDbLine
 10
909.1926007997244
 20
-39.7745423996821
 30
0.0
 11
920.1445135995745
 21
0.2804112005978823
 31
0.0
1001
AcDbBlockRepETag
1070
     1
1071
     1123
1005
277D
  0
LINE
  5
277E
330
2333
100
AcDbEntity
  8
0
 62
     0
100
AcDbLine
 10
893.1971960002556
 20
-22.62222000025213
 30
0.0
 11
909.1926007997244
 21
-39.7745423996821
 31
0.0
1001
AcDbBlockRepETag
1070
     1
1071
     1124
1005
277E
  0
LINE
  5
277F
330
2333
100
AcDbEntity
  8
0
 62
     0
100
AcDbLine
 10
901.3563475999982
 20
7.24866840057075
 30
0.0
 11
893.1971960002556
 21
-22.62222000025213
 31
0.0
1001
AcDbBlockRepETag
1070
     1
1071
     1125
1005
277F
  0
LINE
  5
2780
330
2333
100
AcDbEntity
  8
0
 62
     0
100
AcDbLine
 10
919.9019563999026
 20
31.34193480014801
 30
0.0
 11
901.3563475999982
 21
7.24866840057075
 31
0.0
1001
AcDbBlockRepETag
1070
     1
1071
     1126
1005
2780
  0
LINE
  5
2781
330
2333
100
AcDbEntity
  8
0
 62
     0
100
AcDbLine
 10
945.9377539996058
 20
45.82715400028973
 30
0.0
 11
919.9019563999026
 21
31.34193480014801
 31
0.0
1001
AcDbBlockRepETag
1070
     1
1071
     1127
1005
2781
  0
LINE
  5
2782
330
2333
100
AcDbEntity
  8
0
 62
     0
100
AcDbLine
 10
975.9299155995249
 20
48.31606800016015
 30
0.0
 11
945.9377539996058
 21
45.82715400028973
 31
0.0
1001
AcDbBlockRepETag
1070
     1
1071
     1128
1005
2782
  0
LINE
  5
2783
330
2333
100
AcDbEntity
  8
0
 62
     0
100
AcDbLine
 10
1014.854217199609
 20
47.08011600002646
 30
0.0
 11
975.9299155995249
 21
48.31606800016015
 31
0.0
1001
AcDbBlockRepETag
1070
     1
1071
     1129
1005
2783
  0
LINE
  5
2784
330
2333
100
AcDbEntity
  8
0
 62
     0
100
AcDbLine
 10
1049.106320000253
 20
66.40617599990219
 30
0.0
 11
1081.033798400312
 21
66.40617599990219
 31
0.0
1001
AcDbBlockRepETag
1070
     1
1071
     1130
1005
2784
  0
LINE
  5
2785
330
2333
100
AcDbEntity
  8
0
 62
     0
100
AcDbLine
 10
1049.106320000253
 20
62.08829279989004
 30
0.0
 11
1083.381610400043
 21
62.12305800057947
 31
0.0
1001
AcDbBlockRepETag
1070
     1
1071
     1131
1005
2785
  0
LINE
  5
2786
330
2333
100
AcDbEntity
  8
0
 62
     0
100
AcDbLine
 10
1081.033798400312
 20
66.40617599990219
 30
0.0
 11
1105.817919200286
 21
64.29989519994705
 31
0.0
1001
AcDbBlockRepETag
1070
     1
1071
     1132
1005
2786
  0
LINE
  5
2787
330
2333
100
AcDbEntity
  8
0
 62
     0
100
AcDbLine
 10
1083.381610400043
 20
62.12305800057947
 30
0.0
 11
1098.859198399819
 21
60.02526600006968
 31
0.0
1001
AcDbBlockRepETag
1070
     1
1071
     1133
1005
2787
  0
LINE
  5
2788
330
2333
100
AcDbEntity
  8
0
 62
     0
100
AcDbLine
 10
1098.859198399819
 20
60.02526600006968
 30
0.0
 11
1113.694348400459
 21
54.90065519977361
 31
0.0
1001
AcDbBlockRepETag
1070
     1
1071
     1134
1005
2788
  0
LINE
  5
2789
330
2333
100
AcDbEntity
  8
0
 62
     0
100
AcDbLine
 10
1105.817919200286
 20
64.29989519994705
 30
0.0
 11
1129.069714399986
 21
54.9606600003317
 31
0.0
1001
AcDbBlockRepETag
1070
     1
1071
     1135
1005
2789
  0
LINE
  5
278A
330
2333
100
AcDbEntity
  8
0
 62
     0
100
AcDbLine
 10
1112.027854399755
 20
-125.7936263997107
 30
0.0
 11
1112.781024799682
 21
-131.8549859998747
 31
0.0
1001
AcDbBlockRepETag
1070
     1
1071
     1136
1005
278A
  0
LINE
  5
278B
330
2333
100
AcDbEntity
  8
0
 62
     0
100
AcDbLine
 10
1109.821662800386
 20
-120.144762000069
 30
0.0
 11
1112.027854399755
 21
-125.7936263997107
 31
0.0
1001
AcDbBlockRepETag
1070
     1
1071
     1137
1005
278B
  0
LINE
  5
278C
330
2333
100
AcDbEntity
  8
0
 62
     0
100
AcDbLine
 10
1106.311533199623
 20
-115.2943847998976
 30
0.0
 11
1109.821662800386
 21
-120.144762000069
 31
0.0
1001
AcDbBlockRepETag
1070
     1
1071
     1138
1005
278C
  0
LINE
  5
278D
330
2333
100
AcDbEntity
  8
0
 62
     0
100
AcDbLine
 10
1101.736415600404
 20
-111.5723375994712
 30
0.0
 11
1106.311533199623
 21
-115.2943847998976
 31
0.0
1001
AcDbBlockRepETag
1070
     1
1071
     1139
1005
278D
  0
LINE
  5
278E
330
2333
100
AcDbEntity
  8
0
 62
     0
100
AcDbLine
 10
1096.40916439984
 20
-109.2319883992895
 30
0.0
 11
1101.736415600404
 21
-111.5723375994712
 31
0.0
1001
AcDbBlockRepETag
1070
     1
1071
     1140
1005
278E
  0
LINE
  5
278F
330
2333
100
AcDbEntity
  8
0
 62
     0
100
AcDbLine
 10
1090.691547200083
 20
-108.4345379993319
 30
0.0
 11
1096.40916439984
 21
-109.2319883992895
 31
0.0
1001
AcDbBlockRepETag
1070
     1
1071
     1141
1005
278F
  0
LINE
  5
2790
330
2333
100
AcDbEntity
  8
0
 62
     0
100
AcDbLine
 10
1084.974200000055
 20
-109.2319883992895
 30
0.0
 11
1090.691547200083
 21
-108.4345379993319
 31
0.0
1001
AcDbBlockRepETag
1070
     1
1071
     1142
1005
2790
  0
LINE
  5
2791
330
2333
100
AcDbEntity
  8
0
 62
     0
100
AcDbLine
 10
1079.646948800422
 20
-111.5723375994712
 30
0.0
 11
1084.974200000055
 21
-109.2319883992895
 31
0.0
1001
AcDbBlockRepETag
1070
     1
1071
     1143
1005
2791
  0
LINE
  5
2792
330
2333
100
AcDbEntity
  8
0
 62
     0
100
AcDbLine
 10
1075.072857200168
 20
-115.2943847998976
 30
0.0
 11
1079.646948800422
 21
-111.5723375994712
 31
0.0
1001
AcDbBlockRepETag
1070
     1
1071
     1144
1005
2792
  0
LINE
  5
2793
330
2333
100
AcDbEntity
  8
0
 62
     0
100
AcDbLine
 10
1071.561690799892
 20
-120.144762000069
 30
0.0
 11
1075.072857200168
 21
-115.2943847998976
 31
0.0
1001
AcDbBlockRepETag
1070
     1
1071
     1145
1005
2793
  0
LINE
  5
2794
330
2333
100
AcDbEntity
  8
0
 62
     0
100
AcDbLine
 10
1069.355240000412
 20
-125.7936263997107
 30
0.0
 11
1071.561690799892
 21
-120.144762000069
 31
0.0
1001
AcDbBlockRepETag
1070
     1
1071
     1146
1005
2794
  0
LINE
  5
2795
330
2333
100
AcDbEntity
  8
0
 62
     0
100
AcDbLine
 10
1068.602339600213
 20
-131.8549859998747
 30
0.0
 11
1069.355240000412
 21
-125.7936263997107
 31
0.0
1001
AcDbBlockRepETag
1070
     1
1071
     1147
1005
2795
  0
LINE
  5
2796
330
2333
100
AcDbEntity
  8
0
 62
     0
100
AcDbLine
 10
1069.355240000412
 20
-137.9173823995516
 30
0.0
 11
1068.602339600213
 21
-131.8549859998747
 31
0.0
1001
AcDbBlockRepETag
1070
     1
1071
     1148
1005
2796
  0
LINE
  5
2797
330
2333
100
AcDbEntity
  8
0
 62
     0
100
AcDbLine
 10
1071.561690799892
 20
-143.5662468001246
 30
0.0
 11
1069.355240000412
 21
-137.9173823995516
 31
0.0
1001
AcDbBlockRepETag
1070
     1
1071
     1149
1005
2797
  0
LINE
  5
2798
330
2333
100
AcDbEntity
  8
0
 62
     0
100
AcDbLine
 10
1075.072857200168
 20
-148.4168723998591
 30
0.0
 11
1071.561690799892
 21
-143.5662468001246
 31
0.0
1001
AcDbBlockRepETag
1070
     1
1071
     1150
1005
2798
  0
LINE
  5
2799
330
2333
100
AcDbEntity
  8
0
 62
     0
100
AcDbLine
 10
1079.646948800422
 20
-152.1386711997911
 30
0.0
 11
1075.072857200168
 21
-148.4168723998591
 31
0.0
1001
AcDbBlockRepETag
1070
     1
1071
     1151
1005
2799
  0
LINE
  5
279A
330
2333
100
AcDbEntity
  8
0
 62
     0
100
AcDbLine
 10
1084.974200000055
 20
-154.4790095994249
 30
0.0
 11
1079.646948800422
 21
-152.1386711997911
 31
0.0
1001
AcDbBlockRepETag
1070
     1
1071
     1152
1005
279A
  0
LINE
  5
279B
330
2333
100
AcDbEntity
  8
0
 62
     0
100
AcDbLine
 10
1090.691547200083
 20
-155.2764707999304
 30
0.0
 11
1084.974200000055
 21
-154.4790095994249
 31
0.0
1001
AcDbBlockRepETag
1070
     1
1071
     1153
1005
279B
  0
LINE
  5
279C
330
2333
100
AcDbEntity
  8
0
 62
     0
100
AcDbLine
 10
1096.40916439984
 20
-154.4790095994249
 30
0.0
 11
1090.691547200083
 21
-155.2764707999304
 31
0.0
1001
AcDbBlockRepETag
1070
     1
1071
     1154
1005
279C
  0
LINE
  5
279D
330
2333
100
AcDbEntity
  8
0
 62
     0
100
AcDbLine
 10
1101.736415600404
 20
-152.1386711997911
 30
0.0
 11
1096.40916439984
 21
-154.4790095994249
 31
0.0
1001
AcDbBlockRepETag
1070
     1
1071
     1155
1005
279D
  0
LINE
  5
279E
330
2333
100
AcDbEntity
  8
0
 62
     0
100
AcDbLine
 10
1106.311533199623
 20
-148.4168723998591
 30
0.0
 11
1101.736415600404
 21
-152.1386711997911
 31
0.0
1001
AcDbBlockRepETag
1070
     1
1071
     1156
1005
279E
  0
LINE
  5
279F
330
2333
100
AcDbEntity
  8
0
 62
     0
100
AcDbLine
 10
1109.821662800386
 20
-143.5662468001246
 30
0.0
 11
1106.311533199623
 21
-148.4168723998591
 31
0.0
1001
AcDbBlockRepETag
1070
     1
1071
     1157
1005
279F
  0
LINE
  5
27A0
330
2333
100
AcDbEntity
  8
0
 62
     0
100
AcDbLine
 10
1112.027854399755
 20
-137.9173823995516
 30
0.0
 11
1109.821662800386
 21
-143.5662468001246
 31
0.0
1001
AcDbBlockRepETag
1070
     1
1071
     1158
1005
27A0
  0
LINE
  5
27A1
330
2333
100
AcDbEntity
  8
0
 62
     0
100
AcDbLine
 10
1112.781024799682
 20
-131.8549859998747
 30
0.0
 11
1112.027854399755
 21
-137.9173823995516
 31
0.0
1001
AcDbBlockRepETag
1070
     1
1071
     1159
1005
27A1
  0
LINE
  5
27A2
330
2333
100
AcDbEntity
  8
0
 62
     0
100
AcDbLine
 10
1113.694348400459
 20
54.90065519977361
 30
0.0
 11
1127.437985599972
 21
46.878750000149
 31
0.0
1001
AcDbBlockRepETag
1070
     1
1071
     1160
1005
27A2
  0
LINE
  5
27A3
330
2333
100
AcDbEntity
  8
0
 62
     0
100
AcDbLine
 10
1119.960162799805
 20
-246.5996291991323
 30
0.0
 11
1116.064300400205
 21
-251.879511599429
 31
0.0
1001
AcDbBlockRepETag
1070
     1
1071
     1161
1005
27A3
  0
LINE
  5
27A4
330
2333
100
AcDbEntity
  8
0
 62
     0
100
AcDbLine
 10
1127.437985599972
 20
46.878750000149
 30
0.0
 11
1139.456171600148
 21
36.32853240054101
 31
0.0
1001
AcDbBlockRepETag
1070
     1
1071
     1162
1005
27A4
  0
LINE
  5
27A5
330
2333
100
AcDbEntity
  8
0
 62
     0
100
AcDbLine
 10
1129.069714399986
 20
54.9606600003317
 30
0.0
 11
1148.948356400244
 21
39.12566759996116
 31
0.0
1001
AcDbBlockRepETag
1070
     1
1071
     1163
1005
27A5
  0
LINE
  5
27A6
330
2333
100
AcDbEntity
  8
0
 62
     0
100
AcDbLine
 10
1117.494414799846
 20
59.60967119969428
 30
0.0
 11
1121.667848000303
 21
58.56889680027961
 31
0.0
1001
AcDbBlockRepETag
1070
     1
1071
     1164
1005
27A6
  0
LINE
  5
27A7
330
2333
100
AcDbEntity
  8
0
 62
     0
100
AcDbLine
 10
1118.965720400214
 20
59.24275199975818
 30
0.0
 11
1117.494414799846
 21
59.60967119969428
 31
0.0
1001
AcDbBlockRepETag
1070
     1
1071
     1165
1005
27A7
  0
LINE
  5
27A8
330
2333
100
AcDbEntity
  8
0
 62
     0
100
AcDbLine
 10
1121.667848000303
 20
58.56889680027961
 30
0.0
 11
1118.965720400214
 21
59.24275199975818
 31
0.0
1001
AcDbBlockRepETag
1070
     1
1071
     1166
1005
27A8
  0
LINE
  5
27A9
330
2333
100
AcDbEntity
  8
0
 62
     0
100
AcDbLine
 10
1123.018906399607
 20
58.23132119979709
 30
0.0
 11
1121.667848000303
 21
58.56889680027961
 31
0.0
1001
AcDbBlockRepETag
1070
     1
1071
     1167
1005
27A9
  0
LINE
  5
27AA
330
2333
100
AcDbEntity
  8
0
 62
     0
100
AcDbLine
 10
1127.905334000476
 20
56.44664280023426
 30
0.0
 11
1123.018906399607
 21
58.23132119979709
 31
0.0
1001
AcDbBlockRepETag
1070
     1
1071
     1168
1005
27AA
  0
LINE
  5
27AB
330
2333
100
AcDbEntity
  8
0
 62
     0
100
AcDbLine
 10
1129.220342000015
 20
55.96693919971585
 30
0.0
 11
1127.905334000476
 21
56.44664280023426
 31
0.0
1001
AcDbBlockRepETag
1070
     1
1071
     1169
1005
27AB
  0
LINE
  5
27AC
330
2333
100
AcDbEntity
  8
0
 62
     0
100
AcDbLine
 10
909.6640747999773
 20
-202.8818555995822
 30
0.0
 11
925.3450808003545
 21
-245.6263115992769
 31
0.0
1001
AcDbBlockRepETag
1070
     1
1071
     1170
1005
27AC
  0
LINE
  5
27AD
330
2333
100
AcDbEntity
  8
0
 62
     0
100
AcDbLine
 10
894.5008747996762
 20
-218.7856007991359
 30
0.0
 11
909.6640747999773
 21
-202.8818555995822
 31
0.0
1001
AcDbBlockRepETag
1070
     1
1071
     1171
1005
27AD
  0
LINE
  5
27AE
330
2333
100
AcDbEntity
  8
0
 62
     0
100
AcDbLine
 10
903.5308627998457
 20
-246.451053599827
 30
0.0
 11
894.5008747996762
 21
-218.7856007991359
 31
0.0
1001
AcDbBlockRepETag
1070
     1
1071
     1172
1005
27AE
  0
LINE
  5
27AF
330
2333
100
AcDbEntity
  8
0
 62
     0
100
AcDbLine
 10
919.9282219996675
 20
-270.0697787990794
 30
0.0
 11
903.5308627998457
 21
-246.451053599827
 31
0.0
1001
AcDbBlockRepETag
1070
     1
1071
     1173
1005
27AF
  0
LINE
  5
27B0
330
2333
100
AcDbEntity
  8
0
 62
     0
100
AcDbLine
 10
942.2033407995478
 20
-287.4551219996065
 30
0.0
 11
919.9282219996675
 21
-270.0697787990794
 31
0.0
1001
AcDbBlockRepETag
1070
     1
1071
     1174
1005
27B0
  0
LINE
  5
27B1
330
2333
100
AcDbEntity
  8
0
 62
     0
100
AcDbLine
 10
968.2950176000595
 20
-297.0307367993519
 30
0.0
 11
942.2033407995478
 21
-287.4551219996065
 31
0.0
1001
AcDbBlockRepETag
1070
     1
1071
     1175
1005
27B1
  0
LINE
  5
27B2
330
2333
100
AcDbEntity
  8
0
 62
     0
100
AcDbLine
 10
1082.964989599772
 20
-296.0666855992749
 30
0.0
 11
968.2950176000595
 21
-297.0307367993519
 31
0.0
1001
AcDbBlockRepETag
1070
     1
1071
     1176
1005
27B2
  0
LINE
  5
27B3
330
2333
100
AcDbEntity
  8
0
 62
     0
100
AcDbLine
 10
1108.93357880041
 20
-285.0735815996304
 30
0.0
 11
1082.964989599772
 21
-296.0666855992749
 31
0.0
1001
AcDbBlockRepETag
1070
     1
1071
     1177
1005
27B3
  0
LINE
  5
27B4
330
2333
100
AcDbEntity
  8
0
 62
     0
100
AcDbLine
 10
1130.243361200206
 20
-265.879346399568
 30
0.0
 11
1108.93357880041
 21
-285.0735815996304
 31
0.0
1001
AcDbBlockRepETag
1070
     1
1071
     1178
1005
27B4
  0
LINE
  5
27B5
330
2333
100
AcDbEntity
  8
0
 62
     0
100
AcDbLine
 10
1129.220342000015
 20
55.96693919971585
 30
0.0
 11
1129.653962000273
 21
54.49459679983556
 31
0.0
1001
AcDbBlockRepETag
1070
     1
1071
     1179
1005
27B5
  0
LINE
  5
27B6
330
2333
100
AcDbEntity
  8
0
 62
     0
100
AcDbLine
 10
1130.310828800313
 20
53.97136920038611
 30
0.0
 11
1129.220342000015
 21
55.96693919971585
 31
0.0
1001
AcDbBlockRepETag
1070
     1
1071
     1180
1005
27B6
  0
LINE
  5
27B7
330
2333
100
AcDbEntity
  8
0
 62
     0
100
AcDbLine
 10
1131.230589199811
 20
-19.53282599989325
 30
0.0
 11
1104.264468800276
 21
18.54973440058529
 31
0.0
1001
AcDbBlockRepETag
1070
     1
1071
     1181
1005
27B7
  0
LINE
  5
27B8
330
2333
100
AcDbEntity
  8
0
 62
     0
100
AcDbLine
 10
1139.456171600148
 20
36.32853240054101
 30
0.0
 11
1149.406179199926
 21
23.58576359972358
 31
0.0
1001
AcDbBlockRepETag
1070
     1
1071
     1182
1005
27B8
  0
LINE
  5
27B9
330
2333
100
AcDbEntity
  8
0
 62
     0
100
AcDbLine
 10
1097.635601599701
 20
44.44957080017775
 30
0.0
 11
1031.961211999878
 21
46.53577440045774
 31
0.0
1001
AcDbBlockRepETag
1070
     1
1071
     1183
1005
27B9
  0
LINE
  5
27BA
330
2333
100
AcDbEntity
  8
0
 62
     0
100
AcDbLine
 10
1122.937539200298
 20
29.68188840057701
 30
0.0
 11
1097.635601599701
 21
44.44957080017775
 31
0.0
1001
AcDbBlockRepETag
1070
     1
1071
     1184
1005
27BA
  0
LINE
  5
27BB
330
2333
100
AcDbEntity
  8
0
 62
     0
100
AcDbLine
 10
1141.309343599714
 20
6.137067600153386
 30
0.0
 11
1122.937539200298
 21
29.68188840057701
 31
0.0
1001
AcDbBlockRepETag
1070
     1
1071
     1185
1005
27BB
  0
LINE
  5
27BC
330
2333
100
AcDbEntity
  8
0
 62
     0
100
AcDbLine
 10
1148.948356400244
 20
39.12566759996116
 30
0.0
 11
1163.882639599964
 21
18.04762080032378
 31
0.0
1001
AcDbBlockRepETag
1070
     1
1071
     1186
1005
27BC
  0
LINE
  5
27BD
330
2333
100
AcDbEntity
  8
0
 62
     0
100
AcDbLine
 10
1149.406179199926
 20
23.58576359972358
 30
0.0
 11
1156.972324400209
 21
9.013258799910545
 31
0.0
1001
AcDbBlockRepETag
1070
     1
1071
     1187
1005
27BD
  0
LINE
  5
27BE
330
2333
100
AcDbEntity
  8
0
 62
     0
100
AcDbLine
 10
1126.500459199771
 20
-235.0835567992181
 30
0.0
 11
1144.691503999754
 21
-240.441447599791
 31
0.0
1001
AcDbBlockRepETag
1070
     1
1071
     1188
1005
27BE
  0
LINE
  5
27BF
330
2333
100
AcDbEntity
  8
0
 62
     0
100
AcDbLine
 10
1134.606820399873
 20
-39.89144159946591
 30
0.0
 11
1126.500459199771
 21
-235.0835567992181
 31
0.0
1001
AcDbBlockRepETag
1070
     1
1071
     1189
1005
27BF
  0
LINE
  5
27C0
330
2333
100
AcDbEntity
  8
0
 62
     0
100
AcDbLine
 10
1131.230589199811
 20
-19.53282599989325
 30
0.0
 11
1134.606820399873
 21
-39.89144159946591
 31
0.0
1001
AcDbBlockRepETag
1070
     1
1071
     1190
1005
27C0
  0
LINE
  5
27C1
330
2333
100
AcDbEntity
  8
0
 62
     0
100
AcDbLine
 10
1141.309343599714
 20
6.137067600153386
 30
0.0
 11
1131.230589199811
 21
-19.53282599989325
 31
0.0
1001
AcDbBlockRepETag
1070
     1
1071
     1191
1005
27C1
  0
LINE
  5
27C2
330
2333
100
AcDbEntity
  8
0
 62
     0
100
AcDbLine
 10
1150.244572400115
 20
-22.91524560004473
 30
0.0
 11
1141.309343599714
 21
6.137067600153386
 31
0.0
1001
AcDbBlockRepETag
1070
     1
1071
     1192
1005
27C2
  0
LINE
  5
27C3
330
2333
100
AcDbEntity
  8
0
 62
     0
100
AcDbLine
 10
1123.451241199858
 20
-240.9824411999434
 30
0.0
 11
1126.500459199771
 21
-235.0835567992181
 31
0.0
1001
AcDbBlockRepETag
1070
     1
1071
     1193
1005
27C3
  0
LINE
  5
27C4
330
2333
100
AcDbEntity
  8
0
 62
     0
100
AcDbLine
 10
1119.960162799805
 20
-246.5996291991323
 30
0.0
 11
1123.451241199858
 21
-240.9824411999434
 31
0.0
1001
AcDbBlockRepETag
1070
     1
1071
     1194
1005
27C4
  0
LINE
  5
27C5
330
2333
100
AcDbEntity
  8
0
 62
     0
100
AcDbLine
 10
1130.243361200206
 20
-265.879346399568
 30
0.0
 11
1119.960162799805
 21
-246.5996291991323
 31
0.0
1001
AcDbBlockRepETag
1070
     1
1071
     1195
1005
27C5
  0
LINE
  5
27C6
330
2333
100
AcDbEntity
  8
0
 62
     0
100
AcDbLine
 10
1144.691503999754
 20
-240.441447599791
 30
0.0
 11
1130.243361200206
 21
-265.879346399568
 31
0.0
1001
AcDbBlockRepETag
1070
     1
1071
     1196
1005
27C6
  0
LINE
  5
27C7
330
2333
100
AcDbEntity
  8
0
 62
     0
100
AcDbLine
 10
1150.244572400115
 20
-22.91524560004473
 30
0.0
 11
1144.691503999754
 21
-240.441447599791
 31
0.0
1001
AcDbBlockRepETag
1070
     1
1071
     1197
1005
27C7
  0
LINE
  5
27C8
330
2333
100
AcDbEntity
  8
0
 62
     0
100
AcDbLine
 10
1156.972324400209
 20
9.013258799910545
 30
0.0
 11
1161.804935599677
 21
-6.716422799974679
 31
0.0
1001
AcDbBlockRepETag
1070
     1
1071
     1198
1005
27C8
  0
LINE
  5
27C9
330
2333
100
AcDbEntity
  8
0
 62
     0
100
AcDbLine
 10
1161.804935599677
 20
-6.716422799974679
 30
0.0
 11
1163.783506399952
 21
-23.12612640019506
 31
0.0
1001
AcDbBlockRepETag
1070
     1
1071
     1199
1005
27C9
  0
LINE
  5
27CA
330
2333
100
AcDbEntity
  8
0
 62
     0
100
AcDbLine
 10
968.7245119996369
 20
62.00718479976058
 30
0.0
 11
997.7809507995843
 21
62.03653919976204
 31
0.0
1001
AcDbBlockRepETag
1070
     1
1071
     1200
1005
27CA
  0
LINE
  5
27CB
330
2333
100
AcDbEntity
  8
0
 62
     0
100
AcDbLine
 10
952.7816276000812
 20
62.34990120027214
 30
0.0
 11
968.7245119996369
 21
62.00718479976058
 31
0.0
1001
AcDbBlockRepETag
1070
     1
1071
     1201
1005
27CB
  0
LINE
  5
27CC
330
2333
100
AcDbEntity
  8
0
 62
     0
100
AcDbLine
 10
937.1734891999512
 20
59.32077120058238
 30
0.0
 11
952.7816276000812
 21
62.34990120027214
 31
0.0
1001
AcDbBlockRepETag
1070
     1
1071
     1202
1005
27CC
  0
LINE
  5
27CD
330
2333
100
AcDbEntity
  8
0
 62
     0
100
AcDbLine
 10
922.378255999647
 20
53.01272880006582
 30
0.0
 11
937.1734891999512
 21
59.32077120058238
 31
0.0
1001
AcDbBlockRepETag
1070
     1
1071
     1203
1005
27CD
  0
LINE
  5
27CE
330
2333
100
AcDbEntity
  8
0
 62
     0
100
AcDbLine
 10
915.488028800115
 20
48.69484560005367
 30
0.0
 11
922.378255999647
 21
53.01272880006582
 31
0.0
1001
AcDbBlockRepETag
1070
     1
1071
     1204
1005
27CE
  0
LINE
  5
27CF
330
2333
100
AcDbEntity
  8
0
 62
     0
100
AcDbLine
 10
903.1850576000287
 20
38.03930640034378
 30
0.0
 11
915.488028800115
 21
48.69484560005367
 31
0.0
1001
AcDbBlockRepETag
1070
     1
1071
     1205
1005
27CF
  0
LINE
  5
27D0
330
2333
100
AcDbEntity
  8
0
 62
     0
100
AcDbLine
 10
893.1338539998979
 20
24.99398639984429
 30
0.0
 11
903.1850576000287
 21
38.03930640034378
 31
0.0
1001
AcDbBlockRepETag
1070
     1
1071
     1206
1005
27D0
  0
LINE
  5
27D1
330
2333
100
AcDbEntity
  8
0
 62
     0
100
AcDbLine
 10
885.7067480003461
 20
9.984513600356876
 30
0.0
 11
893.1338539998979
 21
24.99398639984429
 31
0.0
1001
AcDbBlockRepETag
1070
     1
1071
     1207
1005
27D1
  0
LINE
  5
27D2
330
2333
100
AcDbEntity
  8
0
 62
     0
100
AcDbLine
 10
881.2938572000712
 20
-6.197569199837744
 30
0.0
 11
885.7067480003461
 21
9.984513600356876
 31
0.0
1001
AcDbBlockRepETag
1070
     1
1071
     1208
1005
27D2
  0
LINE
  5
27D3
330
2333
100
AcDbEntity
  8
0
 62
     0
100
AcDbLine
 10
880.0156664000823
 20
-22.98708719946444
 30
0.0
 11
881.2938572000712
 21
-6.197569199837744
 31
0.0
1001
AcDbBlockRepETag
1070
     1
1071
     1209
1005
27D3
  0
LINE
  5
27D4
330
2333
100
AcDbEntity
  8
0
 62
     0
100
AcDbLine
 10
880.5788000002504
 20
-143.8288811994716
 30
0.0
 11
880.0156664000823
 21
-22.98708719946444
 31
0.0
1001
AcDbBlockRepETag
1070
     1
1071
     1210
1005
27D4
  0
LINE
  5
27D5
330
2333
100
AcDbEntity
  8
0
 62
     0
100
AcDbLine
 10
880.5788000002504
 20
-218.3700059996918
 30
0.0
 11
880.5788000002504
 21
-143.8288811994716
 31
0.0
1001
AcDbBlockRepETag
1070
     1
1071
     1211
1005
27D5
  0
LINE
  5
27D6
330
2333
100
AcDbEntity
  8
0
 62
     0
100
AcDbLine
 10
885.4726903997361
 20
-241.5594851998612
 30
0.0
 11
880.5788000002504
 21
-218.3700059996918
 31
0.0
1001
AcDbBlockRepETag
1070
     1
1071
     1212
1005
27D6
  0
LINE
  5
27D7
330
2333
100
AcDbEntity
  8
0
 62
     0
100
AcDbLine
 10
895.1461532004177
 20
-262.9949255995452
 30
0.0
 11
885.4726903997361
 21
-241.5594851998612
 31
0.0
1001
AcDbBlockRepETag
1070
     1
1071
     1213
1005
27D7
  0
LINE
  5
27D8
330
2333
100
AcDbEntity
  8
0
 62
     0
100
AcDbLine
 10
909.1040300000459
 20
-281.585851199925
 30
0.0
 11
895.1461532004177
 21
-262.9949255995452
 31
0.0
1001
AcDbBlockRepETag
1070
     1
1071
     1214
1005
27D8
  0
LINE
  5
27D9
330
2333
100
AcDbEntity
  8
0
 62
     0
100
AcDbLine
 10
914.5808827998116
 20
-286.9720703996718
 30
0.0
 11
909.1040300000459
 21
-281.585851199925
 31
0.0
1001
AcDbBlockRepETag
1070
     1
1071
     1215
1005
27D9
  0
LINE
  5
27DA
330
2333
100
AcDbEntity
  8
0
 62
     0
100
AcDbLine
 10
920.4334244001657
 20
-291.9133403990418
 30
0.0
 11
914.5808827998116
 21
-286.9720703996718
 31
0.0
1001
AcDbBlockRepETag
1070
     1
1071
     1216
1005
27DA
  0
LINE
  5
27DB
330
2333
100
AcDbEntity
  8
0
 62
     0
100
AcDbLine
 10
926.6371711995452
 20
-296.3852099999785
 30
0.0
 11
920.4334244001657
 21
-291.9133403990418
 31
0.0
1001
AcDbBlockRepETag
1070
     1
1071
     1217
1005
27DB
  0
LINE
  5
27DC
330
2333
100
AcDbEntity
  8
0
 62
     0
100
AcDbLine
 10
933.1424540001899
 20
-300.3477515997365
 30
0.0
 11
926.6371711995452
 21
-296.3852099999785
 31
0.0
1001
AcDbBlockRepETag
1070
     1
1071
     1218
1005
27DC
  0
LINE
  5
27DD
330
2333
100
AcDbEntity
  8
0
 62
     0
100
AcDbLine
 10
939.8913200004026
 20
-303.7700771996751
 30
0.0
 11
933.1424540001899
 21
-300.3477515997365
 31
0.0
1001
AcDbBlockRepETag
1070
     1
1071
     1219
1005
27DD
  0
LINE
  5
27DE
330
2333
100
AcDbEntity
  8
0
 62
     0
100
AcDbLine
 10
961.3005055999384
 20
-310.6814291998744
 30
0.0
 11
939.8913200004026
 21
-303.7700771996751
 31
0.0
1001
AcDbBlockRepETag
1070
     1
1071
     1220
1005
27DE
  0
LINE
  5
27DF
330
2333
100
AcDbEntity
  8
0
 62
     0
100
AcDbLine
 10
968.7245119996369
 20
-311.8300955994055
 30
0.0
 11
961.3005055999384
 21
-310.6814291998744
 31
0.0
1001
AcDbBlockRepETag
1070
     1
1071
     1221
1005
27DF
  0
LINE
  5
27E0
330
2333
100
AcDbEntity
  8
0
 62
     0
100
AcDbLine
 10
1075.529384000227
 20
-311.8300955994055
 30
0.0
 11
968.7245119996369
 21
-311.8300955994055
 31
0.0
1001
AcDbBlockRepETag
1070
     1
1071
     1222
1005
27E0
  0
LINE
  5
27E1
330
2333
100
AcDbEntity
  8
0
 62
     0
100
AcDbLine
 10
1097.862444800324
 20
-307.5943571999669
 30
0.0
 11
1075.529384000227
 21
-311.8300955994055
 31
0.0
1001
AcDbBlockRepETag
1070
     1
1071
     1223
1005
27E1
  0
LINE
  5
27E2
330
2333
100
AcDbEntity
  8
0
 62
     0
100
AcDbLine
 10
1118.574339199811
 20
-297.7774703996256
 30
0.0
 11
1097.862444800324
 21
-307.5943571999669
 31
0.0
1001
AcDbBlockRepETag
1070
     1
1071
     1224
1005
27E2
  0
LINE
  5
27E3
330
2333
100
AcDbEntity
  8
0
 62
     0
100
AcDbLine
 10
1130.88580999989
 20
-288.3949703993276
 30
0.0
 11
1118.574339199811
 21
-297.7774703996256
 31
0.0
1001
AcDbBlockRepETag
1070
     1
1071
     1225
1005
27E3
  0
LINE
  5
27E4
330
2333
100
AcDbEntity
  8
0
 62
     0
100
AcDbLine
 10
1146.239802800119
 20
-270.7384823998436
 30
0.0
 11
1130.88580999989
 21
-288.3949703993276
 31
0.0
1001
AcDbBlockRepETag
1070
     1
1071
     1226
1005
27E4
  0
LINE
  5
27E5
330
2333
100
AcDbEntity
  8
0
 62
     0
100
AcDbLine
 10
1157.16441319976
 20
-249.6110039995983
 30
0.0
 11
1146.239802800119
 21
-270.7384823998436
 31
0.0
1001
AcDbBlockRepETag
1070
     1
1071
     1227
1005
27E5
  0
LINE
  5
27E6
330
2333
100
AcDbEntity
  8
0
 62
     0
100
AcDbLine
 10
1162.946139199659
 20
-226.3908851994202
 30
0.0
 11
1157.16441319976
 21
-249.6110039995983
 31
0.0
1001
AcDbBlockRepETag
1070
     1
1071
     1228
1005
27E6
  0
LINE
  5
27E7
330
2333
100
AcDbEntity
  8
0
 62
     0
100
AcDbLine
 10
1163.67484760005
 20
-218.371031999588
 30
0.0
 11
1162.946139199659
 21
-226.3908851994202
 31
0.0
1001
AcDbBlockRepETag
1070
     1
1071
     1229
1005
27E7
  0
LINE
  5
27E8
330
2333
100
AcDbEntity
  8
0
 62
     0
100
AcDbLine
 10
1163.783506399952
 20
-23.12612640019506
 30
0.0
 11
1163.67484760005
 21
-218.371031999588
 31
0.0
1001
AcDbBlockRepETag
1070
     1
1071
     1230
1005
27E8
  0
LINE
  5
27E9
330
2333
100
AcDbEntity
  8
0
 62
     0
100
AcDbLine
 10
1163.882639599964
 20
18.04762080032378
 30
0.0
 11
1172.69144359976
 21
-6.60570119973272
 31
0.0
1001
AcDbBlockRepETag
1070
     1
1071
     1231
1005
27E9
  0
LINE
  5
27EA
330
2333
100
AcDbEntity
  8
0
 62
     0
100
AcDbLine
 10
1166.685693199746
 20
-466.5748499995097
 30
0.0
 11
1167.91856719926
 21
-469.3825367996469
 31
0.0
1001
AcDbBlockRepETag
1070
     1
1071
     1232
1005
27EA
  0
LINE
  5
27EB
330
2333
100
AcDbEntity
  8
0
 62
     0
100
AcDbLine
 10
1166.932375999167
 20
-463.4646011991426
 30
0.0
 11
1166.685693199746
 21
-466.5748499995097
 31
0.0
1001
AcDbBlockRepETag
1070
     1
1071
     1233
1005
27EB
  0
LINE
  5
27EC
330
2333
100
AcDbEntity
  8
0
 62
     0
100
AcDbLine
 10
1167.671895199455
 20
-454.608417599462
 30
0.0
 11
1166.932375999167
 21
-463.4646011991426
 31
0.0
1001
AcDbBlockRepETag
1070
     1
1071
     1234
1005
27EC
  0
LINE
  5
27ED
330
2333
100
AcDbEntity
  8
0
 62
     0
100
AcDbLine
 10
1167.91856719926
 20
-469.3825367996469
 30
0.0
 11
1171.288372399285
 21
-471.4381007989868
 31
0.0
1001
AcDbBlockRepETag
1070
     1
1071
     1235
1005
27ED
  0
LINE
  5
27EE
330
2333
100
AcDbEntity
  8
0
 62
     0
100
AcDbLine
 10
1167.671895199455
 20
-454.608417599462
 30
0.0
 11
1168.772933599539
 21
-456.3812483996152
 31
0.0
1001
AcDbBlockRepETag
1070
     1
1071
     1236
1005
27EE
  0
LINE
  5
27EF
330
2333
100
AcDbEntity
  8
0
 62
     0
100
AcDbLine
 10
1168.534491199069
 20
-445.3325243992731
 30
0.0
 11
1167.671895199455
 21
-454.608417599462
 31
0.0
1001
AcDbBlockRepETag
1070
     1
1071
     1237
1005
27EF
  0
LINE
  5
27F0
330
2333
100
AcDbEntity
  8
0
 62
     0
100
AcDbLine
 10
1168.772933599539
 20
-456.3812483996152
 30
0.0
 11
1168.132806799374
 21
-465.9895655997097
 31
0.0
1001
AcDbBlockRepETag
1070
     1
1071
     1238
1005
27F0
  0
LINE
  5
27F1
330
2333
100
AcDbEntity
  8
0
 62
     0
100
AcDbLine
 10
1171.288372399285
 20
-471.4381007989868
 30
0.0
 11
1175.892066799104
 21
-472.1899751992896
 31
0.0
1001
AcDbBlockRepETag
1070
     1
1071
     1239
1005
27F1
  0
LINE
  5
27F2
330
2333
100
AcDbEntity
  8
0
 62
     0
100
AcDbLine
 10
1172.69144359976
 20
-6.60570119973272
 30
0.0
 11
1174.793350400403
 21
-24.03842400014401
 31
0.0
1001
AcDbBlockRepETag
1070
     1
1071
     1240
1005
27F2
  0
LINE
  5
27F3
330
2333
100
AcDbEntity
  8
0
 62
     0
100
AcDbLine
 10
1168.772933599539
 20
-456.3812483996152
 30
0.0
 11
1169.604112399742
 21
-445.3325243992731
 31
0.0
1001
AcDbBlockRepETag
1070
     1
1071
     1241
1005
27F3
  0
LINE
  5
27F4
330
2333
100
AcDbEntity
  8
0
 62
     0
100
AcDbLine
 10
1171.781975599937
 20
-457.6784903993829
 30
0.0
 11
1168.772933599539
 21
-456.3812483996152
 31
0.0
1001
AcDbBlockRepETag
1070
     1
1071
     1242
1005
27F4
  0
LINE
  5
27F5
330
2333
100
AcDbEntity
  8
0
 62
     0
100
AcDbLine
 10
1172.292329599149
 20
-445.3325243992731
 30
0.0
 11
1171.781975599937
 21
-457.6784903993829
 31
0.0
1001
AcDbBlockRepETag
1070
     1
1071
     1243
1005
27F5
  0
LINE
  5
27F6
330
2333
100
AcDbEntity
  8
0
 62
     0
100
AcDbLine
 10
976.7147516002879
 20
66.40617599990219
 30
0.0
 11
997.7809507995843
 21
66.40617599990219
 31
0.0
1001
AcDbBlockRepETag
1070
     1
1071
     1244
1005
27F6
  0
LINE
  5
27F7
330
2333
100
AcDbEntity
  8
0
 62
     0
100
AcDbLine
 10
937.9253743998706
 20
65.60254800040275
 30
0.0
 11
976.7147516002879
 21
66.40617599990219
 31
0.0
1001
AcDbBlockRepETag
1070
     1
1071
     1245
1005
27F7
  0
LINE
  5
27F8
330
2333
100
AcDbEntity
  8
0
 62
     0
100
AcDbLine
 10
913.9935464002192
 20
56.85064920037985
 30
0.0
 11
937.9253743998706
 21
65.60254800040275
 31
0.0
1001
AcDbBlockRepETag
1070
     1
1071
     1246
1005
27F8
  0
LINE
  5
27F9
330
2333
100
AcDbEntity
  8
0
 62
     0
100
AcDbLine
 10
893.6022284002975
 20
40.94278919976204
 30
0.0
 11
913.9935464002192
 21
56.85064920037985
 31
0.0
1001
AcDbBlockRepETag
1070
     1
1071
     1247
1005
27F9
  0
LINE
  5
27FA
330
2333
100
AcDbEntity
  8
0
 62
     0
100
AcDbLine
 10
882.9245491996408
 20
27.08327880036086
 30
0.0
 11
893.6022284002975
 21
40.94278919976204
 31
0.0
1001
AcDbBlockRepETag
1070
     1
1071
     1248
1005
27FA
  0
LINE
  5
27FB
330
2333
100
AcDbEntity
  8
0
 62
     0
100
AcDbLine
 10
878.5981663996354
 20
19.32169680017978
 30
0.0
 11
882.9245491996408
 21
27.08327880036086
 31
0.0
1001
AcDbBlockRepETag
1070
     1
1071
     1249
1005
27FB
  0
LINE
  5
27FC
330
2333
100
AcDbEntity
  8
0
 62
     0
100
AcDbLine
 10
870.3442556001245
 20
-6.052860000170767
 30
0.0
 11
878.5981663996354
 21
19.32169680017978
 31
0.0
1001
AcDbBlockRepETag
1070
     1
1071
     1250
1005
27FC
  0
LINE
  5
27FD
330
2333
100
AcDbEntity
  8
0
 62
     0
100
AcDbLine
 10
869.5869811996818
 20
-99.07649999950081
 30
0.0
 11
870.3442556001245
 21
-6.052860000170767
 31
0.0
1001
AcDbBlockRepETag
1070
     1
1071
     1251
1005
27FD
  0
LINE
  5
27FE
330
2333
100
AcDbEntity
  8
0
 62
     0
100
AcDbLine
 10
870.7364251995459
 20
-239.8255343995988
 30
0.0
 11
869.5869811996818
 21
-99.07649999950081
 31
0.0
1001
AcDbBlockRepETag
1070
     1
1071
     1252
1005
27FE
  0
LINE
  5
27FF
330
2333
100
AcDbEntity
  8
0
 62
     0
100
AcDbLine
 10
874.7865116000175
 20
-256.0982615994289
 30
0.0
 11
870.7364251995459
 21
-239.8255343995988
 31
0.0
1001
AcDbBlockRepETag
1070
     1
1071
     1253
1005
27FF
  0
LINE
  5
2800
330
2333
100
AcDbEntity
  8
0
 62
     0
100
AcDbLine
 10
877.6616660002618
 20
-263.9419775996357
 30
0.0
 11
874.7865116000175
 21
-256.0982615994289
 31
0.0
1001
AcDbBlockRepETag
1070
     1
1071
     1254
1005
2800
  0
LINE
  5
2801
330
2333
100
AcDbEntity
  8
0
 62
     0
100
AcDbLine
 10
881.0914652002976
 20
-271.5441731996834
 30
0.0
 11
877.6616660002618
 21
-263.9419775996357
 31
0.0
1001
AcDbBlockRepETag
1070
     1
1071
     1255
1005
2801
  0
LINE
  5
2802
330
2333
100
AcDbEntity
  8
0
 62
     0
100
AcDbLine
 10
885.0612212000415
 20
-278.8711091997102
 30
0.0
 11
881.0914652002976
 21
-271.5441731996834
 31
0.0
1001
AcDbBlockRepETag
1070
     1
1071
     1256
1005
2802
  0
LINE
  5
2803
330
2333
100
AcDbEntity
  8
0
 62
     0
100
AcDbLine
 10
894.5008747996762
 20
-292.4512451998889
 30
0.0
 11
885.0612212000415
 21
-278.8711091997102
 31
0.0
1001
AcDbBlockRepETag
1070
     1
1071
     1257
1005
2803
  0
LINE
  5
2804
330
2333
100
AcDbEntity
  8
0
 62
     0
100
AcDbLine
 10
918.5181956002489
 20
-314.3445083992556
 30
0.0
 11
894.5008747996762
 21
-292.4512451998889
 31
0.0
1001
AcDbBlockRepETag
1070
     1
1071
     1258
1005
2804
  0
LINE
  5
2805
330
2333
100
AcDbEntity
  8
0
 62
     0
100
AcDbLine
 10
947.5885340003296
 20
-327.6916127996519
 30
0.0
 11
918.5181956002489
 21
-314.3445083992556
 31
0.0
1001
AcDbBlockRepETag
1070
     1
1071
     1259
1005
2805
  0
LINE
  5
2806
330
2333
100
AcDbEntity
  8
0
 62
     0
100
AcDbLine
 10
955.3436791999265
 20
-329.5329371998087
 30
0.0
 11
947.5885340003296
 21
-327.6916127996519
 31
0.0
1001
AcDbBlockRepETag
1070
     1
1071
     1260
1005
2806
  0
LINE
  5
2807
330
2333
100
AcDbEntity
  8
0
 62
     0
100
AcDbLine
 10
974.5927568003535
 20
-330.7521599996835
 30
0.0
 11
955.3436791999265
 21
-329.5329371998087
 31
0.0
1001
AcDbBlockRepETag
1070
     1
1071
     1261
1005
2807
  0
LINE
  5
2808
330
2333
100
AcDbEntity
  8
0
 62
     0
100
AcDbLine
 10
1081.033798400312
 20
-330.7521599996835
 30
0.0
 11
974.5927568003535
 21
-330.7521599996835
 31
0.0
1001
AcDbBlockRepETag
1070
     1
1071
     1262
1005
2808
  0
LINE
  5
2809
330
2333
100
AcDbEntity
  8
0
 62
     0
100
AcDbLine
 10
1112.335816400126
 20
-323.4190463991836
 30
0.0
 11
1081.033798400312
 21
-330.7521599996835
 31
0.0
1001
AcDbBlockRepETag
1070
     1
1071
     1263
1005
2809
  0
LINE
  5
280A
330
2333
100
AcDbEntity
  8
0
 62
     0
100
AcDbLine
 10
1139.843178800307
 20
-305.8552547991276
 30
0.0
 11
1112.335816400126
 21
-323.4190463991836
 31
0.0
1001
AcDbBlockRepETag
1070
     1
1071
     1264
1005
280A
  0
LINE
  5
280B
330
2333
100
AcDbEntity
  8
0
 62
     0
100
AcDbLine
 10
1160.597301200032
 20
-279.9500075997785
 30
0.0
 11
1139.843178800307
 21
-305.8552547991276
 31
0.0
1001
AcDbBlockRepETag
1070
     1
1071
     1265
1005
280B
  0
LINE
  5
280C
330
2333
100
AcDbEntity
  8
0
 62
     0
100
AcDbLine
 10
1172.484677599743
 20
-248.3832815997303
 30
0.0
 11
1160.597301200032
 21
-279.9500075997785
 31
0.0
1001
AcDbBlockRepETag
1070
     1
1071
     1266
1005
280C
  0
LINE
  5
280D
330
2333
100
AcDbEntity
  8
0
 62
     0
100
AcDbLine
 10
1174.677477199584
 20
-65.98027799930424
 30
0.0
 11
1172.484677599743
 21
-248.3832815997303
 31
0.0
1001
AcDbBlockRepETag
1070
     1
1071
     1267
1005
280D
  0
LINE
  5
280E
330
2333
100
AcDbEntity
  8
0
 62
     0
100
AcDbLine
 10
1174.677477199584
 20
-32.88430439960212
 30
0.0
 11
1174.677477199584
 21
-65.98027799930424
 31
0.0
1001
AcDbBlockRepETag
1070
     1
1071
     1268
1005
280E
  0
LINE
  5
280F
330
2333
100
AcDbEntity
  8
0
 62
     0
100
AcDbLine
 10
1174.793350400403
 20
-24.03842400014401
 30
0.0
 11
1174.677477199584
 21
-32.88430439960212
 31
0.0
1001
AcDbBlockRepETag
1070
     1
1071
     1269
1005
280F
  0
LINE
  5
2810
330
2333
100
AcDbEntity
  8
0
 62
     0
100
AcDbLine
 10
1175.892066799104
 20
-458.1543383989482
 30
0.0
 11
1175.892066799104
 21
-445.3325243992731
 31
0.0
1001
AcDbBlockRepETag
1070
     1
1071
     1270
1005
2810
  0
LINE
  5
2811
330
2333
100
AcDbEntity
  8
0
 62
     0
100
AcDbLine
 10
1175.892066799104
 20
-472.1899751992896
 30
0.0
 11
1180.494735199958
 21
-471.4381007989868
 31
0.0
1001
AcDbBlockRepETag
1070
     1
1071
     1271
1005
2811
  0
LINE
  5
2812
330
2333
100
AcDbEntity
  8
0
 62
     0
100
AcDbLine
 10
1179.49180399999
 20
-445.3325243992731
 30
0.0
 11
1180.002157999203
 21
-457.6784903993829
 31
0.0
1001
AcDbBlockRepETag
1070
     1
1071
     1272
1005
2812
  0
LINE
  5
2813
330
2333
100
AcDbEntity
  8
0
 62
     0
100
AcDbLine
 10
1180.002157999203
 20
-457.6784903993829
 30
0.0
 11
1183.011210799217
 21
-456.3812483996152
 31
0.0
1001
AcDbBlockRepETag
1070
     1
1071
     1273
1005
2813
  0
LINE
  5
2814
330
2333
100
AcDbEntity
  8
0
 62
     0
100
AcDbLine
 10
1180.494735199958
 20
-471.4381007989868
 30
0.0
 11
1183.86556639988
 21
-469.3825367996469
 31
0.0
1001
AcDbBlockRepETag
1070
     1
1071
     1274
1005
2814
  0
LINE
  5
2815
330
2333
100
AcDbEntity
  8
0
 62
     0
100
AcDbLine
 10
1183.011210799217
 20
-456.3812483996152
 30
0.0
 11
1182.180021199398
 21
-445.3325243992731
 31
0.0
1001
AcDbBlockRepETag
1070
     1
1071
     1275
1005
2815
  0
LINE
  5
2816
330
2333
100
AcDbEntity
  8
0
 62
     0
100
AcDbLine
 10
1183.86556639988
 20
-469.3825367996469
 30
0.0
 11
1185.098440399393
 21
-466.5748499995097
 31
0.0
1001
AcDbBlockRepETag
1070
     1
1071
     1276
1005
2816
  0
LINE
  5
2817
330
2333
100
AcDbEntity
  8
0
 62
     0
100
AcDbLine
 10
1183.011210799217
 20
-456.3812483996152
 30
0.0
 11
1183.651337599382
 21
-465.9895655997097
 31
0.0
1001
AcDbBlockRepETag
1070
     1
1071
     1277
1005
2817
  0
LINE
  5
2818
330
2333
100
AcDbEntity
  8
0
 62
     0
100
AcDbLine
 10
1184.112249199301
 20
-454.608417599462
 30
0.0
 11
1183.011210799217
 21
-456.3812483996152
 31
0.0
1001
AcDbBlockRepETag
1070
     1
1071
     1278
1005
2818
  0
LINE
  5
2819
330
2333
100
AcDbEntity
  8
0
 62
     0
100
AcDbLine
 10
1184.112249199301
 20
-454.608417599462
 30
0.0
 11
1183.24964239914
 21
-445.3325243992731
 31
0.0
1001
AcDbBlockRepETag
1070
     1
1071
     1279
1005
2819
  0
LINE
  5
281A
330
2333
100
AcDbEntity
  8
0
 62
     0
100
AcDbLine
 10
1184.851509199478
 20
-463.4646011991426
 30
0.0
 11
1184.112249199301
 21
-454.608417599462
 31
0.0
1001
AcDbBlockRepETag
1070
     1
1071
     1280
1005
281A
  0
LINE
  5
281B
330
2333
100
AcDbEntity
  8
0
 62
     0
100
AcDbLine
 10
1185.098440399393
 20
-466.5748499995097
 30
0.0
 11
1184.851509199478
 21
-463.4646011991426
 31
0.0
1001
AcDbBlockRepETag
1070
     1
1071
     1281
1005
281B
  0
LINE
  5
281C
330
2333
100
AcDbEntity
  8
0
 62
     0
100
AcDbLine
 10
1196.501987599767
 20
-361.5142211997881
 30
0.0
 11
1196.501987599767
 21
99.35461079981179
 31
0.0
1001
AcDbBlockRepETag
1070
     1
1071
     1282
1005
281C
  0
LINE
  5
281D
330
2333
100
AcDbEntity
  8
0
 62
     0
100
AcDbLine
 10
1206.424703599885
 20
102.7970136003568
 30
0.0
 11
1206.424703599885
 21
125.53201800026
 31
0.0
1001
AcDbBlockRepETag
1070
     1
1071
     1283
1005
281D
  0
LINE
  5
281E
330
2333
100
AcDbEntity
  8
0
 62
     0
100
AcDbLine
 10
1224.308833600022
 20
-394.1969111990184
 30
0.0
 11
1585.31833920069
 21
-394.1969111990184
 31
0.0
1001
AcDbBlockRepETag
1070
     1
1071
     1284
1005
281E
  0
LINE
  5
281F
330
2333
100
AcDbEntity
  8
0
 62
     0
100
AcDbLine
 10
1193.287464800291
 20
102.7970136003568
 30
0.0
 11
1049.106320000253
 21
102.7970136003568
 31
0.0
1001
AcDbBlockRepETag
1070
     1
1071
     1285
1005
281F
  0
LINE
  5
2820
330
2333
100
AcDbEntity
  8
0
 62
     0
100
AcDbLine
 10
1206.873778400011
 20
102.7898099999875
 30
0.0
 11
1193.287464800291
 21
102.7970136003568
 31
0.0
1001
AcDbBlockRepETag
1070
     1
1071
     1286
1005
2820
  0
LINE
  5
2821
330
2333
100
AcDbEntity
  8
0
 62
     0
100
AcDbLine
 10
1206.873778400011
 20
99.35461079981179
 30
0.0
 11
1206.873778400011
 21
102.7898099999875
 31
0.0
1001
AcDbBlockRepETag
1070
     1
1071
     1287
1005
2821
  0
LINE
  5
2822
330
2333
100
AcDbEntity
  8
0
 62
     0
100
AcDbLine
 10
942.179915599525
 20
102.7970136003568
 30
0.0
 11
997.7809507995843
 21
102.7970136003568
 31
0.0
1001
AcDbBlockRepETag
1070
     1
1071
     1288
1005
2822
  0
LINE
  5
2823
330
2333
100
AcDbEntity
  8
0
 62
     0
100
AcDbLine
 10
920.2614128002897
 20
97.65773640014231
 30
0.0
 11
942.179915599525
 21
102.7970136003568
 31
0.0
1001
AcDbBlockRepETag
1070
     1
1071
     1289
1005
2823
  0
LINE
  5
2824
330
2333
100
AcDbEntity
  8
0
 62
     0
100
AcDbLine
 10
899.997815599665
 20
87.41649600025267
 30
0.0
 11
920.2614128002897
 21
97.65773640014231
 31
0.0
1001
AcDbBlockRepETag
1070
     1
1071
     1290
1005
2824
  0
LINE
  5
2825
330
2333
100
AcDbEntity
  8
0
 62
     0
100
AcDbLine
 10
882.4288831995799
 20
72.60143399983644
 30
0.0
 11
899.997815599665
 21
87.41649600025267
 31
0.0
1001
AcDbBlockRepETag
1070
     1
1071
     1291
1005
2825
  0
LINE
  5
2826
330
2333
100
AcDbEntity
  8
0
 62
     0
100
AcDbLine
 10
868.4563292004169
 20
53.97240599989891
 30
0.0
 11
882.4288831995799
 21
72.60143399983644
 31
0.0
1001
AcDbBlockRepETag
1070
     1
1071
     1292
1005
2826
  0
LINE
  5
2827
330
2333
100
AcDbEntity
  8
0
 62
     0
100
AcDbLine
 10
858.7975436002016
 20
32.48648640047759
 30
0.0
 11
868.4563292004169
 21
53.97240599989891
 31
0.0
1001
AcDbBlockRepETag
1070
     1
1071
     1293
1005
2827
  0
LINE
  5
2828
330
2333
100
AcDbEntity
  8
0
 62
     0
100
AcDbLine
 10
853.9502552002668
 20
9.246290400624275
 30
0.0
 11
858.7975436002016
 21
32.48648640047759
 31
0.0
1001
AcDbBlockRepETag
1070
     1
1071
     1294
1005
2828
  0
LINE
  5
2829
330
2333
100
AcDbEntity
  8
0
 62
     0
100
AcDbLine
 10
853.9502552002668
 20
-271.4059007996693
 30
0.0
 11
853.9502552002668
 21
9.246290400624275
 31
0.0
1001
AcDbBlockRepETag
1070
     1
1071
     1295
1005
2829
  0
LINE
  5
282A
330
2333
100
AcDbEntity
  8
0
 62
     0
100
AcDbLine
 10
856.3822640003635
 20
-287.1736847991124
 30
0.0
 11
853.9502552002668
 21
-271.4059007996693
 31
0.0
1001
AcDbBlockRepETag
1070
     1
1071
     1296
1005
282A
  0
LINE
  5
282B
330
2333
100
AcDbEntity
  8
0
 62
     0
100
AcDbLine
 10
864.2501935996115
 20
-309.5445995992049
 30
0.0
 11
856.3822640003635
 21
-287.1736847991124
 31
0.0
1001
AcDbBlockRepETag
1070
     1
1071
     1297
1005
282B
  0
LINE
  5
282C
330
2333
100
AcDbEntity
  8
0
 62
     0
100
AcDbLine
 10
876.8284243997186
 20
-329.4348299996928
 30
0.0
 11
864.2501935996115
 21
-309.5445995992049
 31
0.0
1001
AcDbBlockRepETag
1070
     1
1071
     1298
1005
282C
  0
LINE
  5
282D
330
2333
100
AcDbEntity
  8
0
 62
     0
100
AcDbLine
 10
893.3573599997908
 20
-345.6475631995127
 30
0.0
 11
876.8284243997186
 21
-329.4348299996928
 31
0.0
1001
AcDbBlockRepETag
1070
     1
1071
     1299
1005
282D
  0
LINE
  5
282E
330
2333
100
AcDbEntity
  8
0
 62
     0
100
AcDbLine
 10
913.0390208000317
 20
-357.3956303996965
 30
0.0
 11
893.3573599997908
 21
-345.6475631995127
 31
0.0
1001
AcDbBlockRepETag
1070
     1
1071
     1300
1005
282E
  0
LINE
  5
282F
330
2333
100
AcDbEntity
  8
0
 62
     0
100
AcDbLine
 10
934.6863788003101
 20
-363.9717287998646
 30
0.0
 11
913.0390208000317
 21
-357.3956303996965
 31
0.0
1001
AcDbBlockRepETag
1070
     1
1071
     1301
1005
282F
  0
LINE
  5
2830
330
2333
100
AcDbEntity
  8
0
 62
     0
100
AcDbLine
 10
942.179915599525
 20
-364.9568939991295
 30
0.0
 11
934.6863788003101
 21
-363.9717287998646
 31
0.0
1001
AcDbBlockRepETag
1070
     1
1071
     1302
1005
2830
  0
LINE
  5
2831
330
2333
100
AcDbEntity
  8
0
 62
     0
100
AcDbLine
 10
1206.873778400011
 20
-364.9568939991295
 30
0.0
 11
942.179915599525
 21
-364.9568939991295
 31
0.0
1001
AcDbBlockRepETag
1070
     1
1071
     1303
1005
2831
  0
LINE
  5
2832
330
2333
100
AcDbEntity
  8
0
 62
     0
100
AcDbLine
 10
1216.345108400099
 20
-361.5142211997881
 30
0.0
 11
1216.345108400099
 21
99.35461079981179
 31
0.0
1001
AcDbBlockRepETag
1070
     1
1071
     1304
1005
2832
  0
LINE
  5
2833
330
2333
100
AcDbEntity
  8
0
 62
     0
100
AcDbLine
 10
1206.424703599885
 20
-394.1969111990184
 30
0.0
 11
1206.424703599885
 21
-361.5142211997881
 31
0.0
1001
AcDbBlockRepETag
1070
     1
1071
     1305
1005
2833
  0
LINE
  5
2834
330
2333
100
AcDbEntity
  8
0
 62
     0
100
AcDbLine
 10
827.2589079998434
 20
-394.1969111990184
 30
0.0
 11
1224.757908400148
 21
-394.1969111990184
 31
0.0
1001
AcDbBlockRepETag
1070
     1
1071
     1306
1005
2834
  0
LINE
  5
2835
330
2333
100
AcDbEntity
  8
0
 62
     0
100
AcDbLine
 10
1234.229238400236
 20
-394.1969111990184
 30
0.0
 11
827.2589079998434
 21
-394.1969111990184
 31
0.0
1001
AcDbBlockRepETag
1070
     1
1071
     1307
1005
2835
  0
LINE
  5
2836
330
2333
100
AcDbEntity
  8
0
 62
     0
100
AcDbLine
 10
1227.750966799445
 20
-466.5748499995097
 30
0.0
 11
1228.98384079989
 21
-469.3825367996469
 31
0.0
1001
AcDbBlockRepETag
1070
     1
1071
     1308
1005
2836
  0
LINE
  5
2837
330
2333
100
AcDbEntity
  8
0
 62
     0
100
AcDbLine
 10
1227.997908799909
 20
-463.4646011991426
 30
0.0
 11
1227.750966799445
 21
-466.5748499995097
 31
0.0
1001
AcDbBlockRepETag
1070
     1
1071
     1309
1005
2837
  0
LINE
  5
2838
330
2333
100
AcDbEntity
  8
0
 62
     0
100
AcDbLine
 10
1228.737168799154
 20
-454.608417599462
 30
0.0
 11
1227.997908799909
 21
-463.4646011991426
 31
0.0
1001
AcDbBlockRepETag
1070
     1
1071
     1310
1005
2838
  0
LINE
  5
2839
330
2333
100
AcDbEntity
  8
0
 62
     0
100
AcDbLine
 10
1228.98384079989
 20
-469.3825367996469
 30
0.0
 11
1232.353645999916
 21
-471.4381007989868
 31
0.0
1001
AcDbBlockRepETag
1070
     1
1071
     1311
1005
2839
  0
LINE
  5
283A
330
2333
100
AcDbEntity
  8
0
 62
     0
100
AcDbLine
 10
1228.737168799154
 20
-454.608417599462
 30
0.0
 11
1229.838207199238
 21
-456.3812483996152
 31
0.0
1001
AcDbBlockRepETag
1070
     1
1071
     1312
1005
283A
  0
LINE
  5
283B
330
2333
100
AcDbEntity
  8
0
 62
     0
100
AcDbLine
 10
1229.599764799699
 20
-445.3325243992731
 30
0.0
 11
1228.737168799154
 21
-454.608417599462
 31
0.0
1001
AcDbBlockRepETag
1070
     1
1071
     1313
1005
283B
  0
LINE
  5
283C
330
2333
100
AcDbEntity
  8
0
 62
     0
100
AcDbLine
 10
1229.838207199238
 20
-456.3812483996152
 30
0.0
 11
1229.198080400005
 21
-465.9895655997097
 31
0.0
1001
AcDbBlockRepETag
1070
     1
1071
     1314
1005
283C
  0
LINE
  5
283D
330
2333
100
AcDbEntity
  8
0
 62
     0
100
AcDbLine
 10
1232.353645999916
 20
-471.4381007989868
 30
0.0
 11
1236.957340399734
 21
-472.1899751992896
 31
0.0
1001
AcDbBlockRepETag
1070
     1
1071
     1315
1005
283D
  0
LINE
  5
283E
330
2333
100
AcDbEntity
  8
0
 62
     0
100
AcDbLine
 10
1229.838207199238
 20
-456.3812483996152
 30
0.0
 11
1230.669385999441
 21
-445.3325243992731
 31
0.0
1001
AcDbBlockRepETag
1070
     1
1071
     1316
1005
283E
  0
LINE
  5
283F
330
2333
100
AcDbEntity
  8
0
 62
     0
100
AcDbLine
 10
1232.847249199636
 20
-457.6784903993829
 30
0.0
 11
1229.838207199238
 21
-456.3812483996152
 31
0.0
1001
AcDbBlockRepETag
1070
     1
1071
     1317
1005
283F
  0
LINE
  5
2840
330
2333
100
AcDbEntity
  8
0
 62
     0
100
AcDbLine
 10
1233.357862399891
 20
-445.3325243992731
 30
0.0
 11
1232.847249199636
 21
-457.6784903993829
 31
0.0
1001
AcDbBlockRepETag
1070
     1
1071
     1318
1005
2840
  0
LINE
  5
2841
330
2333
100
AcDbEntity
  8
0
 62
     0
100
AcDbLine
 10
1237.058017999865
 20
-74.38404959999025
 30
0.0
 11
1236.030624800362
 21
-76.72542480006814
 31
0.0
1001
AcDbBlockRepETag
1070
     1
1071
     1319
1005
2841
  0
LINE
  5
2842
330
2333
100
AcDbEntity
  8
0
 62
     0
100
AcDbLine
 10
1236.957340399734
 20
-458.1543383989482
 30
0.0
 11
1236.957340399734
 21
-445.3325243992731
 31
0.0
1001
AcDbBlockRepETag
1070
     1
1071
     1320
1005
2842
  0
LINE
  5
2843
330
2333
100
AcDbEntity
  8
0
 62
     0
100
AcDbLine
 10
1236.957340399734
 20
-472.1899751992896
 30
0.0
 11
1241.56104559917
 21
-471.4381007989868
 31
0.0
1001
AcDbBlockRepETag
1070
     1
1071
     1321
1005
2843
  0
LINE
  5
2844
330
2333
100
AcDbEntity
  8
0
 62
     0
100
AcDbLine
 10
1240.557077599689
 20
-445.3325243992731
 30
0.0
 11
1241.067431599833
 21
-457.6784903993829
 31
0.0
1001
AcDbBlockRepETag
1070
     1
1071
     1322
1005
2844
  0
LINE
  5
2845
330
2333
100
AcDbEntity
  8
0
 62
     0
100
AcDbLine
 10
1241.067431599833
 20
-457.6784903993829
 30
0.0
 11
1244.076484399848
 21
-456.3812483996152
 31
0.0
1001
AcDbBlockRepETag
1070
     1
1071
     1323
1005
2845
  0
LINE
  5
2846
330
2333
100
AcDbEntity
  8
0
 62
     0
100
AcDbLine
 10
1241.56104559917
 20
-471.4381007989868
 30
0.0
 11
1244.930839999579
 21
-469.3825367996469
 31
0.0
1001
AcDbBlockRepETag
1070
     1
1071
     1324
1005
2846
  0
LINE
  5
2847
330
2333
100
AcDbEntity
  8
0
 62
     0
100
AcDbLine
 10
1244.076484399848
 20
-456.3812483996152
 30
0.0
 11
1243.245553999208
 21
-445.3325243992731
 31
0.0
1001
AcDbBlockRepETag
1070
     1
1071
     1325
1005
2847
  0
LINE
  5
2848
330
2333
100
AcDbEntity
  8
0
 62
     0
100
AcDbLine
 10
1244.930839999579
 20
-469.3825367996469
 30
0.0
 11
1246.163713999093
 21
-466.5748499995097
 31
0.0
1001
AcDbBlockRepETag
1070
     1
1071
     1326
1005
2848
  0
LINE
  5
2849
330
2333
100
AcDbEntity
  8
0
 62
     0
100
AcDbLine
 10
1244.076484399848
 20
-456.3812483996152
 30
0.0
 11
1244.716611199081
 21
-465.9895655997097
 31
0.0
1001
AcDbBlockRepETag
1070
     1
1071
     1327
1005
2849
  0
LINE
  5
284A
330
2333
100
AcDbEntity
  8
0
 62
     0
100
AcDbLine
 10
1245.177522799931
 20
-454.608417599462
 30
0.0
 11
1244.076484399848
 21
-456.3812483996152
 31
0.0
1001
AcDbBlockRepETag
1070
     1
1071
     1328
1005
284A
  0
LINE
  5
284B
330
2333
100
AcDbEntity
  8
0
 62
     0
100
AcDbLine
 10
1245.177522799931
 20
-454.608417599462
 30
0.0
 11
1244.31491599977
 21
-445.3325243992731
 31
0.0
1001
AcDbBlockRepETag
1070
     1
1071
     1329
1005
284B
  0
LINE
  5
284C
330
2333
100
AcDbEntity
  8
0
 62
     0
100
AcDbLine
 10
1245.917031199671
 20
-463.4646011991426
 30
0.0
 11
1245.177522799931
 21
-454.608417599462
 31
0.0
1001
AcDbBlockRepETag
1070
     1
1071
     1330
1005
284C
  0
LINE
  5
284D
330
2333
100
AcDbEntity
  8
0
 62
     0
100
AcDbLine
 10
1246.163713999093
 20
-466.5748499995097
 30
0.0
 11
1245.917031199671
 21
-463.4646011991426
 31
0.0
1001
AcDbBlockRepETag
1070
     1
1071
     1331
1005
284D
  0
LINE
  5
284E
330
2333
100
AcDbEntity
  8
0
 62
     0
100
AcDbLine
 10
1256.948259199969
 20
-285.5198159990832
 30
0.0
 11
1256.861740400083
 21
-285.4206827990711
 31
0.0
1001
AcDbBlockRepETag
1070
     1
1071
     1332
1005
284E
  0
LINE
  5
284F
330
2333
100
AcDbEntity
  8
0
 62
     0
100
AcDbLine
 10
1261.769282000139
 20
-218.7856007991359
 30
0.0
 11
1260.466888399794
 21
-22.62222000025213
 31
0.0
1001
AcDbBlockRepETag
1070
     1
1071
     1333
1005
284F
  0
LINE
  5
2850
330
2333
100
AcDbEntity
  8
0
 62
     0
100
AcDbLine
 10
1276.933497199788
 20
-46.84089600015432
 30
0.0
 11
1276.462293200195
 21
-39.7745423996821
 31
0.0
1001
AcDbBlockRepETag
1070
     1
1071
     1334
1005
2850
  0
LINE
  5
2851
330
2333
100
AcDbEntity
  8
0
 62
     0
100
AcDbLine
 10
1276.933497199788
 20
-202.8818555995822
 30
0.0
 11
1276.933497199788
 21
-46.84089600015432
 31
0.0
1001
AcDbBlockRepETag
1070
     1
1071
     1335
1005
2851
  0
LINE
  5
2852
330
2333
100
AcDbEntity
  8
0
 62
     0
100
AcDbLine
 10
1341.324285199865
 20
-125.7936263997107
 30
0.0
 11
1342.077444800176
 21
-131.8549859998747
 31
0.0
1001
AcDbBlockRepETag
1070
     1
1071
     1336
1005
2852
  0
LINE
  5
2853
330
2333
100
AcDbEntity
  8
0
 62
     0
100
AcDbLine
 10
1339.118093600496
 20
-120.144762000069
 30
0.0
 11
1341.324285199865
 21
-125.7936263997107
 31
0.0
1001
AcDbBlockRepETag
1070
     1
1071
     1337
1005
2853
  0
LINE
  5
2854
330
2333
100
AcDbEntity
  8
0
 62
     0
100
AcDbLine
 10
1335.60692720022
 20
-115.2943847998976
 30
0.0
 11
1339.118093600496
 21
-120.144762000069
 31
0.0
1001
AcDbBlockRepETag
1070
     1
1071
     1338
1005
2854
  0
LINE
  5
2855
330
2333
100
AcDbEntity
  8
0
 62
     0
100
AcDbLine
 10
1331.032846400514
 20
-111.5723375994712
 30
0.0
 11
1335.60692720022
 21
-115.2943847998976
 31
0.0
1001
AcDbBlockRepETag
1070
     1
1071
     1339
1005
2855
  0
LINE
  5
2856
330
2333
100
AcDbEntity
  8
0
 62
     0
100
AcDbLine
 10
1325.704558400437
 20
-109.2319883992895
 30
0.0
 11
1331.032846400514
 21
-111.5723375994712
 31
0.0
1001
AcDbBlockRepETag
1070
     1
1071
     1340
1005
2856
  0
LINE
  5
2857
330
2333
100
AcDbEntity
  8
0
 62
     0
100
AcDbLine
 10
1319.987978000194
 20
-108.4345379993319
 30
0.0
 11
1325.704558400437
 21
-109.2319883992895
 31
0.0
1001
AcDbBlockRepETag
1070
     1
1071
     1341
1005
2857
  0
LINE
  5
2858
330
2333
100
AcDbEntity
  8
0
 62
     0
100
AcDbLine
 10
1314.270619999617
 20
-109.2319883992895
 30
0.0
 11
1319.987978000194
 21
-108.4345379993319
 31
0.0
1001
AcDbBlockRepETag
1070
     1
1071
     1342
1005
2858
  0
LINE
  5
2859
330
2333
100
AcDbEntity
  8
0
 62
     0
100
AcDbLine
 10
1308.943368799984
 20
-111.5723375994712
 30
0.0
 11
1314.270619999617
 21
-109.2319883992895
 31
0.0
1001
AcDbBlockRepETag
1070
     1
1071
     1343
1005
2859
  0
LINE
  5
285A
330
2333
100
AcDbEntity
  8
0
 62
     0
100
AcDbLine
 10
1304.368251199834
 20
-115.2943847998976
 30
0.0
 11
1308.943368799984
 21
-111.5723375994712
 31
0.0
1001
AcDbBlockRepETag
1070
     1
1071
     1344
1005
285A
  0
LINE
  5
285B
330
2333
100
AcDbEntity
  8
0
 62
     0
100
AcDbLine
 10
1300.858121600002
 20
-120.144762000069
 30
0.0
 11
1304.368251199834
 21
-115.2943847998976
 31
0.0
1001
AcDbBlockRepETag
1070
     1
1071
     1345
1005
285B
  0
LINE
  5
285C
330
2333
100
AcDbEntity
  8
0
 62
     0
100
AcDbLine
 10
1298.650644799694
 20
-125.7936263997107
 30
0.0
 11
1300.858121600002
 21
-120.144762000069
 31
0.0
1001
AcDbBlockRepETag
1070
     1
1071
     1346
1005
285C
  0
LINE
  5
285D
330
2333
100
AcDbEntity
  8
0
 62
     0
100
AcDbLine
 10
1297.898759599775
 20
-131.8549859998747
 30
0.0
 11
1298.650644799694
 21
-125.7936263997107
 31
0.0
1001
AcDbBlockRepETag
1070
     1
1071
     1347
1005
285D
  0
LINE
  5
285E
330
2333
100
AcDbEntity
  8
0
 62
     0
100
AcDbLine
 10
1298.650644799694
 20
-137.9173823995516
 30
0.0
 11
1297.898759599775
 21
-131.8549859998747
 31
0.0
1001
AcDbBlockRepETag
1070
     1
1071
     1348
1005
285E
  0
LINE
  5
285F
330
2333
100
AcDbEntity
  8
0
 62
     0
100
AcDbLine
 10
1300.858121600002
 20
-143.5662468001246
 30
0.0
 11
1298.650644799694
 21
-137.9173823995516
 31
0.0
1001
AcDbBlockRepETag
1070
     1
1071
     1349
1005
285F
  0
LINE
  5
2860
330
2333
100
AcDbEntity
  8
0
 62
     0
100
AcDbLine
 10
1304.368251199834
 20
-148.4168723998591
 30
0.0
 11
1300.858121600002
 21
-143.5662468001246
 31
0.0
1001
AcDbBlockRepETag
1070
     1
1071
     1350
1005
2860
  0
LINE
  5
2861
330
2333
100
AcDbEntity
  8
0
 62
     0
100
AcDbLine
 10
1308.943368799984
 20
-152.1386711997911
 30
0.0
 11
1304.368251199834
 21
-148.4168723998591
 31
0.0
1001
AcDbBlockRepETag
1070
     1
1071
     1351
1005
2861
  0
LINE
  5
2862
330
2333
100
AcDbEntity
  8
0
 62
     0
100
AcDbLine
 10
1314.270619999617
 20
-154.4790095994249
 30
0.0
 11
1308.943368799984
 21
-152.1386711997911
 31
0.0
1001
AcDbBlockRepETag
1070
     1
1071
     1352
1005
2862
  0
LINE
  5
2863
330
2333
100
AcDbEntity
  8
0
 62
     0
100
AcDbLine
 10
1319.987978000194
 20
-155.2764707999304
 30
0.0
 11
1314.270619999617
 21
-154.4790095994249
 31
0.0
1001
AcDbBlockRepETag
1070
     1
1071
     1353
1005
2863
  0
LINE
  5
2864
330
2333
100
AcDbEntity
  8
0
 62
     0
100
AcDbLine
 10
1325.704558400437
 20
-154.4790095994249
 30
0.0
 11
1319.987978000194
 21
-155.2764707999304
 31
0.0
1001
AcDbBlockRepETag
1070
     1
1071
     1354
1005
2864
  0
LINE
  5
2865
330
2333
100
AcDbEntity
  8
0
 62
     0
100
AcDbLine
 10
1331.032846400514
 20
-152.1386711997911
 30
0.0
 11
1325.704558400437
 21
-154.4790095994249
 31
0.0
1001
AcDbBlockRepETag
1070
     1
1071
     1355
1005
2865
  0
LINE
  5
2866
330
2333
100
AcDbEntity
  8
0
 62
     0
100
AcDbLine
 10
1335.60692720022
 20
-148.4168723998591
 30
0.0
 11
1331.032846400514
 21
-152.1386711997911
 31
0.0
1001
AcDbBlockRepETag
1070
     1
1071
     1356
1005
2866
  0
LINE
  5
2867
330
2333
100
AcDbEntity
  8
0
 62
     0
100
AcDbLine
 10
1339.118093600496
 20
-143.5662468001246
 30
0.0
 11
1335.60692720022
 21
-148.4168723998591
 31
0.0
1001
AcDbBlockRepETag
1070
     1
1071
     1357
1005
2867
  0
LINE
  5
2868
330
2333
100
AcDbEntity
  8
0
 62
     0
100
AcDbLine
 10
1341.324285199865
 20
-137.9173823995516
 30
0.0
 11
1339.118093600496
 21
-143.5662468001246
 31
0.0
1001
AcDbBlockRepETag
1070
     1
1071
     1358
1005
2868
  0
LINE
  5
2869
330
2333
100
AcDbEntity
  8
0
 62
     0
100
AcDbLine
 10
1342.077444800176
 20
-131.8549859998747
 30
0.0
 11
1341.324285199865
 21
-137.9173823995516
 31
0.0
1001
AcDbBlockRepETag
1070
     1
1071
     1359
1005
2869
  0
LINE
  5
286A
330
2333
100
AcDbEntity
  8
0
 62
     0
100
AcDbLine
 10
1487.229844399728
 20
-246.5996291991323
 30
0.0
 11
1483.333733600564
 21
-251.879511599429
 31
0.0
1001
AcDbBlockRepETag
1070
     1
1071
     1360
1005
286A
  0
LINE
  5
286B
330
2333
100
AcDbEntity
  8
0
 62
     0
100
AcDbLine
 10
1276.933497199788
 20
-202.8818555995822
 30
0.0
 11
1292.614773199894
 21
-245.6263115992769
 31
0.0
1001
AcDbBlockRepETag
1070
     1
1071
     1361
1005
286B
  0
LINE
  5
286C
330
2333
100
AcDbEntity
  8
0
 62
     0
100
AcDbLine
 10
1261.769282000139
 20
-218.7856007991359
 30
0.0
 11
1276.933497199788
 21
-202.8818555995822
 31
0.0
1001
AcDbBlockRepETag
1070
     1
1071
     1362
1005
286C
  0
LINE
  5
286D
330
2333
100
AcDbEntity
  8
0
 62
     0
100
AcDbLine
 10
1270.79952920042
 20
-246.451053599827
 30
0.0
 11
1261.769282000139
 21
-218.7856007991359
 31
0.0
1001
AcDbBlockRepETag
1070
     1
1071
     1363
1005
286D
  0
LINE
  5
286E
330
2333
100
AcDbEntity
  8
0
 62
     0
100
AcDbLine
 10
1287.197903600521
 20
-270.0697787990794
 30
0.0
 11
1270.79952920042
 21
-246.451053599827
 31
0.0
1001
AcDbBlockRepETag
1070
     1
1071
     1364
1005
286E
  0
LINE
  5
286F
330
2333
100
AcDbEntity
  8
0
 62
     0
100
AcDbLine
 10
1309.472773999907
 20
-287.4551219996065
 30
0.0
 11
1287.197903600521
 21
-270.0697787990794
 31
0.0
1001
AcDbBlockRepETag
1070
     1
1071
     1365
1005
286F
  0
LINE
  5
2870
330
2333
100
AcDbEntity
  8
0
 62
     0
100
AcDbLine
 10
1335.564699199982
 20
-297.0307367993519
 30
0.0
 11
1309.472773999907
 21
-287.4551219996065
 31
0.0
1001
AcDbBlockRepETag
1070
     1
1071
     1366
1005
2870
  0
LINE
  5
2871
330
2333
100
AcDbEntity
  8
0
 62
     0
100
AcDbLine
 10
1450.234671199694
 20
-296.0666855992749
 30
0.0
 11
1335.564699199982
 21
-297.0307367993519
 31
0.0
1001
AcDbBlockRepETag
1070
     1
1071
     1367
1005
2871
  0
LINE
  5
2872
330
2333
100
AcDbEntity
  8
0
 62
     0
100
AcDbLine
 10
1476.203001200221
 20
-285.0735815996304
 30
0.0
 11
1450.234671199694
 21
-296.0666855992749
 31
0.0
1001
AcDbBlockRepETag
1070
     1
1071
     1368
1005
2872
  0
LINE
  5
2873
330
2333
100
AcDbEntity
  8
0
 62
     0
100
AcDbLine
 10
1497.513053599745
 20
-265.879346399568
 30
0.0
 11
1476.203001200221
 21
-285.0735815996304
 31
0.0
1001
AcDbBlockRepETag
1070
     1
1071
     1369
1005
2873
  0
LINE
  5
2874
330
2333
100
AcDbEntity
  8
0
 62
     0
100
AcDbLine
 10
1498.500270799733
 20
-19.53282599989325
 30
0.0
 11
1471.533901999704
 21
18.54973440058529
 31
0.0
1001
AcDbBlockRepETag
1070
     1
1071
     1370
1005
2874
  0
LINE
  5
2875
330
2333
100
AcDbEntity
  8
0
 62
     0
100
AcDbLine
 10
1276.462293200195
 20
-39.7745423996821
 30
0.0
 11
1287.413946799934
 21
0.2804112005978823
 31
0.0
1001
AcDbBlockRepETag
1070
     1
1071
     1371
1005
2875
  0
LINE
  5
2876
330
2333
100
AcDbEntity
  8
0
 62
     0
100
AcDbLine
 10
1260.466888399794
 20
-22.62222000025213
 30
0.0
 11
1276.462293200195
 21
-39.7745423996821
 31
0.0
1001
AcDbBlockRepETag
1070
     1
1071
     1372
1005
2876
  0
LINE
  5
2877
330
2333
100
AcDbEntity
  8
0
 62
     0
100
AcDbLine
 10
1268.625780800357
 20
7.24866840057075
 30
0.0
 11
1260.466888399794
 21
-22.62222000025213
 31
0.0
1001
AcDbBlockRepETag
1070
     1
1071
     1373
1005
2877
  0
LINE
  5
2878
330
2333
100
AcDbEntity
  8
0
 62
     0
100
AcDbLine
 10
1287.171389600262
 20
31.34193480014801
 30
0.0
 11
1268.625780800357
 21
7.24866840057075
 31
0.0
1001
AcDbBlockRepETag
1070
     1
1071
     1374
1005
2878
  0
LINE
  5
2879
330
2333
100
AcDbEntity
  8
0
 62
     0
100
AcDbLine
 10
1313.207435600459
 20
45.82715400028973
 30
0.0
 11
1287.171389600262
 21
31.34193480014801
 31
0.0
1001
AcDbBlockRepETag
1070
     1
1071
     1375
1005
2879
  0
LINE
  5
287A
330
2333
100
AcDbEntity
  8
0
 62
     0
100
AcDbLine
 10
1343.199597200379
 20
48.31606800016015
 30
0.0
 11
1313.207435600459
 21
45.82715400028973
 31
0.0
1001
AcDbBlockRepETag
1070
     1
1071
     1376
1005
287A
  0
LINE
  5
287B
330
2333
100
AcDbEntity
  8
0
 62
     0
100
AcDbLine
 10
1464.905283200554
 20
44.44957080017775
 30
0.0
 11
1343.199597200379
 21
48.31606800016015
 31
0.0
1001
AcDbBlockRepETag
1070
     1
1071
     1377
1005
287B
  0
LINE
  5
287C
330
2333
100
AcDbEntity
  8
0
 62
     0
100
AcDbLine
 10
1490.207231599837
 20
29.68188840057701
 30
0.0
 11
1464.905283200554
 21
44.44957080017775
 31
0.0
1001
AcDbBlockRepETag
1070
     1
1071
     1378
1005
287C
  0
LINE
  5
287D
330
2333
100
AcDbEntity
  8
0
 62
     0
100
AcDbLine
 10
1508.578766000457
 20
6.137067600153386
 30
0.0
 11
1490.207231599837
 21
29.68188840057701
 31
0.0
1001
AcDbBlockRepETag
1070
     1
1071
     1379
1005
287D
  0
LINE
  5
287E
330
2333
100
AcDbEntity
  8
0
 62
     0
100
AcDbLine
 10
1493.769892400131
 20
-235.0835567992181
 30
0.0
 11
1511.961185600608
 21
-240.441447599791
 31
0.0
1001
AcDbBlockRepETag
1070
     1
1071
     1380
1005
287E
  0
LINE
  5
287F
330
2333
100
AcDbEntity
  8
0
 62
     0
100
AcDbLine
 10
1501.876253600232
 20
-39.89144159946591
 30
0.0
 11
1493.769892400131
 21
-235.0835567992181
 31
0.0
1001
AcDbBlockRepETag
1070
     1
1071
     1381
1005
287F
  0
LINE
  5
2880
330
2333
100
AcDbEntity
  8
0
 62
     0
100
AcDbLine
 10
1498.500270799733
 20
-19.53282599989325
 30
0.0
 11
1501.876253600232
 21
-39.89144159946591
 31
0.0
1001
AcDbBlockRepETag
1070
     1
1071
     1382
1005
2880
  0
LINE
  5
2881
330
2333
100
AcDbEntity
  8
0
 62
     0
100
AcDbLine
 10
1508.578766000457
 20
6.137067600153386
 30
0.0
 11
1498.500270799733
 21
-19.53282599989325
 31
0.0
1001
AcDbBlockRepETag
1070
     1
1071
     1383
1005
2881
  0
LINE
  5
2882
330
2333
100
AcDbEntity
  8
0
 62
     0
100
AcDbLine
 10
1517.514264800586
 20
-22.91524560004473
 30
0.0
 11
1508.578766000457
 21
6.137067600153386
 31
0.0
1001
AcDbBlockRepETag
1070
     1
1071
     1384
1005
2882
  0
LINE
  5
2883
330
2333
100
AcDbEntity
  8
0
 62
     0
100
AcDbLine
 10
1490.720922799781
 20
-240.9824411999434
 30
0.0
 11
1493.769892400131
 21
-235.0835567992181
 31
0.0
1001
AcDbBlockRepETag
1070
     1
1071
     1385
1005
2883
  0
LINE
  5
2884
330
2333
100
AcDbEntity
  8
0
 62
     0
100
AcDbLine
 10
1487.229844399728
 20
-246.5996291991323
 30
0.0
 11
1490.720922799781
 21
-240.9824411999434
 31
0.0
1001
AcDbBlockRepETag
1070
     1
1071
     1386
1005
2884
  0
LINE
  5
2885
330
2333
100
AcDbEntity
  8
0
 62
     0
100
AcDbLine
 10
1497.513053599745
 20
-265.879346399568
 30
0.0
 11
1487.229844399728
 21
-246.5996291991323
 31
0.0
1001
AcDbBlockRepETag
1070
     1
1071
     1387
1005
2885
  0
LINE
  5
2886
330
2333
100
AcDbEntity
  8
0
 62
     0
100
AcDbLine
 10
1511.961185600608
 20
-240.441447599791
 30
0.0
 11
1497.513053599745
 21
-265.879346399568
 31
0.0
1001
AcDbBlockRepETag
1070
     1
1071
     1388
1005
2886
  0
LINE
  5
2887
330
2333
100
AcDbEntity
  8
0
 62
     0
100
AcDbLine
 10
1517.514264800586
 20
-22.91524560004473
 30
0.0
 11
1511.961185600608
 21
-240.441447599791
 31
0.0
1001
AcDbBlockRepETag
1070
     1
1071
     1389
1005
2887
  0
LINE
  5
2888
330
2333
100
AcDbEntity
  8
0
 62
     0
100
AcDbLine
 10
1529.074628000147
 20
-6.716422799974679
 30
0.0
 11
1531.053198800422
 21
-23.12612640019506
 31
0.0
1001
AcDbBlockRepETag
1070
     1
1071
     1390
1005
2888
  0
LINE
  5
2889
330
2333
100
AcDbEntity
  8
0
 62
     0
100
AcDbLine
 10
1524.242016799748
 20
9.013258799910545
 30
0.0
 11
1529.074628000147
 21
-6.716422799974679
 31
0.0
1001
AcDbBlockRepETag
1070
     1
1071
     1391
1005
2889
  0
LINE
  5
288A
330
2333
100
AcDbEntity
  8
0
 62
     0
100
AcDbLine
 10
1516.675612400286
 20
23.58576359972358
 30
0.0
 11
1524.242016799748
 21
9.013258799910545
 31
0.0
1001
AcDbBlockRepETag
1070
     1
1071
     1392
1005
288A
  0
LINE
  5
288B
330
2333
100
AcDbEntity
  8
0
 62
     0
100
AcDbLine
 10
1506.72585320007
 20
36.32853240054101
 30
0.0
 11
1516.675612400286
 21
23.58576359972358
 31
0.0
1001
AcDbBlockRepETag
1070
     1
1071
     1393
1005
288B
  0
LINE
  5
288C
330
2333
100
AcDbEntity
  8
0
 62
     0
100
AcDbLine
 10
1494.707678000442
 20
46.878750000149
 30
0.0
 11
1506.72585320007
 21
36.32853240054101
 31
0.0
1001
AcDbBlockRepETag
1070
     1
1071
     1394
1005
288C
  0
LINE
  5
288D
330
2333
100
AcDbEntity
  8
0
 62
     0
100
AcDbLine
 10
1480.964030000381
 20
54.90065519977361
 30
0.0
 11
1494.707678000442
 21
46.878750000149
 31
0.0
1001
AcDbBlockRepETag
1070
     1
1071
     1395
1005
288D
  0
LINE
  5
288E
330
2333
100
AcDbEntity
  8
0
 62
     0
100
AcDbLine
 10
1466.128631600179
 20
60.02526600006968
 30
0.0
 11
1480.964030000381
 21
54.90065519977361
 31
0.0
1001
AcDbBlockRepETag
1070
     1
1071
     1396
1005
288E
  0
LINE
  5
288F
330
2333
100
AcDbEntity
  8
0
 62
     0
100
AcDbLine
 10
1450.65232880041
 20
62.12305800057947
 30
0.0
 11
1466.128631600179
 21
60.02526600006968
 31
0.0
1001
AcDbBlockRepETag
1070
     1
1071
     1397
1005
288F
  0
LINE
  5
2890
330
2333
100
AcDbEntity
  8
0
 62
     0
100
AcDbLine
 10
1335.993945199996
 20
62.00718479976058
 30
0.0
 11
1450.65232880041
 21
62.12305800057947
 31
0.0
1001
AcDbBlockRepETag
1070
     1
1071
     1398
1005
2890
  0
LINE
  5
2891
330
2333
100
AcDbEntity
  8
0
 62
     0
100
AcDbLine
 10
1320.05131999962
 20
62.34990120027214
 30
0.0
 11
1335.993945199996
 21
62.00718479976058
 31
0.0
1001
AcDbBlockRepETag
1070
     1
1071
     1399
1005
2891
  0
LINE
  5
2892
330
2333
100
AcDbEntity
  8
0
 62
     0
100
AcDbLine
 10
1289.647948400117
 20
53.01272880006582
 30
0.0
 11
1320.05131999962
 21
62.34990120027214
 31
0.0
1001
AcDbBlockRepETag
1070
     1
1071
     1400
1005
2892
  0
LINE
  5
2893
330
2333
100
AcDbEntity
  8
0
 62
     0
100
AcDbLine
 10
1282.757710400037
 20
48.69484560005367
 30
0.0
 11
1289.647948400117
 21
53.01272880006582
 31
0.0
1001
AcDbBlockRepETag
1070
     1
1071
     1401
1005
2893
  0
LINE
  5
2894
330
2333
100
AcDbEntity
  8
0
 62
     0
100
AcDbLine
 10
1270.453713200055
 20
38.03930640034378
 30
0.0
 11
1282.757710400037
 21
48.69484560005367
 31
0.0
1001
AcDbBlockRepETag
1070
     1
1071
     1402
1005
2894
  0
LINE
  5
2895
330
2333
100
AcDbEntity
  8
0
 62
     0
100
AcDbLine
 10
1260.404572400264
 20
24.99398639984429
 30
0.0
 11
1270.453713200055
 21
38.03930640034378
 31
0.0
1001
AcDbBlockRepETag
1070
     1
1071
     1403
1005
2895
  0
LINE
  5
2896
330
2333
100
AcDbEntity
  8
0
 62
     0
100
AcDbLine
 10
1252.976440399885
 20
9.984513600356876
 30
0.0
 11
1260.404572400264
 21
24.99398639984429
 31
0.0
1001
AcDbBlockRepETag
1070
     1
1071
     1404
1005
2896
  0
LINE
  5
2897
330
2333
100
AcDbEntity
  8
0
 62
     0
100
AcDbLine
 10
1248.562512800097
 20
-6.197569199837744
 30
0.0
 11
1252.976440399885
 21
9.984513600356876
 31
0.0
1001
AcDbBlockRepETag
1070
     1
1071
     1405
1005
2897
  0
LINE
  5
2898
330
2333
100
AcDbEntity
  8
0
 62
     0
100
AcDbLine
 10
1247.285348000005
 20
-22.98708719946444
 30
0.0
 11
1248.562512800097
 21
-6.197569199837744
 31
0.0
1001
AcDbBlockRepETag
1070
     1
1071
     1406
1005
2898
  0
LINE
  5
2899
330
2333
100
AcDbEntity
  8
0
 62
     0
100
AcDbLine
 10
1247.849518399685
 20
-143.8288811994716
 30
0.0
 11
1247.285348000005
 21
-22.98708719946444
 31
0.0
1001
AcDbBlockRepETag
1070
     1
1071
     1407
1005
2899
  0
LINE
  5
289A
330
2333
100
AcDbEntity
  8
0
 62
     0
100
AcDbLine
 10
1247.849518399685
 20
-218.3700059996918
 30
0.0
 11
1247.849518399685
 21
-143.8288811994716
 31
0.0
1001
AcDbBlockRepETag
1070
     1
1071
     1408
1005
289A
  0
LINE
  5
289B
330
2333
100
AcDbEntity
  8
0
 62
     0
100
AcDbLine
 10
1252.743408800103
 20
-241.5594851998612
 30
0.0
 11
1247.849518399685
 21
-218.3700059996918
 31
0.0
1001
AcDbBlockRepETag
1070
     1
1071
     1409
1005
289B
  0
LINE
  5
289C
330
2333
100
AcDbEntity
  8
0
 62
     0
100
AcDbLine
 10
1262.415845599957
 20
-262.9949255995452
 30
0.0
 11
1252.743408800103
 21
-241.5594851998612
 31
0.0
1001
AcDbBlockRepETag
1070
     1
1071
     1410
1005
289C
  0
LINE
  5
289D
330
2333
100
AcDbEntity
  8
0
 62
     0
100
AcDbLine
 10
1276.373452399857
 20
-281.585851199925
 30
0.0
 11
1262.415845599957
 21
-262.9949255995452
 31
0.0
1001
AcDbBlockRepETag
1070
     1
1071
     1411
1005
289D
  0
LINE
  5
289E
330
2333
100
AcDbEntity
  8
0
 62
     0
100
AcDbLine
 10
1281.850575200282
 20
-286.9720703996718
 30
0.0
 11
1276.373452399857
 21
-281.585851199925
 31
0.0
1001
AcDbBlockRepETag
1070
     1
1071
     1412
1005
289E
  0
LINE
  5
289F
330
2333
100
AcDbEntity
  8
0
 62
     0
100
AcDbLine
 10
1287.703106000088
 20
-291.9133403990418
 30
0.0
 11
1281.850575200282
 21
-286.9720703996718
 31
0.0
1001
AcDbBlockRepETag
1070
     1
1071
     1413
1005
289F
  0
LINE
  5
28A0
330
2333
100
AcDbEntity
  8
0
 62
     0
100
AcDbLine
 10
1293.906604399905
 20
-296.3852099999785
 30
0.0
 11
1287.703106000088
 21
-291.9133403990418
 31
0.0
1001
AcDbBlockRepETag
1070
     1
1071
     1414
1005
28A0
  0
LINE
  5
28A1
330
2333
100
AcDbEntity
  8
0
 62
     0
100
AcDbLine
 10
1300.411887200549
 20
-300.3477515997365
 30
0.0
 11
1293.906604399905
 21
-296.3852099999785
 31
0.0
1001
AcDbBlockRepETag
1070
     1
1071
     1415
1005
28A1
  0
LINE
  5
28A2
330
2333
100
AcDbEntity
  8
0
 62
     0
100
AcDbLine
 10
1307.161012399941
 20
-303.7700771996751
 30
0.0
 11
1300.411887200549
 21
-300.3477515997365
 31
0.0
1001
AcDbBlockRepETag
1070
     1
1071
     1416
1005
28A2
  0
LINE
  5
28A3
330
2333
100
AcDbEntity
  8
0
 62
     0
100
AcDbLine
 10
1328.56992799975
 20
-310.6814291998744
 30
0.0
 11
1307.161012399941
 21
-303.7700771996751
 31
0.0
1001
AcDbBlockRepETag
1070
     1
1071
     1417
1005
28A3
  0
LINE
  5
28A4
330
2333
100
AcDbEntity
  8
0
 62
     0
100
AcDbLine
 10
1335.993945199996
 20
-311.8300955994055
 30
0.0
 11
1328.56992799975
 21
-310.6814291998744
 31
0.0
1001
AcDbBlockRepETag
1070
     1
1071
     1418
1005
28A4
  0
LINE
  5
28A5
330
2333
100
AcDbEntity
  8
0
 62
     0
100
AcDbLine
 10
1442.799076399766
 20
-311.8300955994055
 30
0.0
 11
1335.993945199996
 21
-311.8300955994055
 31
0.0
1001
AcDbBlockRepETag
1070
     1
1071
     1419
1005
28A5
  0
LINE
  5
28A6
330
2333
100
AcDbEntity
  8
0
 62
     0
100
AcDbLine
 10
1465.132137199864
 20
-307.5943571999669
 30
0.0
 11
1442.799076399766
 21
-311.8300955994055
 31
0.0
1001
AcDbBlockRepETag
1070
     1
1071
     1420
1005
28A6
  0
LINE
  5
28A7
330
2333
100
AcDbEntity
  8
0
 62
     0
100
AcDbLine
 10
1485.844020799733
 20
-297.7774703996256
 30
0.0
 11
1465.132137199864
 21
-307.5943571999669
 31
0.0
1001
AcDbBlockRepETag
1070
     1
1071
     1421
1005
28A7
  0
LINE
  5
28A8
330
2333
100
AcDbEntity
  8
0
 62
     0
100
AcDbLine
 10
1498.155491599813
 20
-288.3949703993276
 30
0.0
 11
1485.844020799733
 21
-297.7774703996256
 31
0.0
1001
AcDbBlockRepETag
1070
     1
1071
     1422
1005
28A8
  0
LINE
  5
28A9
330
2333
100
AcDbEntity
  8
0
 62
     0
100
AcDbLine
 10
1513.509484400041
 20
-270.7384823998436
 30
0.0
 11
1498.155491599813
 21
-288.3949703993276
 31
0.0
1001
AcDbBlockRepETag
1070
     1
1071
     1423
1005
28A9
  0
LINE
  5
28AA
330
2333
100
AcDbEntity
  8
0
 62
     0
100
AcDbLine
 10
1524.433846400119
 20
-249.6110039995983
 30
0.0
 11
1513.509484400041
 21
-270.7384823998436
 31
0.0
1001
AcDbBlockRepETag
1070
     1
1071
     1424
1005
28AA
  0
LINE
  5
28AB
330
2333
100
AcDbEntity
  8
0
 62
     0
100
AcDbLine
 10
1530.21583160013
 20
-226.3908851994202
 30
0.0
 11
1524.433846400119
 21
-249.6110039995983
 31
0.0
1001
AcDbBlockRepETag
1070
     1
1071
     1425
1005
28AB
  0
LINE
  5
28AC
330
2333
100
AcDbEntity
  8
0
 62
     0
100
AcDbLine
 10
1530.944529199973
 20
-218.371031999588
 30
0.0
 11
1530.21583160013
 21
-226.3908851994202
 31
0.0
1001
AcDbBlockRepETag
1070
     1
1071
     1426
1005
28AC
  0
LINE
  5
28AD
330
2333
100
AcDbEntity
  8
0
 62
     0
100
AcDbLine
 10
1531.053198800422
 20
-23.12612640019506
 30
0.0
 11
1530.944529199973
 21
-218.371031999588
 31
0.0
1001
AcDbBlockRepETag
1070
     1
1071
     1427
1005
28AD
  0
LINE
  5
28AE
330
2333
100
AcDbEntity
  8
0
 62
     0
100
AcDbLine
 10
1539.961136000231
 20
-6.60570119973272
 30
0.0
 11
1542.063042799942
 21
-24.03842400014401
 31
0.0
1001
AcDbBlockRepETag
1070
     1
1071
     1428
1005
28AE
  0
LINE
  5
28AF
330
2333
100
AcDbEntity
  8
0
 62
     0
100
AcDbLine
 10
1531.152332000434
 20
18.04762080032378
 30
0.0
 11
1539.961136000231
 21
-6.60570119973272
 31
0.0
1001
AcDbBlockRepETag
1070
     1
1071
     1429
1005
28AF
  0
LINE
  5
28B0
330
2333
100
AcDbEntity
  8
0
 62
     0
100
AcDbLine
 10
1516.218048799783
 20
39.12566759996116
 30
0.0
 11
1531.152332000434
 21
18.04762080032378
 31
0.0
1001
AcDbBlockRepETag
1070
     1
1071
     1430
1005
28B0
  0
LINE
  5
28B1
330
2333
100
AcDbEntity
  8
0
 62
     0
100
AcDbLine
 10
1496.339147600345
 20
54.9606600003317
 30
0.0
 11
1516.218048799783
 21
39.12566759996116
 31
0.0
1001
AcDbBlockRepETag
1070
     1
1071
     1431
1005
28B1
  0
LINE
  5
28B2
330
2333
100
AcDbEntity
  8
0
 62
     0
100
AcDbLine
 10
1473.087611599825
 20
64.29989519994705
 30
0.0
 11
1496.339147600345
 21
54.9606600003317
 31
0.0
1001
AcDbBlockRepETag
1070
     1
1071
     1432
1005
28B2
  0
LINE
  5
28B3
330
2333
100
AcDbEntity
  8
0
 62
     0
100
AcDbLine
 10
1448.303480000235
 20
66.40617599990219
 30
0.0
 11
1473.087611599825
 21
64.29989519994705
 31
0.0
1001
AcDbBlockRepETag
1070
     1
1071
     1433
1005
28B3
  0
LINE
  5
28B4
330
2333
100
AcDbEntity
  8
0
 62
     0
100
AcDbLine
 10
1343.98443320021
 20
66.40617599990219
 30
0.0
 11
1448.303480000235
 21
66.40617599990219
 31
0.0
1001
AcDbBlockRepETag
1070
     1
1071
     1434
1005
28B4
  0
LINE
  5
28B5
330
2333
100
AcDbEntity
  8
0
 62
     0
100
AcDbLine
 10
1305.195055999793
 20
65.60254800040275
 30
0.0
 11
1343.98443320021
 21
66.40617599990219
 31
0.0
1001
AcDbBlockRepETag
1070
     1
1071
     1435
1005
28B5
  0
LINE
  5
28B6
330
2333
100
AcDbEntity
  8
0
 62
     0
100
AcDbLine
 10
1281.26296880003
 20
56.85064920037985
 30
0.0
 11
1305.195055999793
 21
65.60254800040275
 31
0.0
1001
AcDbBlockRepETag
1070
     1
1071
     1436
1005
28B6
  0
LINE
  5
28B7
330
2333
100
AcDbEntity
  8
0
 62
     0
100
AcDbLine
 10
1260.870635599829
 20
40.94278919976204
 30
0.0
 11
1281.26296880003
 21
56.85064920037985
 31
0.0
1001
AcDbBlockRepETag
1070
     1
1071
     1437
1005
28B7
  0
LINE
  5
28B8
330
2333
100
AcDbEntity
  8
0
 62
     0
100
AcDbLine
 10
1250.194241600111
 20
27.08327880036086
 30
0.0
 11
1260.870635599829
 21
40.94278919976204
 31
0.0
1001
AcDbBlockRepETag
1070
     1
1071
     1438
1005
28B8
  0
LINE
  5
28B9
330
2333
100
AcDbEntity
  8
0
 62
     0
100
AcDbLine
 10
1245.868884800002
 20
19.32169680017978
 30
0.0
 11
1250.194241600111
 21
27.08327880036086
 31
0.0
1001
AcDbBlockRepETag
1070
     1
1071
     1439
1005
28B9
  0
LINE
  5
28BA
330
2333
100
AcDbEntity
  8
0
 62
     0
100
AcDbLine
 10
1237.613688800484
 20
-6.052860000170767
 30
0.0
 11
1245.868884800002
 21
19.32169680017978
 31
0.0
1001
AcDbBlockRepETag
1070
     1
1071
     1440
1005
28BA
  0
LINE
  5
28BB
330
2333
100
AcDbEntity
  8
0
 62
     0
100
AcDbLine
 10
1236.856662800535
 20
-99.07649999950081
 30
0.0
 11
1237.613688800484
 21
-6.052860000170767
 31
0.0
1001
AcDbBlockRepETag
1070
     1
1071
     1441
1005
28BB
  0
LINE
  5
28BC
330
2333
100
AcDbEntity
  8
0
 62
     0
100
AcDbLine
 10
1238.007143599912
 20
-239.8255343995988
 30
0.0
 11
1236.856662800535
 21
-99.07649999950081
 31
0.0
1001
AcDbBlockRepETag
1070
     1
1071
     1442
1005
28BC
  0
LINE
  5
28BD
330
2333
100
AcDbEntity
  8
0
 62
     0
100
AcDbLine
 10
1242.056204000488
 20
-256.0982615994289
 30
0.0
 11
1238.007143599912
 21
-239.8255343995988
 31
0.0
1001
AcDbBlockRepETag
1070
     1
1071
     1443
1005
28BD
  0
LINE
  5
28BE
330
2333
100
AcDbEntity
  8
0
 62
     0
100
AcDbLine
 10
1244.93109919969
 20
-263.9419775996357
 30
0.0
 11
1242.056204000488
 21
-256.0982615994289
 31
0.0
1001
AcDbBlockRepETag
1070
     1
1071
     1444
1005
28BE
  0
LINE
  5
28BF
330
2333
100
AcDbEntity
  8
0
 62
     0
100
AcDbLine
 10
1248.360120800324
 20
-271.5441731996834
 30
0.0
 11
1244.93109919969
 21
-263.9419775996357
 31
0.0
1001
AcDbBlockRepETag
1070
     1
1071
     1445
1005
28BF
  0
LINE
  5
28C0
330
2333
100
AcDbEntity
  8
0
 62
     0
100
AcDbLine
 10
1252.330902799964
 20
-278.8711091997102
 30
0.0
 11
1248.360120800324
 21
-271.5441731996834
 31
0.0
1001
AcDbBlockRepETag
1070
     1
1071
     1446
1005
28C0
  0
LINE
  5
28C1
330
2333
100
AcDbEntity
  8
0
 62
     0
100
AcDbLine
 10
1261.769282000139
 20
-292.4522711997852
 30
0.0
 11
1252.330902799964
 21
-278.8711091997102
 31
0.0
1001
AcDbBlockRepETag
1070
     1
1071
     1447
1005
28C1
  0
LINE
  5
28C2
330
2333
100
AcDbEntity
  8
0
 62
     0
100
AcDbLine
 10
1285.787628799677
 20
-314.3445083992556
 30
0.0
 11
1261.769282000139
 21
-292.4522711997852
 31
0.0
1001
AcDbBlockRepETag
1070
     1
1071
     1448
1005
28C2
  0
LINE
  5
28C3
330
2333
100
AcDbEntity
  8
0
 62
     0
100
AcDbLine
 10
1314.857967199758
 20
-327.6916127996519
 30
0.0
 11
1285.787628799677
 21
-314.3445083992556
 31
0.0
1001
AcDbBlockRepETag
1070
     1
1071
     1449
1005
28C3
  0
LINE
  5
28C4
330
2333
100
AcDbEntity
  8
0
 62
     0
100
AcDbLine
 10
1322.613112400286
 20
-329.5329371998087
 30
0.0
 11
1314.857967199758
 21
-327.6916127996519
 31
0.0
1001
AcDbBlockRepETag
1070
     1
1071
     1450
1005
28C4
  0
LINE
  5
28C5
330
2333
100
AcDbEntity
  8
0
 62
     0
100
AcDbLine
 10
1341.862189999782
 20
-330.7521599996835
 30
0.0
 11
1322.613112400286
 21
-329.5329371998087
 31
0.0
1001
AcDbBlockRepETag
1070
     1
1071
     1451
1005
28C5
  0
LINE
  5
28C6
330
2333
100
AcDbEntity
  8
0
 62
     0
100
AcDbLine
 10
1448.303480000235
 20
-330.7521599996835
 30
0.0
 11
1341.862189999782
 21
-330.7521599996835
 31
0.0
1001
AcDbBlockRepETag
1070
     1
1071
     1452
1005
28C6
  0
LINE
  5
28C7
330
2333
100
AcDbEntity
  8
0
 62
     0
100
AcDbLine
 10
1479.605508800596
 20
-323.4190463991836
 30
0.0
 11
1448.303480000235
 21
-330.7521599996835
 31
0.0
1001
AcDbBlockRepETag
1070
     1
1071
     1453
1005
28C7
  0
LINE
  5
28C8
330
2333
100
AcDbEntity
  8
0
 62
     0
100
AcDbLine
 10
1507.112871199846
 20
-305.8552547991276
 30
0.0
 11
1479.605508800596
 21
-323.4190463991836
 31
0.0
1001
AcDbBlockRepETag
1070
     1
1071
     1454
1005
28C8
  0
LINE
  5
28C9
330
2333
100
AcDbEntity
  8
0
 62
     0
100
AcDbLine
 10
1527.866982799954
 20
-279.9500075997785
 30
0.0
 11
1507.112871199846
 21
-305.8552547991276
 31
0.0
1001
AcDbBlockRepETag
1070
     1
1071
     1455
1005
28C9
  0
LINE
  5
28CA
330
2333
100
AcDbEntity
  8
0
 62
     0
100
AcDbLine
 10
1539.754370000213
 20
-248.3832815997303
 30
0.0
 11
1527.866982799954
 21
-279.9500075997785
 31
0.0
1001
AcDbBlockRepETag
1070
     1
1071
     1456
1005
28CA
  0
LINE
  5
28CB
330
2333
100
AcDbEntity
  8
0
 62
     0
100
AcDbLine
 10
1541.947169600054
 20
-65.98027799930424
 30
0.0
 11
1539.754370000213
 21
-248.3832815997303
 31
0.0
1001
AcDbBlockRepETag
1070
     1
1071
     1457
1005
28CB
  0
LINE
  5
28CC
330
2333
100
AcDbEntity
  8
0
 62
     0
100
AcDbLine
 10
1541.947169600054
 20
-32.88430439960212
 30
0.0
 11
1541.947169600054
 21
-65.98027799930424
 31
0.0
1001
AcDbBlockRepETag
1070
     1
1071
     1458
1005
28CC
  0
LINE
  5
28CD
330
2333
100
AcDbEntity
  8
0
 62
     0
100
AcDbLine
 10
1542.063042799942
 20
-24.03842400014401
 30
0.0
 11
1541.947169600054
 21
-32.88430439960212
 31
0.0
1001
AcDbBlockRepETag
1070
     1
1071
     1459
1005
28CD
  0
LINE
  5
28CE
330
2333
100
AcDbEntity
  8
0
 62
     0
100
AcDbLine
 10
1554.500938399695
 20
-294.6461075991392
 30
0.0
 11
1559.349512000568
 21
-271.4059007996693
 31
0.0
1001
AcDbBlockRepETag
1070
     1
1071
     1460
1005
28CE
  0
LINE
  5
28CF
330
2333
100
AcDbEntity
  8
0
 62
     0
100
AcDbLine
 10
1544.842152800411
 20
-316.1320163998753
 30
0.0
 11
1554.500938399695
 21
-294.6461075991392
 31
0.0
1001
AcDbBlockRepETag
1070
     1
1071
     1461
1005
28CF
  0
LINE
  5
28D0
330
2333
100
AcDbEntity
  8
0
 62
     0
100
AcDbLine
 10
1530.869598800316
 20
-334.7610551994294
 30
0.0
 11
1544.842152800411
 21
-316.1320163998753
 31
0.0
1001
AcDbBlockRepETag
1070
     1
1071
     1462
1005
28D0
  0
LINE
  5
28D1
330
2333
100
AcDbEntity
  8
0
 62
     0
100
AcDbLine
 10
1513.300655599683
 20
-349.5753395995125
 30
0.0
 11
1530.869598800316
 21
-334.7610551994294
 31
0.0
1001
AcDbBlockRepETag
1070
     1
1071
     1463
1005
28D1
  0
LINE
  5
28D2
330
2333
100
AcDbEntity
  8
0
 62
     0
100
AcDbLine
 10
1493.036032400094
 20
-359.8163207992911
 30
0.0
 11
1513.300655599683
 21
-349.5753395995125
 31
0.0
1001
AcDbBlockRepETag
1070
     1
1071
     1464
1005
28D2
  0
LINE
  5
28D3
330
2333
100
AcDbEntity
  8
0
 62
     0
100
AcDbLine
 10
1471.117281200364
 20
-364.9568939991295
 30
0.0
 11
1493.036032400094
 21
-359.8163207992911
 31
0.0
1001
AcDbBlockRepETag
1070
     1
1071
     1465
1005
28D3
  0
LINE
  5
28D4
330
2333
100
AcDbEntity
  8
0
 62
     0
100
AcDbLine
 10
1220.009991199709
 20
-364.9568939991295
 30
0.0
 11
1471.117281200364
 21
-364.9568939991295
 31
0.0
1001
AcDbBlockRepETag
1070
     1
1071
     1466
1005
28D4
  0
LINE
  5
28D5
330
2333
100
AcDbEntity
  8
0
 62
     0
100
AcDbLine
 10
1206.424703599885
 20
-364.9494203990325
 30
0.0
 11
1220.009991199709
 21
-364.9568939991295
 31
0.0
1001
AcDbBlockRepETag
1070
     1
1071
     1467
1005
28D5
  0
LINE
  5
28D6
330
2333
100
AcDbEntity
  8
0
 62
     0
100
AcDbLine
 10
1206.424703599885
 20
102.7970136003568
 30
0.0
 11
1206.424703599885
 21
99.35461079981179
 31
0.0
1001
AcDbBlockRepETag
1070
     1
1071
     1468
1005
28D6
  0
LINE
  5
28D7
330
2333
100
AcDbEntity
  8
0
 62
     0
100
AcDbLine
 10
1471.117281200364
 20
102.7970136003568
 30
0.0
 11
1206.424703599885
 21
102.7970136003568
 31
0.0
1001
AcDbBlockRepETag
1070
     1
1071
     1469
1005
28D7
  0
LINE
  5
28D8
330
2333
100
AcDbEntity
  8
0
 62
     0
100
AcDbLine
 10
1478.612103200517
 20
101.8131443997845
 30
0.0
 11
1471.117281200364
 21
102.7970136003568
 31
0.0
1001
AcDbBlockRepETag
1070
     1
1071
     1470
1005
28D8
  0
LINE
  5
28D9
330
2333
100
AcDbEntity
  8
0
 62
     0
100
AcDbLine
 10
1500.259461199864
 20
95.23704599961638
 30
0.0
 11
1478.612103200517
 21
101.8131443997845
 31
0.0
1001
AcDbBlockRepETag
1070
     1
1071
     1471
1005
28D9
  0
LINE
  5
28DA
330
2333
100
AcDbEntity
  8
0
 62
     0
100
AcDbLine
 10
1519.939836800098
 20
83.48897880036384
 30
0.0
 11
1500.259461199864
 21
95.23704599961638
 31
0.0
1001
AcDbBlockRepETag
1070
     1
1071
     1472
1005
28DA
  0
LINE
  5
28DB
330
2333
100
AcDbEntity
  8
0
 62
     0
100
AcDbLine
 10
1536.470057600178
 20
67.27624560054391
 30
0.0
 11
1519.939836800098
 21
83.48897880036384
 31
0.0
1001
AcDbBlockRepETag
1070
     1
1071
     1473
1005
28DB
  0
LINE
  5
28DC
330
2333
100
AcDbEntity
  8
0
 62
     0
100
AcDbLine
 10
1549.048288400285
 20
47.38497840054333
 30
0.0
 11
1536.470057600178
 21
67.27624560054391
 31
0.0
1001
AcDbBlockRepETag
1070
     1
1071
     1474
1005
28DC
  0
LINE
  5
28DD
330
2333
100
AcDbEntity
  8
0
 62
     0
100
AcDbLine
 10
1556.91518120002
 20
25.0138151999563
 30
0.0
 11
1549.048288400285
 21
47.38497840054333
 31
0.0
1001
AcDbBlockRepETag
1070
     1
1071
     1475
1005
28DD
  0
LINE
  5
28DE
330
2333
100
AcDbEntity
  8
0
 62
     0
100
AcDbLine
 10
1559.349512000568
 20
9.246290400624275
 30
0.0
 11
1556.91518120002
 21
25.0138151999563
 31
0.0
1001
AcDbBlockRepETag
1070
     1
1071
     1476
1005
28DE
  0
LINE
  5
28DF
330
2333
100
AcDbEntity
  8
0
 62
     0
100
AcDbLine
 10
1559.349512000568
 20
-271.4059007996693
 30
0.0
 11
1559.349512000568
 21
9.246290400624275
 31
0.0
1001
AcDbBlockRepETag
1070
     1
1071
     1477
1005
28DF
  0
LINE
  5
28E0
330
2333
100
AcDbEntity
  8
0
 62
     0
100
AcDbLine
 10
1585.31833920069
 20
-394.1969111990184
 30
0.0
 11
1214.386117599904
 21
-394.1969111990184
 31
0.0
1001
AcDbBlockRepETag
1070
     1
1071
     1478
1005
28E0
  0
LINE
  5
28E1
330
2333
100
AcDbEntity
  8
0
 62
     0
100
AcDbLine
 10
1585.31833920069
 20
-394.1969111990184
 30
0.0
 11
1585.31833920069
 21
125.53201800026
 31
0.0
1001
AcDbBlockRepETag
1070
     1
1071
     1479
1005
28E1
  0
LINE
  5
28E2
330
2333
100
AcDbEntity
  8
0
 62
     0
100
AcDbLine
 10
1606.424703599885
 20
-445.3325243992731
 30
0.0
 11
806.4247035998851
 21
-445.3325243992731
 31
0.0
1001
AcDbBlockRepETag
1070
     1
1071
     1480
1005
28E2
  0
LINE
  5
28E3
330
2333
100
AcDbEntity
  8
0
 62
     0
100
AcDbLine
 10
806.4247035998851
 20
-438.8671583989634
 30
0.0
 11
806.4247035998851
 21
173.1057372000068
 31
0.0
1001
AcDbBlockRepETag
1070
     1
1071
     1481
1005
28E3
  0
LINE
  5
28E4
330
2333
100
AcDbEntity
  8
0
 62
     0
100
AcDbLine
 10
997.7809507995843
 20
51.59317679982632
 30
0.0
 11
997.7809507995843
 21
173.1057372000068
 31
0.0
1001
AcDbBlockRepETag
1070
     1
1071
     1482
1005
28E4
  0
LINE
  5
28E5
330
2333
100
AcDbEntity
  8
0
 62
     0
100
AcDbLine
 10
998.6553943995387
 20
51.59214000031352
 30
0.0
 11
997.7809507995843
 21
51.59317679982632
 31
0.0
1001
AcDbBlockRepETag
1070
     1
1071
     1483
1005
28E5
  0
LINE
  5
28E6
330
2333
100
AcDbEntity
  8
0
 62
     0
100
AcDbLine
 10
1014.859617199749
 20
51.59214000031352
 30
0.0
 11
998.6553943995387
 21
51.59214000031352
 31
0.0
1001
AcDbBlockRepETag
1070
     1
1071
     1484
1005
28E6
  0
LINE
  5
28E7
330
2333
100
AcDbEntity
  8
0
 62
     0
100
AcDbLine
 10
1012.751273600384
 20
155.6853695996105
 30
0.0
 11
1017.908586800098
 21
157.8223008001223
 31
0.0
1001
AcDbBlockRepETag
1070
     1
1071
     1485
1005
28E7
  0
LINE
  5
28E8
330
2333
100
AcDbEntity
  8
0
 62
     0
100
AcDbLine
 10
1008.321642800234
 20
152.2851948002353
 30
0.0
 11
1012.751273600384
 21
155.6853695996105
 31
0.0
1001
AcDbBlockRepETag
1070
     1
1071
     1486
1005
28E8
  0
LINE
  5
28E9
330
2333
100
AcDbEntity
  8
0
 62
     0
100
AcDbLine
 10
1004.923260799609
 20
147.8555532004684
 30
0.0
 11
1008.321642800234
 21
152.2851948002353
 31
0.0
1001
AcDbBlockRepETag
1070
     1
1071
     1487
1005
28E9
  0
LINE
  5
28EA
330
2333
100
AcDbEntity
  8
0
 62
     0
100
AcDbLine
 10
1002.786588800139
 20
142.6959287999198
 30
0.0
 11
1004.923260799609
 21
147.8555532004684
 31
0.0
1001
AcDbBlockRepETag
1070
     1
1071
     1488
1005
28EA
  0
LINE
  5
28EB
330
2333
100
AcDbEntity
  8
0
 62
     0
100
AcDbLine
 10
1002.057891200296
 20
137.1588228000328
 30
0.0
 11
1002.786588800139
 21
142.6959287999198
 31
0.0
1001
AcDbBlockRepETag
1070
     1
1071
     1489
1005
28EB
  0
LINE
  5
28EC
330
2333
100
AcDbEntity
  8
0
 62
     0
100
AcDbLine
 10
1002.786588800139
 20
131.622742800042
 30
0.0
 11
1002.057891200296
 21
137.1588228000328
 31
0.0
1001
AcDbBlockRepETag
1070
     1
1071
     1490
1005
28EC
  0
LINE
  5
28ED
330
2333
100
AcDbEntity
  8
0
 62
     0
100
AcDbLine
 10
1004.923260799609
 20
126.4633667999878
 30
0.0
 11
1002.786588800139
 21
131.622742800042
 31
0.0
1001
AcDbBlockRepETag
1070
     1
1071
     1491
1005
28ED
  0
LINE
  5
28EE
330
2333
100
AcDbEntity
  8
0
 62
     0
100
AcDbLine
 10
1008.321642800234
 20
122.0324507998302
 30
0.0
 11
1004.923260799609
 21
126.4633667999878
 31
0.0
1001
AcDbBlockRepETag
1070
     1
1071
     1492
1005
28EE
  0
LINE
  5
28EF
330
2333
100
AcDbEntity
  8
0
 62
     0
100
AcDbLine
 10
1014.889230799861
 20
116.992689969833
 30
0.0
 11
1008.321642800234
 21
122.0324507998302
 31
0.0
1001
AcDbBlockRepETag
1070
     1
1071
     1493
1005
28EF
  0
LINE
  5
28F0
330
2333
100
AcDbEntity
  8
0
 62
     0
100
AcDbLine
 10
1014.889230799861
 20
137.1629376001656
 30
0.0
 11
1017.397206800058
 21
143.2096199998632
 31
0.0
1001
AcDbBlockRepETag
1070
     1
1071
     1495
1005
28F0
  0
LINE
  5
28F1
330
2333
100
AcDbEntity
  8
0
 62
     0
100
AcDbLine
 10
1014.876357199624
 20
77.81358959991485
 30
0.0
 11
1014.876357199624
 21
137.1318995950278
 31
0.0
1001
AcDbBlockRepETag
1070
     1
1071
     1498
1005
28F1
  0
LINE
  5
28F2
330
2333
100
AcDbEntity
  8
0
 62
     0
100
AcDbLine
 10
1014.859617199749
 20
62.99209079984575
 30
0.0
 11
1014.876357199624
 21
77.81358959991485
 31
0.0
1001
AcDbBlockRepETag
1070
     1
1071
     1499
1005
28F2
  0
LINE
  5
28F3
330
2333
100
AcDbEntity
  8
0
 62
     0
100
AcDbLine
 10
1014.859617199749
 20
47.91335760056973
 30
0.0
 11
1014.859617199749
 21
62.99209079984575
 31
0.0
1001
AcDbBlockRepETag
1070
     1
1071
     1500
1005
28F3
  0
LINE
  5
28F4
330
2333
100
AcDbEntity
  8
0
 62
     0
100
AcDbLine
 10
1014.848039600066
 20
33.09185880050063
 30
0.0
 11
1014.859617199749
 21
47.91335760056973
 31
0.0
1001
AcDbBlockRepETag
1070
     1
1071
     1501
1005
28F4
  0
LINE
  5
28F5
330
2333
100
AcDbEntity
  8
0
 62
     0
100
AcDbLine
 10
1014.848039600066
 20
6.210971999913454
 30
0.0
 11
1014.848039600066
 21
33.09185880050063
 31
0.0
1001
AcDbBlockRepETag
1070
     1
1071
     1502
1005
28F5
  0
LINE
  5
28F6
330
2333
100
AcDbEntity
  8
0
 62
     0
100
AcDbLine
 10
1014.83310320042
 20
-4.931744399480521
 30
0.0
 11
1014.848039600066
 21
6.210971999913454
 31
0.0
1001
AcDbBlockRepETag
1070
     1
1071
     1503
1005
28F6
  0
LINE
  5
28F7
330
2333
100
AcDbEntity
  8
0
 62
     0
100
AcDbLine
 10
1014.83310320042
 20
-26.25748919975013
 30
0.0
 11
1014.83310320042
 21
-4.931744399480521
 31
0.0
1001
AcDbBlockRepETag
1070
     1
1071
     1504
1005
28F7
  0
LINE
  5
28F8
330
2333
100
AcDbEntity
  8
0
 62
     0
100
AcDbLine
 10
1017.332838799804
 20
-32.30932320002466
 30
0.0
 11
1014.83310320042
 21
-26.25748919975013
 31
0.0
1001
AcDbBlockRepETag
1070
     1
1071
     1505
1005
28F8
  0
LINE
  5
28F9
330
2333
100
AcDbEntity
  8
0
 62
     0
100
AcDbLine
 10
1017.397206800058
 20
143.2096199998632
 30
0.0
 11
1016.349984800443
 21
140.6846556002274
 31
0.0
1001
AcDbBlockRepETag
1070
     1
1071
     1506
1005
28F9
  0
LINE
  5
28FA
330
2333
100
AcDbEntity
  8
0
 62
     0
100
AcDbLine
 10
1017.908586800098
 20
157.8223008001223
 30
0.0
 11
1023.446729600429
 21
158.5509983999654
 31
0.0
1001
AcDbBlockRepETag
1070
     1
1071
     1507
1005
28FA
  0
LINE
  5
28FB
330
2333
100
AcDbEntity
  8
0
 62
     0
100
AcDbLine
 10
1017.397206800058
 20
143.2096199998632
 30
0.0
 11
1023.446729600429
 21
145.7145071998238
 31
0.0
1001
AcDbBlockRepETag
1070
     1
1071
     1508
1005
28FB
  0
LINE
  5
28FC
330
2333
100
AcDbEntity
  8
0
 62
     0
100
AcDbLine
 10
1017.383555600419
 20
94.56962759979068
 30
0.0
 11
1017.383555600419
 21
143.2073737023165
 31
0.0
1001
AcDbBlockRepETag
1070
     1
1071
     1511
1005
28FC
  0
LINE
  5
28FD
330
2333
100
AcDbEntity
  8
0
 62
     0
100
AcDbLine
 10
1017.371967200189
 20
79.46849520038814
 30
0.0
 11
1017.383555600419
 21
94.56962759979068
 31
0.0
1001
AcDbBlockRepETag
1070
     1
1071
     1512
1005
28FD
  0
LINE
  5
28FE
330
2333
100
AcDbEntity
  8
0
 62
     0
100
AcDbLine
 10
1017.371967200189
 20
63.54904680047184
 30
0.0
 11
1017.371967200189
 21
79.46849520038814
 31
0.0
1001
AcDbBlockRepETag
1070
     1
1071
     1513
1005
28FE
  0
LINE
  5
28FF
330
2333
100
AcDbEntity
  8
0
 62
     0
100
AcDbLine
 10
1017.359093599953
 20
47.3543388005346
 30
0.0
 11
1017.371967200189
 21
63.54904680047184
 31
0.0
1001
AcDbBlockRepETag
1070
     1
1071
     1514
1005
28FF
  0
LINE
  5
2900
330
2333
100
AcDbEntity
  8
0
 62
     0
100
AcDbLine
 10
1017.359093599953
 20
31.43489040061832
 30
0.0
 11
1017.359093599953
 21
47.3543388005346
 31
0.0
1001
AcDbBlockRepETag
1070
     1
1071
     1515
1005
2900
  0
LINE
  5
2901
330
2333
100
AcDbEntity
  8
0
 62
     0
100
AcDbLine
 10
1017.346479199827
 20
16.3327211998403
 30
0.0
 11
1017.359093599953
 21
31.43489040061832
 31
0.0
1001
AcDbBlockRepETag
1070
     1
1071
     1516
1005
2901
  0
LINE
  5
2902
330
2333
100
AcDbEntity
  8
0
 62
     0
100
AcDbLine
 10
1017.346479199827
 20
-9.404639999382197
 30
0.0
 11
1017.346479199827
 21
16.3327211998403
 31
0.0
1001
AcDbBlockRepETag
1070
     1
1071
     1517
1005
2902
  0
LINE
  5
2903
330
2333
100
AcDbEntity
  8
0
 62
     0
100
AcDbLine
 10
1017.332838799804
 20
-19.1638439996168
 30
0.0
 11
1017.346479199827
 21
-9.404639999382197
 31
0.0
1001
AcDbBlockRepETag
1070
     1
1071
     1518
1005
2903
  0
LINE
  5
2904
330
2333
100
AcDbEntity
  8
0
 62
     0
100
AcDbLine
 10
1017.332838799804
 20
-32.30932320002466
 30
0.0
 11
1017.332838799804
 21
-19.1638439996168
 31
0.0
1001
AcDbBlockRepETag
1070
     1
1071
     1519
1005
2904
  0
LINE
  5
2905
330
2333
100
AcDbEntity
  8
0
 62
     0
100
AcDbLine
 10
1023.380288000218
 20
-34.81755839940161
 30
0.0
 11
1017.332838799804
 21
-32.30932320002466
 31
0.0
1001
AcDbBlockRepETag
1070
     1
1071
     1520
1005
2905
  0
LINE
  5
2906
330
2333
100
AcDbEntity
  8
0
 62
     0
100
AcDbLine
 10
1023.446729600429
 20
158.5509983999654
 30
0.0
 11
1028.978683999739
 21
157.8223008001223
 31
0.0
1001
AcDbBlockRepETag
1070
     1
1071
     1521
1005
2906
  0
LINE
  5
2907
330
2333
100
AcDbEntity
  8
0
 62
     0
100
AcDbLine
 10
1023.446729600429
 20
145.7145071998238
 30
0.0
 11
1020.273397999815
 21
144.40232880041
 31
0.0
1001
AcDbBlockRepETag
1070
     1
1071
     1522
1005
2907
  0
LINE
  5
2908
330
2333
100
AcDbEntity
  8
0
 62
     0
100
AcDbLine
 10
1028.978683999739
 20
157.8223008001223
 30
0.0
 11
1034.135997200384
 21
155.6853695996105
 31
0.0
1001
AcDbBlockRepETag
1070
     1
1071
     1523
1005
2908
  0
LINE
  5
2909
330
2333
100
AcDbEntity
  8
0
 62
     0
100
AcDbLine
 10
1023.446729600429
 20
145.7145071998238
 30
0.0
 11
1029.494438000023
 21
143.2075680000707
 31
0.0
1001
AcDbBlockRepETag
1070
     1
1071
     1524
1005
2909
  0
LINE
  5
290A
330
2333
100
AcDbEntity
  8
0
 62
     0
100
AcDbLine
 10
1023.433078399859
 20
95.68431720044463
 30
0.0
 11
1023.433078399859
 21
145.7088624035241
 31
0.0
1001
AcDbBlockRepETag
1070
     1
1071
     1527
1005
290A
  0
LINE
  5
290B
330
2333
100
AcDbEntity
  8
0
 62
     0
100
AcDbLine
 10
1023.421489999629
 20
80.15187599975616
 30
0.0
 11
1023.433078399859
 21
95.68431720044463
 31
0.0
1001
AcDbBlockRepETag
1070
     1
1071
     1528
1005
290B
  0
LINE
  5
290C
330
2333
100
AcDbEntity
  8
0
 62
     0
100
AcDbLine
 10
1023.421489999629
 20
63.77795280050486
 30
0.0
 11
1023.421489999629
 21
80.15187599975616
 31
0.0
1001
AcDbBlockRepETag
1070
     1
1071
     1529
1005
290C
  0
LINE
  5
290D
330
2333
100
AcDbEntity
  8
0
 62
     0
100
AcDbLine
 10
1023.40783879999
 20
47.12028119992464
 30
0.0
 11
1023.421489999629
 21
63.77795280050486
 31
0.0
1001
AcDbBlockRepETag
1070
     1
1071
     1530
1005
290D
  0
LINE
  5
290E
330
2333
100
AcDbEntity
  8
0
 62
     0
100
AcDbLine
 10
1023.40783879999
 20
30.74609880056232
 30
0.0
 11
1023.40783879999
 21
47.12028119992464
 31
0.0
1001
AcDbBlockRepETag
1070
     1
1071
     1531
1005
290E
  0
LINE
  5
290F
330
2333
100
AcDbEntity
  8
0
 62
     0
100
AcDbLine
 10
1023.395224399864
 20
15.21366840042174
 30
0.0
 11
1023.40783879999
 21
30.74609880056232
 31
0.0
1001
AcDbBlockRepETag
1070
     1
1071
     1532
1005
290F
  0
LINE
  5
2910
330
2333
100
AcDbEntity
  8
0
 62
     0
100
AcDbLine
 10
1023.395224399864
 20
-11.258837999776
 30
0.0
 11
1023.395224399864
 21
15.21366840042174
 31
0.0
1001
AcDbBlockRepETag
1070
     1
1071
     1533
1005
2910
  0
LINE
  5
2911
330
2333
100
AcDbEntity
  8
0
 62
     0
100
AcDbLine
 10
1023.380288000218
 20
-21.29741640016437
 30
0.0
 11
1023.395224399864
 21
-11.258837999776
 31
0.0
1001
AcDbBlockRepETag
1070
     1
1071
     1534
1005
2911
  0
LINE
  5
2912
330
2333
100
AcDbEntity
  8
0
 62
     0
100
AcDbLine
 10
1023.380288000218
 20
-34.81755839940161
 30
0.0
 11
1023.380288000218
 21
-21.29741640016437
 31
0.0
1001
AcDbBlockRepETag
1070
     1
1071
     1535
1005
2912
  0
LINE
  5
2913
330
2333
100
AcDbEntity
  8
0
 62
     0
100
AcDbLine
 10
1029.430069999769
 20
-32.31370799988508
 30
0.0
 11
1023.380288000218
 21
-34.81755839940161
 31
0.0
1001
AcDbBlockRepETag
1070
     1
1071
     1536
1005
2913
  0
LINE
  5
2914
330
2333
100
AcDbEntity
  8
0
 62
     0
100
AcDbLine
 10
1029.494438000023
 20
143.2075680000707
 30
0.0
 11
1026.501358400099
 21
144.4489307999611
 31
0.0
1001
AcDbBlockRepETag
1070
     1
1071
     1537
1005
2914
  0
LINE
  5
2915
330
2333
100
AcDbEntity
  8
0
 62
     0
100
AcDbLine
 10
1031.974085600115
 20
51.59214000031352
 30
0.0
 11
1036.274980399757
 21
51.59214000031352
 31
0.0
1001
AcDbBlockRepETag
1070
     1
1071
     1538
1005
2915
  0
LINE
  5
2916
330
2333
100
AcDbEntity
  8
0
 62
     0
100
AcDbLine
 10
1031.985674000345
 20
104.6870136000216
 30
0.0
 11
1031.998299200088
 21
115.82997839991
 31
0.0
1001
AcDbBlockRepETag
1070
     1
1071
     1539
1005
2916
  0
LINE
  5
2917
330
2333
100
AcDbEntity
  8
0
 62
     0
100
AcDbLine
 10
1031.985674000345
 20
91.86751080024988
 30
0.0
 11
1031.985674000345
 21
104.6870136000216
 31
0.0
1001
AcDbBlockRepETag
1070
     1
1071
     1540
1005
2917
  0
LINE
  5
2918
330
2333
100
AcDbEntity
  8
0
 62
     0
100
AcDbLine
 10
1031.974085600115
 20
77.80638600047677
 30
0.0
 11
1031.985674000345
 21
91.86751080024988
 31
0.0
1001
AcDbBlockRepETag
1070
     1
1071
     1541
1005
2918
  0
LINE
  5
2919
330
2333
100
AcDbEntity
  8
0
 62
     0
100
AcDbLine
 10
1031.974085600115
 20
62.98487639985978
 30
0.0
 11
1031.974085600115
 21
77.80638600047677
 31
0.0
1001
AcDbBlockRepETag
1070
     1
1071
     1542
1005
2919
  0
LINE
  5
291A
330
2333
100
AcDbEntity
  8
0
 62
     0
100
AcDbLine
 10
1031.962508000433
 20
47.90588400047272
 30
0.0
 11
1031.974085600115
 21
62.98487639985978
 31
0.0
1001
AcDbBlockRepETag
1070
     1
1071
     1543
1005
291A
  0
LINE
  5
291B
330
2333
100
AcDbEntity
  8
0
 62
     0
100
AcDbLine
 10
1031.962508000433
 20
33.08438520040363
 30
0.0
 11
1031.962508000433
 21
47.90588400047272
 31
0.0
1001
AcDbBlockRepETag
1070
     1
1071
     1544
1005
291B
  0
LINE
  5
291C
330
2333
100
AcDbEntity
  8
0
 62
     0
100
AcDbLine
 10
1031.950919600203
 20
19.02428640052676
 30
0.0
 11
1031.962508000433
 21
33.08438520040363
 31
0.0
1001
AcDbBlockRepETag
1070
     1
1071
     1545
1005
291C
  0
LINE
  5
291D
330
2333
100
AcDbEntity
  8
0
 62
     0
100
AcDbLine
 10
1031.950919600203
 20
-4.939207199960947
 30
0.0
 11
1031.950919600203
 21
19.02428640052676
 31
0.0
1001
AcDbBlockRepETag
1070
     1
1071
     1546
1005
291D
  0
LINE
  5
291E
330
2333
100
AcDbEntity
  8
0
 62
     0
100
AcDbLine
 10
1031.938045999966
 20
-14.02533360011875
 30
0.0
 11
1031.950919600203
 21
-4.939207199960947
 31
0.0
1001
AcDbBlockRepETag
1070
     1
1071
     1547
1005
291E
  0
LINE
  5
291F
330
2333
100
AcDbEntity
  8
0
 62
     0
100
AcDbLine
 10
1031.938045999966
 20
-26.26496279984713
 30
0.0
 11
1031.938045999966
 21
-14.02533360011875
 31
0.0
1001
AcDbBlockRepETag
1070
     1
1071
     1548
1005
291F
  0
LINE
  5
2920
330
2333
100
AcDbEntity
  8
0
 62
     0
100
AcDbLine
 10
1029.430069999769
 20
-32.31370799988508
 30
0.0
 11
1031.938045999966
 21
-26.26496279984713
 31
0.0
1001
AcDbBlockRepETag
1070
     1
1071
     1549
1005
2920
  0
LINE
  5
2921
330
2333
100
AcDbEntity
  8
0
 62
     0
100
AcDbLine
 10
1029.430069999769
 20
-19.16899560019374
 30
0.0
 11
1029.430069999769
 21
-32.31370799988508
 31
0.0
1001
AcDbBlockRepETag
1070
     1
1071
     1550
1005
2921
  0
LINE
  5
2922
330
2333
100
AcDbEntity
  8
0
 62
     0
100
AcDbLine
 10
1029.444747200235
 20
-9.40901399962604
 30
0.0
 11
1029.430069999769
 21
-19.16899560019374
 31
0.0
1001
AcDbBlockRepETag
1070
     1
1071
     1551
1005
2922
  0
LINE
  5
2923
330
2333
100
AcDbEntity
  8
0
 62
     0
100
AcDbLine
 10
1029.444747200235
 20
16.32860640063882
 30
0.0
 11
1029.444747200235
 21
-9.40901399962604
 31
0.0
1001
AcDbBlockRepETag
1070
     1
1071
     1552
1005
2923
  0
LINE
  5
2924
330
2333
100
AcDbEntity
  8
0
 62
     0
100
AcDbLine
 10
1029.456335600465
 20
31.42949040047824
 30
0.0
 11
1029.444747200235
 21
16.32860640063882
 31
0.0
1001
AcDbBlockRepETag
1070
     1
1071
     1553
1005
2924
  0
LINE
  5
2925
330
2333
100
AcDbEntity
  8
0
 62
     0
100
AcDbLine
 10
1029.456335600465
 20
47.34892799984663
 30
0.0
 11
1029.456335600465
 21
31.42949040047824
 31
0.0
1001
AcDbBlockRepETag
1070
     1
1071
     1554
1005
2925
  0
LINE
  5
2926
330
2333
100
AcDbEntity
  8
0
 62
     0
100
AcDbLine
 10
1029.469209199771
 20
63.54363599978388
 30
0.0
 11
1029.456335600465
 21
47.34892799984663
 31
0.0
1001
AcDbBlockRepETag
1070
     1
1071
     1555
1005
2926
  0
LINE
  5
2927
330
2333
100
AcDbEntity
  8
0
 62
     0
100
AcDbLine
 10
1029.469209199771
 20
79.46334359981119
 30
0.0
 11
1029.469209199771
 21
63.54363599978388
 31
0.0
1001
AcDbBlockRepETag
1070
     1
1071
     1556
1005
2927
  0
LINE
  5
2928
330
2333
100
AcDbEntity
  8
0
 62
     0
100
AcDbLine
 10
1029.480797600001
 20
94.56525360047818
 30
0.0
 11
1029.469209199771
 21
79.46334359981119
 31
0.0
1001
AcDbBlockRepETag
1070
     1
1071
     1557
1005
2928
  0
LINE
  5
2929
330
2333
100
AcDbEntity
  8
0
 62
     0
100
AcDbLine
 10
1029.480797600001
 20
108.3341303998604
 30
0.0
 11
1029.480797600001
 21
94.56525360047818
 31
0.0
1001
AcDbBlockRepETag
1070
     1
1071
     1558
1005
2929
  0
LINE
  5
292A
330
2333
100
AcDbEntity
  8
0
 62
     0
100
AcDbLine
 10
1029.494438000023
 20
120.3028739998117
 30
0.0
 11
1029.480797600001
 21
108.3341303998604
 31
0.0
1001
AcDbBlockRepETag
1070
     1
1071
     1559
1005
292A
  0
LINE
  5
292B
330
2333
100
AcDbEntity
  8
0
 62
     0
100
AcDbLine
 10
1029.494438000023
 20
143.2075680000707
 30
0.0
 11
1029.494438000023
 21
120.3028739998117
 31
0.0
1001
AcDbBlockRepETag
1070
     1
1071
     1560
1005
292B
  0
LINE
  5
292C
330
2333
100
AcDbEntity
  8
0
 62
     0
100
AcDbLine
 10
1031.998299200088
 20
137.1557232001796
 30
0.0
 11
1029.494438000023
 21
143.2075680000707
 31
0.0
1001
AcDbBlockRepETag
1070
     1
1071
     1561
1005
292C
  0
LINE
  5
292D
330
2333
100
AcDbEntity
  8
0
 62
     0
100
AcDbLine
 10
1031.998299200088
 20
137.1557232001796
 30
0.0
 11
1030.700020399876
 21
140.2943003997206
 31
0.0
1001
AcDbBlockRepETag
1070
     1
1071
     1562
1005
292D
  0
LINE
  5
292E
330
2333
100
AcDbEntity
  8
0
 62
     0
100
AcDbLine
 10
1031.998299200088
 20
115.82997839991
 30
0.0
 11
1031.998299200088
 21
137.1557232001796
 31
0.0
1001
AcDbBlockRepETag
1070
     1
1071
     1563
1005
292E
  0
LINE
  5
292F
330
2333
100
AcDbEntity
  8
0
 62
     0
100
AcDbLine
 10
1034.135997200384
 20
155.6853695996105
 30
0.0
 11
1038.565887199714
 21
152.2851948002353
 31
0.0
1001
AcDbBlockRepETag
1070
     1
1071
     1564
1005
292F
  0
LINE
  5
2930
330
2333
100
AcDbEntity
  8
0
 62
     0
100
AcDbLine
 10
1036.274980399757
 20
51.59214000031352
 30
0.0
 11
1041.589617200195
 21
51.59214000031352
 31
0.0
1001
AcDbBlockRepETag
1070
     1
1071
     1565
1005
2930
  0
LINE
  5
2931
330
2333
100
AcDbEntity
  8
0
 62
     0
100
AcDbLine
 10
1038.565887199714
 20
152.2851948002353
 30
0.0
 11
1041.964010000229
 21
147.8555532004684
 31
0.0
1001
AcDbBlockRepETag
1070
     1
1071
     1566
1005
2931
  0
LINE
  5
2932
330
2333
100
AcDbEntity
  8
0
 62
     0
100
AcDbLine
 10
1041.589617200195
 20
51.59214000031352
 30
0.0
 11
1045.668031999841
 21
51.59214000031352
 31
0.0
1001
AcDbBlockRepETag
1070
     1
1071
     1567
1005
2932
  0
LINE
  5
2933
330
2333
100
AcDbEntity
  8
0
 62
     0
100
AcDbLine
 10
1041.964010000229
 20
147.8555532004684
 30
0.0
 11
1044.100681999698
 21
142.6959287999198
 31
0.0
1001
AcDbBlockRepETag
1070
     1
1071
     1568
1005
2933
  0
LINE
  5
2934
330
2333
100
AcDbEntity
  8
0
 62
     0
100
AcDbLine
 10
1044.100681999698
 20
142.6959287999198
 30
0.0
 11
1044.829638799652
 21
137.1588228000328
 31
0.0
1001
AcDbBlockRepETag
1070
     1
1071
     1569
1005
2934
  0
LINE
  5
2935
330
2333
100
AcDbEntity
  8
0
 62
     0
100
AcDbLine
 10
1034.135997200384
 20
118.6332911998033
 30
0.0
 11
1031.998299200088
 21
117.744170400314
 31
0.0
1001
AcDbBlockRepETag
1070
     1
1071
     1570
1005
2935
  0
LINE
  5
2936
330
2333
100
AcDbEntity
  8
0
 62
     0
100
AcDbLine
 10
1038.565887199714
 20
122.0324507998302
 30
0.0
 11
1034.135997200384
 21
118.6332911998033
 31
0.0
1001
AcDbBlockRepETag
1070
     1
1071
     1571
1005
2936
  0
LINE
  5
2937
330
2333
100
AcDbEntity
  8
0
 62
     0
100
AcDbLine
 10
1041.964010000229
 20
126.4633667999878
 30
0.0
 11
1038.565887199714
 21
122.0324507998302
 31
0.0
1001
AcDbBlockRepETag
1070
     1
1071
     1572
1005
2937
  0
LINE
  5
2938
330
2333
100
AcDbEntity
  8
0
 62
     0
100
AcDbLine
 10
1044.100681999698
 20
131.622742800042
 30
0.0
 11
1041.964010000229
 21
126.4633667999878
 31
0.0
1001
AcDbBlockRepETag
1070
     1
1071
     1573
1005
2938
  0
LINE
  5
2939
330
2333
100
AcDbEntity
  8
0
 62
     0
100
AcDbLine
 10
1044.829638799652
 20
137.1588228000328
 30
0.0
 11
1044.100681999698
 21
131.622742800042
 31
0.0
1001
AcDbBlockRepETag
1070
     1
1071
     1574
1005
2939
  0
LINE
  5
293A
330
2333
100
AcDbEntity
  8
0
 62
     0
100
AcDbLine
 10
1045.668031999841
 20
51.59214000031352
 30
0.0
 11
1048.231876400299
 21
51.59214000031352
 31
0.0
1001
AcDbBlockRepETag
1070
     1
1071
     1575
1005
293A
  0
LINE
  5
293B
330
2333
100
AcDbEntity
  8
0
 62
     0
100
AcDbLine
 10
1048.231876400299
 20
51.59214000031352
 30
0.0
 11
1049.106320000253
 21
51.59214000031352
 31
0.0
1001
AcDbBlockRepETag
1070
     1
1071
     1576
1005
293B
  0
LINE
  5
293C
330
2333
100
AcDbEntity
  8
0
 62
     0
100
AcDbLine
 10
1049.106320000253
 20
51.59214000031352
 30
0.0
 11
1049.106320000253
 21
173.1057372000068
 31
0.0
1001
AcDbBlockRepETag
1070
     1
1071
     1577
1005
293C
  0
LINE
  5
293D
330
2333
100
AcDbEntity
  8
0
 62
     0
100
AcDbLine
 10
1015.665080799721
 20
125.5330547997728
 30
0.0
 11
806.4247035998851
 21
125.5330547997728
 31
0.0
1001
AcDbBlockRepETag
1070
     1
1071
     1578
1005
293D
  0
LINE
  5
293E
330
2333
100
AcDbEntity
  8
0
 62
     0
100
AcDbLine
 10
1049.106320000253
 20
125.53201800026
 30
0.0
 11
1606.424703599885
 21
125.53201800026
 31
0.0
1001
AcDbBlockRepETag
1070
     1
1071
     1579
1005
293E
  0
ENDBLK
  5
293F
330
2333
100
AcDbEntity
  8
0
 62
     6
 48
5.0
370
     9
100
AcDbBlockEnd
  0
BLOCK
  5
295B
330
2958
100
AcDbEntity
  8
0
100
AcDbBlockBegin
  2
pillow 2
 70
     0
 10
0.0
 20
0.0
 30
0.0
  3
pillow 2
  1

  0
LWPOLYLINE
  5
295C
330
2958
100
AcDbEntity
  8
0
 62
     0
100
AcDbPolyline
 90
        8
 70
     1
 43
0.0
 10
248.0493381606357
 20
-172.7488534654985
 42
0.4142135623730951
 10
268.3052017000445
 20
-152.492989926046
 10
268.3052017000445
 20
-94.80528859623882
 42
0.4142135623730951
 10
248.0493381606357
 20
-74.54942505680083
 10
-231.4389347604883
 20
-74.54942505680083
 42
0.4142135623730951
 10
-251.6947982999554
 20
-94.80528859623882
 10
-251.6947982999554
 20
-152.492989926046
 42
0.4142135623730951
 10
-231.4389347604883
 20
-172.7488534654985
  0
LWPOLYLINE
  5
295D
330
2958
100
AcDbEntity
  8
0
 62
     0
100
AcDbPolyline
 90
        8
 70
     1
 43
0.0
 10
248.0493381606357
 20
-427.8629998164251
 42
0.4142135623730951
 10
268.3052017000445
 20
-407.6071362769726
 10
268.3052017000445
 20
-94.80528859623882
 42
0.4142135623730951
 10
248.0493381606357
 20
-74.54942505680083
 10
-231.4389347604883
 20
-74.54942505680083
 42
0.4142135623730951
 10
-251.6947982999554
 20
-94.80528859623882
 10
-251.6947982999554
 20
-407.6071362769726
 42
0.4142135623730951
 10
-231.4389347604883
 20
-427.8629998164251
  0
ENDBLK
  5
295E
330
2958
100
AcDbEntity
  8
0
100
AcDbBlockEnd
  0
BLOCK
  5
2962
330
295F
100
AcDbEntity
  8
0
100
AcDbBlockBegin
  2
pillow 3
 70
     0
 10
0.0
 20
0.0
 30
0.0
  3
pillow 3
  1

  0
LWPOLYLINE
  5
2963
330
295F
100
AcDbEntity
  8
0
 62
     0
100
AcDbPolyline
 90
        9
 70
     0
 43
0.0
 38
-0.0000000006690679
 10
305.8872681109133
 20
-274.4589972566719
 42
0.2367383229512617
 10
-12.37920659891824
 20
-547.2898660035353
 42
-0.4794255470440904
 10
-58.93445215910469
 20
-550.4101886111639
 10
-88.75289112062455
 20
-512.0238137226297
 42
-0.3079455560244943
 10
-90.52293646202452
 20
-483.9523267387594
 42
-0.2330143664586644
 10
292.8775305771633
 20
-181.449789952323
 42
-0.3079445195620507
 10
319.6389231700232
 20
-190.1080175717616
 10
349.4574098487283
 20
-228.4944538882665
 42
-0.264583143580782
 10
352.984304172649
 20
-252.9689367878855
 42
-0.264583143580782
  0
LWPOLYLINE
  5
2964
330
295F
100
AcDbEntity
  8
0
 62
     0
100
AcDbPolyline
 90
        8
 70
     0
 43
0.0
 38
-0.0000000006690679
 10
364.895556498639
 20
-248.3685487613002
 10
319.6389231700232
 20
-190.1080175717616
 42
0.3079445195620381
 10
292.8775305771633
 20
-181.449789952323
 42
0.233014366458665
 10
-90.52293646202452
 20
-483.9523267387594
 42
0.3079455560244888
 10
-88.75289112062455
 20
-512.0238137226297
 10
69.47605036012101
 20
-709.2810745413662
 42
0.5371712772929978
 10
111.0451842450929
 20
-706.1359210134614
 42
-0.0875138284330312
 10
198.498271439319
 20
-569.8079160152883
 42
-0.0875138284330312
  0
LWPOLYLINE
  5
2965
330
295F
100
AcDbEntity
  8
0
 62
     0
100
AcDbPolyline
 90
        8
 70
     1
 43
0.0
 38
-0.0000000006690679
 10
601.5992181427937
 20
-216.2622665722047
 42
-0.3079445195620705
 10
624.6582441334322
 20
-232.3687360606454
 10
641.9461831231237
 20
-277.7976674411875
 42
-0.5368060327646197
 10
617.6759222957334
 20
-311.6729379942444
 42
0.2520863505217065
 10
197.9171910814257
 20
-475.3664703024078
 42
-0.5368047269018362
 10
157.2663289875054
 20
-466.1968324816516
 10
144.9734176629572
 20
-420.7679737988801
 42
-0.3079455560244943
 10
151.4907421327807
 20
-393.406213553033
 42
-0.235257297312611
  0
LWPOLYLINE
  5
2966
330
295F
100
AcDbEntity
  8
0
 62
     0
100
AcDbPolyline
 90
        8
 70
     1
 43
0.0
 38
-0.0000000006690679
 10
624.6582441334322
 20
-232.3687360606454
 42
0.3079445195620678
 10
601.5992181427937
 20
-216.2622665722047
 42
0.2352572973126116
 10
151.4907421327807
 20
-393.406213553033
 42
0.3079455560244888
 10
144.9734176629572
 20
-420.7679737988801
 10
228.8113463048794
 20
-654.2146655459037
 42
0.5371712772929978
 10
269.4827516842197
 20
-663.3646200338225
 42
-0.2528264327554796
 10
689.1974710001814
 20
-499.6895977348867
 42
0.5371724317395591
 10
713.4961518316849
 20
-465.8153727722129
  0
ENDBLK
  5
2967
330
295F
100
AcDbEntity
  8
0
100
AcDbBlockEnd
  0
BLOCK
  5
296A
330
2968
100
AcDbEntity
  8
0
 62
     5
100
AcDbBlockBegin
  2
sofa 2_top_dwgmodels.com
 70
     0
 10
0.0
 20
0.0
 30
0.0
  3
sofa 2_top_dwgmodels.com
  1

  0
LWPOLYLINE
  5
296B
330
2968
100
AcDbEntity
  8
0
 62
     0
100
AcDbPolyline
 90
        6
 70
     0
 43
0.0
 10
1920.0
 20
-258.2045912012254
 10
1920.0
 20
-938.0
 42
0.4142135623730951
 10
1932.0
 20
-950.0
 10
2628.0
 20
-950.0
 42
0.4142135623730951
 10
2640.0
 20
-938.0
 10
2640.0
 20
-258.6885849528917
  0
LWPOLYLINE
  5
296C
330
2968
100
AcDbEntity
  8
0
 62
     0
100
AcDbPolyline
 90
        7
 70
     0
 43
0.0
 10
2640.0
 20
-258.6885849528917
 10
2640.0
 20
-938.0
 42
0.4142135623730951
 10
2652.0
 20
-950.0
 10
3338.0
 20
-950.0
 42
0.4142135623730951
 10
3350.0
 20
-938.0
 10
3350.0
 20
-242.0
 42
0.1980908913910644
 10
3346.512063770264
 20
-233.5415858241031
 42
0.1980908913910644
  0
LWPOLYLINE
  5
296D
330
2968
100
AcDbEntity
  8
0
 62
     0
100
AcDbPolyline
 90
        7
 70
     0
 43
0.0
 10
1215.349212326517
 20
-232.0116556265712
 42
0.2509142920044567
 10
1210.0
 20
-242.0
 10
1210.0
 20
-938.0
 42
0.4142135623730951
 10
1222.0
 20
-950.0
 10
1908.0
 20
-950.0
 42
0.4142135623730951
 10
1920.0
 20
-938.0
 10
1920.0
 20
-258.2045912012254
  0
LWPOLYLINE
  5
296E
330
2968
100
AcDbEntity
  8
0
 62
     0
100
AcDbPolyline
 90
        8
 70
     1
 43
0.0
 10
502.0
 20
-950.0
 10
1198.0
 20
-950.0
 42
0.4142135623730951
 10
1210.0
 20
-938.0
 10
1210.0
 20
-242.0
 42
0.4142135623730951
 10
1198.0
 20
-230.0
 10
502.0
 20
-230.0
 42
0.4142135623730951
 10
490.0
 20
-242.0
 10
490.0
 20
-938.0
 42
0.4142135623730951
  0
LWPOLYLINE
  5
296F
330
2968
100
AcDbEntity
  8
0
 62
     0
100
AcDbPolyline
 90
       19
 70
     1
 43
0.0
 10
1360.815848297148
 20
16.64929911095532
 10
1228.529005919423
 20
6.893217173157609
 42
0.3928126106293777
 10
1210.0
 20
-13.05261388033978
 10
1210.0
 20
-127.0245530741522
 10
1210.0
 20
-187.1836449575348
 10
1210.0
 20
-224.3771032353397
 42
0.3064073436629992
 10
1215.085754371597
 20
-231.8969556081429
 42
0.1030561555317586
 10
1339.305123351281
 20
-257.81424024023
 10
3227.22554871603
 20
-259.0833259201026
 42
0.1039441449630334
 10
3345.159164656943
 20
-234.2985236244422
 42
0.2974621618490173
 10
3350.0
 20
-226.8816136693349
 10
3350.0
 20
-13.42981405889441
 42
0.3955493642641988
 10
3331.281947600525
 20
6.529058914034976
 10
3258.172115146532
 20
11.22486385333468
 10
3190.629970200884
 20
15.5631521770847
 10
3167.821634101507
 20
17.02812384681601
 42
0.0162285269725553
 10
3088.988522004104
 20
19.5269724678219
 10
1444.401074595807
 20
19.5269724678219
 42
0.0172089092246172
 10
1360.815848298021
 20
16.64929911101353
  0
LINE
  5
2970
330
2968
100
AcDbEntity
  8
0
 62
     0
100
AcDbLine
 10
1309.999998804473
 20
5.541150146033032
 30
0.0
 11
3250.0
 21
5.326808546873508
 31
0.0
  0
LWPOLYLINE
  5
2971
330
2968
100
AcDbEntity
  8
0
 62
     0
100
AcDbPolyline
 90
       13
 70
     0
 43
0.0
 10
3506.231278359483
 20
-96.49995565411519
 10
3380.399638298987
 20
-96.49995565414428
 42
0.3348621456846679
 10
3370.784380285419
 20
-103.7528092560096
 10
3350.0
 20
-176.4999985694885
 10
3350.0
 20
-773.5000014305114
 10
3370.784390086367
 20
-846.2471631043008
 42
0.3348620831501731
 10
3380.399647482031
 20
-853.5000145435333
 10
3506.231278359483
 20
-853.5000145435333
 42
0.3945564344845397
 10
3516.181562362181
 20
-844.6121311700407
 10
3529.495517973526
 20
-706.532209322002
 10
3529.496410203225
 20
-243.7180139701959
 10
3516.18156236221
 20
-105.5040398615529
 42
0.3874248908550873
 10
3506.231278359512
 20
-96.49995565414428
 42
537.882531208627
  0
LINE
  5
2972
330
2968
100
AcDbEntity
  8
0
 62
     0
100
AcDbLine
 10
3514.80746833497
 20
-753.6869119547628
 30
0.0
 11
3514.80746833497
 21
-196.4292590766999
 31
0.0
  0
LINE
  5
2973
330
2968
100
AcDbEntity
  8
0
 62
     0
100
AcDbLine
 10
1309.999886098667
 20
-230.0251024490717
 30
0.0
 11
3250.0
 21
-230.0251024490717
 31
0.0
  0
LINE
  5
2974
330
2968
100
AcDbEntity
  8
0
 62
     0
100
AcDbLine
 10
2019.999886098667
 20
-230.0251024490717
 30
0.0
 11
3250.0
 21
-230.0251024490717
 31
0.0
  0
LWPOLYLINE
  5
2975
330
2968
100
AcDbEntity
  8
0
 62
     0
100
AcDbPolyline
 90
        6
 70
     1
 43
0.0
 10
0.0
 20
-950.0
 10
0.0
 20
0.0
 10
1210.0
 20
0.0
 10
1210.0
 20
-230.0
 10
490.0
 20
-230.0
 10
490.0
 20
-950.0
  0
ENDBLK
  5
2978
330
2968
100
AcDbEntity
  8
0
 62
     5
100
AcDbBlockEnd
  0
BLOCK
  5
297A
330
2979
100
AcDbEntity
  8
0
 62
     5
100
AcDbBlockBegin
  2
table044
 70
     2
 10
0.0
 20
0.0
 30
0.0
  3
table044
  1

  0
LINE
  5
297B
330
2979
100
AcDbEntity
  8
0
 62
     0
370
     9
284
     1
100
AcDbLine
 10
775.0331725925207
 20
-302.7093876153231
 30
0.0
 11
702.7425598353147
 21
-375.000000372529
 31
0.0
  0
LINE
  5
297C
330
2979
100
AcDbEntity
  8
0
 62
     0
370
     9
284
     1
100
AcDbLine
 10
25.0
 20
-302.7093876153231
 30
0.0
 11
97.29061257094144
 21
-375.000000372529
 31
0.0
  0
LINE
  5
297D
330
2979
100
AcDbEntity
  8
0
 62
     0
370
     9
284
     1
100
AcDbLine
 10
775.0331725925207
 20
339.4231963902712
 30
0.0
 11
775.0331725925207
 21
-339.4231963902712
 31
0.0
  0
LINE
  5
297E
330
2979
100
AcDbEntity
  8
0
 62
     0
370
     9
284
     1
100
AcDbLine
 10
800.0331724062561
 20
339.4231963902712
 30
0.0
 11
800.0331724062561
 21
-339.4231963902712
 31
0.0
  0
LINE
  5
297F
330
2979
100
AcDbEntity
  8
0
 62
     0
370
     9
284
     1
100
AcDbLine
 10
25.0
 20
-339.4231963902712
 30
0.0
 11
25.0
 21
339.4231963902712
 31
0.0
  0
LINE
  5
2980
330
2979
100
AcDbEntity
  8
0
 62
     0
370
     9
284
     1
100
AcDbLine
 10
0.0
 20
-339.4231963902712
 30
0.0
 11
0.0
 21
339.4231963902712
 31
0.0
  0
LINE
  5
2981
330
2979
100
AcDbEntity
  8
0
 62
     0
370
     9
284
     1
100
AcDbLine
 10
775.0331725925207
 20
-330.9936586767435
 30
0.0
 11
731.0268312692642
 21
-375.000000372529
 31
0.0
  0
LINE
  5
2982
330
2979
100
AcDbEntity
  8
0
 62
     0
370
     9
284
     1
100
AcDbLine
 10
25.0
 20
-330.9936586767435
 30
0.0
 11
69.00634132325649
 21
-375.000000372529
 31
0.0
  0
ARC
  5
2983
330
2979
100
AcDbEntity
  8
0
 62
     0
370
     9
284
     1
100
AcDbCircle
 10
739.4563689827919
 20
-389.9999994784593
 30
0.0
 40
10.0
100
AcDbArc
 50
270.0
 51
0.0
  0
ARC
  5
2984
330
2979
100
AcDbEntity
  8
0
 62
     0
370
     9
284
     1
100
AcDbCircle
 10
60.57680360972881
 20
-389.9999994784593
 30
0.0
 40
10.0
100
AcDbArc
 50
180.0
 51
270.0
  0
LINE
  5
2985
330
2979
100
AcDbEntity
  8
0
 62
     0
370
     9
284
     1
100
AcDbLine
 10
739.4563689827919
 20
-400.000000372529
 30
0.0
 11
60.57680360972881
 21
-400.000000372529
 31
0.0
  0
LINE
  5
2986
330
2979
100
AcDbEntity
  8
0
 62
     0
370
     9
284
     1
100
AcDbLine
 10
739.4563689827919
 20
-375.000000372529
 30
0.0
 11
60.57680360972881
 21
-375.000000372529
 31
0.0
  0
ARC
  5
2987
330
2979
100
AcDbEntity
  8
0
 62
     0
370
     9
284
     1
100
AcDbCircle
 10
739.4563689827919
 20
-384.9999997764826
 30
0.0
 40
10.0
100
AcDbArc
 50
0.0
 51
90.0
  0
LINE
  5
2988
330
2979
100
AcDbEntity
  8
0
 62
     0
370
     9
284
     1
100
AcDbLine
 10
749.4563689455389
 20
-389.9999994784593
 30
0.0
 11
749.4563689455389
 21
-384.9999997764826
 31
0.0
  0
ARC
  5
2989
330
2979
100
AcDbEntity
  8
0
 62
     0
370
     9
284
     1
100
AcDbCircle
 10
60.57680360972881
 20
-384.9999997764826
 30
0.0
 40
10.0
100
AcDbArc
 50
90.0
 51
180.0
  0
LINE
  5
298A
330
2979
100
AcDbEntity
  8
0
 62
     0
370
     9
284
     1
100
AcDbLine
 10
50.57680364698171
 20
-389.9999994784593
 30
0.0
 11
50.57680364698171
 21
-384.9999997764826
 31
0.0
  0
LINE
  5
298B
330
2979
100
AcDbEntity
  8
0
 62
     0
370
     9
284
     1
100
AcDbLine
 10
790.0331724435091
 20
-349.4231957942247
 30
0.0
 11
785.0331725552678
 21
-349.4231957942247
 31
0.0
  0
LINE
  5
298C
330
2979
100
AcDbEntity
  8
0
 62
     0
370
     9
284
     1
100
AcDbLine
 10
10.00000014901161
 20
-349.4231957942247
 30
0.0
 11
15.0000000372529
 21
-349.4231957942247
 31
0.0
  0
ARC
  5
298D
330
2979
100
AcDbEntity
  8
0
 62
     0
370
     9
284
     1
100
AcDbCircle
 10
790.0331724435091
 20
-339.4231963902712
 30
0.0
 40
10.0
100
AcDbArc
 50
270.0
 51
0.0
  0
ARC
  5
298E
330
2979
100
AcDbEntity
  8
0
 62
     0
370
     9
284
     1
100
AcDbCircle
 10
785.0331725552678
 20
-339.4231963902712
 30
0.0
 40
10.0
100
AcDbArc
 50
180.0
 51
270.0
  0
ARC
  5
298F
330
2979
100
AcDbEntity
  8
0
 62
     0
370
     9
284
     1
100
AcDbCircle
 10
15.0000000372529
 20
-339.4231963902712
 30
0.0
 40
10.0
100
AcDbArc
 50
270.0
 51
0.0
  0
ARC
  5
2990
330
2979
100
AcDbEntity
  8
0
 62
     0
370
     9
284
     1
100
AcDbCircle
 10
10.00000014901161
 20
-339.4231963902712
 30
0.0
 40
10.0
100
AcDbArc
 50
180.0
 51
270.0
  0
HATCH
  5
2991
330
2979
100
AcDbEntity
  8
0
 62
     0
370
     9
284
     1
100
AcDbHatch
 10
0.0
 20
0.0
 30
0.0
210
0.0
220
0.0
230
1.0
  2
AR-RROOF
 70
     0
 71
     0
 91
        2
 92
        1
 93
        4
 72
     1
 10
715.0331724435091
 20
-315.0000002235174
 11
85.00000004284084
 21
-315.0000002235174
 72
     1
 10
85.00000014901161
 20
-315.0000002235174
 11
85.00000014901161
 21
314.999999766238
 72
     1
 10
85.00000014901161
 20
314.9999994784594
 11
715.0331725496799
 21
314.9999994784594
 72
     1
 10
715.0331724435091
 20
314.9999994784594
 11
715.0331724435091
 21
-315.0000005112961
 97
        0
 92
       16
 93
       55
 72
     1
 10
139.682986587286
 20
139.122286811471
 11
151.80242522154
 21
106.7801216263324
 72
     1
 10
151.8024254590273
 20
106.7801211029291
 11
159.8820512155071
 21
88.58765318244696
 72
     1
 10
159.8820511251688
 20
88.5876540094614
 11
139.6829867353662
 21
82.52349804062395
 72
     1
 10
139.682986587286
 20
82.52349756658077
 11
121.5037959460169
 21
68.37380030192434
 72
     1
 10
121.5037960559129
 20
68.37380044162273
 11
107.3644182924181
 21
52.20271784905344
 72
     1
 10
107.3644183576107
 20
52.20271758735179
 11
95.24491434264929
 21
48.15994693152607
 72
     1
 10
95.24491410702466
 20
48.15994687378406
 11
89.18516210000962
 21
44.11717621795832
 72
     1
 10
89.18516226112842
 20
44.11717616021633
 11
87.165288512595
 21
34.01024955138564
 72
     1
 10
87.16528844088315
 20
34.01025049388409
 11
119.4838568456471
 21
19.86055322922766
 72
     1
 10
119.4838568568229
 20
19.86055262386799
 11
137.663047498092
 21
5.710855359211564
 72
     1
 10
137.6630475744605
 20
5.71085475385189
 11
153.8223644671961
 21
5.71085475385189
 72
     1
 10
153.8223642855882
 20
5.71085475385189
 11
153.8223642855882
 21
-26.63131043128669
 72
     1
 10
153.8223642855882
 20
-26.63130946457386
 11
178.061241553165
 21
-63.01624528970569
 72
     1
 10
178.0612416565418
 20
-63.01624588668346
 11
232.5988789619878
 21
-93.33702574390917
 72
     1
 10
232.5988790020347
 20
-93.33702512085437
 11
260.8776345290244
 21
-93.33702512085437
 72
     1
 10
260.8776345849037
 20
-93.33702512085437
 11
281.0767643554136
 21
-93.33702512085437
 72
     1
 10
281.0767643153667
 20
-93.33702512085437
 11
272.9970731791109
 21
-69.0804012324661
 72
     1
 10
272.9970732703805
 20
-69.08040232956409
 11
275.0170123996213
 21
-52.9093197369948
 72
     1
 10
275.017012283206
 20
-52.90931947529315
 11
283.0966380396858
 21
-65.03763141203672
 72
     1
 10
283.096638135612
 20
-65.03763161599636
 11
309.3555199140683
 21
-81.20871420856564
 72
     1
 10
309.3555197119713
 20
-81.20871372520923
 11
335.6143361097202
 21
-79.18732839729637
 72
     1
 10
335.6143362820148
 20
-79.18732874095439
 11
363.8930918090045
 21
-81.20871405396611
 72
     1
 10
363.8930916786194
 20
-81.20871372520923
 11
361.8731525493786
 21
-69.08040178846568
 72
     1
 10
361.8731528520584
 20
-69.08040232956409
 11
365.9129657298326
 21
-28.65269586350769
 72
     1
 10
365.9129656851292
 20
-28.65269519388676
 11
365.9129656851292
 21
5.71085531823337
 72
     1
 10
365.9129656851292
 20
5.71085475385189
 11
406.3112252270802
 21
27.9460933143273
 72
     1
 10
406.3112249597907
 20
27.94609405100346
 11
430.5501676090061
 21
52.20271793939173
 72
     1
 10
430.550167709589
 20
52.20271758735179
 11
440.6497325953096
 21
64.33102952409536
 72
     1
 10
440.6497325748205
 20
64.331029728055
 11
424.4904156820848
 21
72.41657102387399
 72
     1
 10
424.4904158636927
 20
72.41657115519046
 11
450.7492322614417
 21
74.43795646820217
 72
     1
 10
450.7492320612072
 20
74.4379561394453
 11
462.8687360761687
 21
110.8228919645771
 72
     1
 10
462.8687363117933
 20
110.8228918164968
 11
460.8487971825525
 21
126.9939744090661
 72
     1
 10
460.8487969264388
 20
126.9939746707678
 11
483.0678004464134
 21
143.1650572633371
 72
     1
 10
483.0678006634116
 20
143.1650575250387
 11
503.2669304339215
 21
161.3575254455209
 72
     1
 10
503.2669302076101
 20
161.3575246185064
 11
489.1275524441152
 21
175.5072218831628
 72
     1
 10
489.1275525093078
 20
175.5072224885225
 11
464.8886098610237
 21
207.84938765876
 72
     1
 10
464.8886097595095
 20
207.8493874520063
 11
446.7094191182404
 21
205.8280021389947
 72
     1
 10
446.7094192281365
 20
205.8280017226934
 11
440.6497326018288
 21
232.1060109389946
 72
     1
 10
440.6497325748205
 20
232.1060117334127
 11
430.5501676890998
 21
278.5978741832078
 72
     1
 10
430.550167709589
 20
278.5978738218546
 11
404.2912859311327
 21
278.5978738218546
 72
     1
 10
404.2912859469652
 20
278.5978738218546
 11
382.0722824269905
 21
260.4054059013724
 72
     1
 10
382.0722823962569
 20
260.4054059833288
 11
365.9129655035213
 21
242.2129380628466
 72
     1
 10
365.9129656851292
 20
242.212938144803
 11
345.7139012953267
 21
244.2343234727159
 72
     1
 10
345.7139011472464
 20
244.2343231290579
 11
339.6541491402313
 21
234.1273965202272
 72
     1
 10
339.6541491150856
 20
234.1273967176676
 11
315.4152064668015
 21
234.1273967176676
 72
     1
 10
315.4152065515518
 20
234.1273967176676
 11
313.3953328030184
 21
248.277093982324
 72
     1
 10
313.395332545042
 20
248.2770945876837
 11
289.1563898967579
 21
248.2770945876837
 72
     1
 10
289.1563899815082
 20
248.2770945876837
 11
268.9572602109984
 21
236.1487826509401
 72
     1
 10
268.9572604373097
 20
236.1487817019224
 11
228.5590662769973
 21
219.9776991093531
 72
     1
 10
228.5590661689639
 20
219.9776988476515
 11
222.4993141619489
 21
193.6996896313503
 72
     1
 10
222.4993141368031
 20
193.6996903270483
 11
186.140932854265
 21
193.6996903270483
 72
     1
 10
186.1409328877926
 20
193.6996903270483
 11
165.9418031172827
 21
226.0418555121869
 72
     1
 10
165.9418031573295
 20
226.0418552905321
 11
157.862177401781
 21
199.7638460891321
 72
     1
 10
157.862177491188
 20
199.7638467699289
 11
143.7227997276932
 21
163.3789109447971
 72
     1
 10
143.7227994203567
 20
163.3789103478193
 11
139.6829865425825
 21
139.122286459431
 97
        0
 75
     0
 76
     1
 52
-45.00000000000001
 41
300.0
 77
     0
 78
     3
 53
134.9999999999999
 43
-12013603.99587801
 44
1621491.270966907
 45
-254.5584412271569
 46
678.8225099390857
 79
     4
 49
4500.0
 49
-600.0
 49
1500.0
 49
-300.0
 53
134.9999999999999
 43
-12013780.06546697
 44
1621879.472589572
 45
494.2676400493966
 46
70.00357133746804
 79
     4
 49
900.0
 49
-99.0
 49
1800.0
 49
-225.0
 53
134.9999999999999
 43
-12013529.74966666
 44
1621777.64921308
 45
-960.9581156325175
 46
1245.21504166951
 79
     4
 49
2400.0
 49
-420.0
 49
1200.0
 49
-300.0
 98
        1
 10
-4790225.692711482
 20
-1285169.698115204
  0
ARC
  5
2992
330
2979
100
AcDbEntity
  8
0
 62
     0
370
     9
284
     1
100
AcDbCircle
 10
60.57680360972881
 20
384.9999997764826
 30
0.0
 40
10.0
100
AcDbArc
 50
180.0
 51
270.0
  0
LINE
  5
2993
330
2979
100
AcDbEntity
  8
0
 62
     0
370
     9
284
     1
100
AcDbLine
 10
50.57680364698171
 20
389.9999994784593
 30
0.0
 11
50.57680364698171
 21
384.9999997764826
 31
0.0
  0
ARC
  5
2994
330
2979
100
AcDbEntity
  8
0
 62
     0
370
     9
284
     1
100
AcDbCircle
 10
60.57680360972881
 20
389.9999994784593
 30
0.0
 40
10.0
100
AcDbArc
 50
90.0
 51
180.0
  0
LINE
  5
2995
330
2979
100
AcDbEntity
  8
0
 62
     0
370
     9
284
     1
100
AcDbLine
 10
10.00000014901161
 20
349.4231965392828
 30
0.0
 11
15.0000000372529
 21
349.4231965392828
 31
0.0
  0
ARC
  5
2996
330
2979
100
AcDbEntity
  8
0
 62
     0
370
     9
284
     1
100
AcDbCircle
 10
10.00000014901161
 20
339.4231963902712
 30
0.0
 40
10.0
100
AcDbArc
 50
90.0
 51
180.0
  0
ARC
  5
2997
330
2979
100
AcDbEntity
  8
0
 62
     0
370
     9
284
     1
100
AcDbCircle
 10
15.0000000372529
 20
339.4231963902712
 30
0.0
 40
10.0
100
AcDbArc
 50
0.0
 51
90.0
  0
LINE
  5
2998
330
2979
100
AcDbEntity
  8
0
 62
     0
370
     9
284
     1
100
AcDbLine
 10
25.0
 20
302.7093876153231
 30
0.0
 11
97.29061257094144
 21
374.999999627471
 31
0.0
  0
LINE
  5
2999
330
2979
100
AcDbEntity
  8
0
 62
     0
370
     9
284
     1
100
AcDbLine
 10
25.0
 20
330.9936586767435
 30
0.0
 11
69.00634132325649
 21
374.999999627471
 31
0.0
  0
LINE
  5
299A
330
2979
100
AcDbEntity
  8
0
 62
     0
370
     9
284
     1
100
AcDbLine
 10
775.0331725925207
 20
330.9936586767435
 30
0.0
 11
731.0268312692642
 21
374.999999627471
 31
0.0
  0
LINE
  5
299B
330
2979
100
AcDbEntity
  8
0
 62
     0
370
     9
284
     1
100
AcDbLine
 10
775.0331725925207
 20
302.7093876153231
 30
0.0
 11
702.7425598353147
 21
374.999999627471
 31
0.0
  0
LINE
  5
299C
330
2979
100
AcDbEntity
  8
0
 62
     0
370
     9
284
     1
100
AcDbLine
 10
790.0331724435091
 20
349.4231965392828
 30
0.0
 11
785.0331725552678
 21
349.4231965392828
 31
0.0
  0
ARC
  5
299D
330
2979
100
AcDbEntity
  8
0
 62
     0
370
     9
284
     1
100
AcDbCircle
 10
785.0331725552678
 20
339.4231963902712
 30
0.0
 40
10.0
100
AcDbArc
 50
90.0
 51
180.0
  0
ARC
  5
299E
330
2979
100
AcDbEntity
  8
0
 62
     0
370
     9
284
     1
100
AcDbCircle
 10
790.0331724435091
 20
339.4231963902712
 30
0.0
 40
10.0
100
AcDbArc
 50
0.0
 51
90.0
  0
LINE
  5
299F
330
2979
100
AcDbEntity
  8
0
 62
     0
370
     9
284
     1
100
AcDbLine
 10
60.57680360972881
 20
374.999999627471
 30
0.0
 11
739.4563689827919
 21
374.999999627471
 31
0.0
  0
LINE
  5
29A0
330
2979
100
AcDbEntity
  8
0
 62
     0
370
     9
284
     1
100
AcDbLine
 10
60.57680360972881
 20
400.000000372529
 30
0.0
 11
739.4563689827919
 21
400.000000372529
 31
0.0
  0
ARC
  5
29A1
330
2979
100
AcDbEntity
  8
0
 62
     0
370
     9
284
     1
100
AcDbCircle
 10
739.4563689827919
 20
389.9999994784593
 30
0.0
 40
10.0
100
AcDbArc
 50
0.0
 51
90.0
  0
LINE
  5
29A2
330
2979
100
AcDbEntity
  8
0
 62
     0
370
     9
284
     1
100
AcDbLine
 10
749.4563689455389
 20
389.9999994784593
 30
0.0
 11
749.4563689455389
 21
384.9999997764826
 31
0.0
  0
ARC
  5
29A3
330
2979
100
AcDbEntity
  8
0
 62
     0
370
     9
284
     1
100
AcDbCircle
 10
739.4563689827919
 20
384.9999997764826
 30
0.0
 40
10.0
100
AcDbArc
 50
270.0
 51
0.0
  0
ELLIPSE
  5
29A4
330
2979
100
AcDbEntity
  8
0
 62
     0
370
     9
284
     1
100
AcDbEllipse
 10
412.0023403316736
 20
180.5462148040533
 30
0.0
 11
-0.0000002637577458
 21
-18.16433710784776
 31
0.0
210
0.0
220
0.0
230
1.0
 40
0.9313593396969434
 41
-1.320145970195016
 42
-1.172986028950339
  0
ELLIPSE
  5
29A5
330
2979
100
AcDbEntity
  8
0
 62
     0
370
     9
284
     1
100
AcDbEllipse
 10
413.3216416463255
 20
146.8543950468301
 30
0.0
 11
0.0000000348869275
 21
-17.6573441912587
 31
0.0
210
0.0
220
0.0
230
1.0
 40
0.9313593372311151
 41
3.848767404330709
 42
4.459185079898806
  0
ELLIPSE
  5
29A6
330
2979
100
AcDbEntity
  8
0
 62
     0
370
     9
284
     1
100
AcDbEllipse
 10
359.5623360946774
 20
197.8138450533151
 30
0.0
 11
-0.0000000110054542
 21
-42.56253526964606
 31
0.0
210
0.0
220
0.0
230
1.0
 40
0.9313593371663618
 41
0.3101415942300276
 42
0.6176637754783237
  0
ELLIPSE
  5
29A7
330
2979
100
AcDbEntity
  8
0
 62
     0
370
     9
284
     1
100
AcDbEllipse
 10
327.089081145823
 20
171.393284574151
 30
0.0
 11
-0.0000001556597979
 21
-60.08876044055821
 31
0.0
210
0.0
220
0.0
230
1.0
 40
0.9313593365013483
 41
1.24179590973621
 42
1.432596452792261
  0
ELLIPSE
  5
29A8
330
2979
100
AcDbEntity
  8
0
 62
     0
370
     9
284
     1
100
AcDbEllipse
 10
372.19328135252
 20
167.4820359796285
 30
0.0
 11
0.0000000125814348
 21
-11.15060763808807
 31
0.0
210
0.0
220
0.0
230
1.0
 40
0.9313593371086536
 41
1.464350188566023
 42
2.418594722511198
  0
ELLIPSE
  5
29A9
330
2979
100
AcDbEntity
  8
0
 62
     0
370
     9
284
     1
100
AcDbEllipse
 10
362.0538474991918
 20
192.3496063798666
 30
0.0
 11
-0.0000000190540002
 21
-34.08204992965815
 31
0.0
210
0.0
220
0.0
230
1.0
 40
0.9313593372462174
 41
0.2588735159347468
 42
0.7006884046959013
  0
ELLIPSE
  5
29AA
330
2979
100
AcDbEntity
  8
0
 62
     0
370
     9
284
     1
100
AcDbEllipse
 10
400.4846360534429
 20
177.8856556862592
 30
0.0
 11
-0.0000000035126557
 21
-14.77170947892991
 31
0.0
210
0.0
220
0.0
230
1.0
 40
0.9313593371988948
 41
-0.8751392171211108
 42
-0.0141951331161243
  0
ELLIPSE
  5
29AB
330
2979
100
AcDbEntity
  8
0
 62
     0
370
     9
284
     1
100
AcDbEllipse
 10
345.3348249197006
 20
202.6122752577066
 30
0.0
 11
-0.0000000319611876
 21
-58.8322117960871
 31
0.0
210
0.0
220
0.0
230
1.0
 40
0.9313593372047348
 41
0.950585842771682
 42
1.088263904494637
  0
ELLIPSE
  5
29AC
330
2979
100
AcDbEntity
  8
0
 62
     0
370
     9
284
     1
100
AcDbEllipse
 10
389.8641735315323
 20
160.3319365531206
 30
0.0
 11
0.000000002722163
 21
-4.926866201215918
 31
0.0
210
0.0
220
0.0
230
1.0
 40
0.9313593371328391
 41
3.23632583975632
 42
5.013035532536568
  0
ELLIPSE
  5
29AD
330
2979
100
AcDbEntity
  8
0
 62
     0
370
     9
284
     1
100
AcDbEllipse
 10
412.2454810887575
 20
197.3029743880033
 30
0.0
 11
0.0000000177316673
 21
-40.35269881863849
 31
0.0
210
0.0
220
0.0
230
1.0
 40
0.9313593372145836
 41
-0.6523658511484923
 42
-0.3099317277774161
  0
LINE
  5
29AE
330
2979
100
AcDbEntity
  8
0
 62
     0
370
     9
284
     1
100
AcDbLine
 10
392.3917334526777
 20
160.9941568225622
 30
0.0
 11
388.4429257363081
 21
164.7063855081796
 31
0.0
  0
LINE
  5
29AF
330
2979
100
AcDbEntity
  8
0
 62
     0
370
     9
284
     1
100
AcDbLine
 10
394.8597269132733
 20
157.2819527238607
 30
0.0
 11
392.3917334526777
 21
160.9941568225622
 31
0.0
  0
LINE
  5
29B0
330
2979
100
AcDbEntity
  8
0
 62
     0
370
     9
284
     1
100
AcDbLine
 10
394.8597269132733
 20
161.5244816988706
 30
0.0
 11
398.8085348159075
 21
156.2213275581598
 31
0.0
  0
ELLIPSE
  5
29B1
330
2979
100
AcDbEntity
  8
0
 62
     0
370
     9
284
     1
100
AcDbEllipse
 10
440.7645793631672
 20
380.261567607522
 30
0.0
 11
-0.0000000000005846
 21
-223.6512704403139
 31
0.0
210
0.0
220
0.0
230
1.0
 40
0.9313593371602769
 41
-0.1859027964296154
 42
0.1859027964296209
  0
LINE
  5
29B2
330
2979
100
AcDbEntity
  8
0
 62
     0
370
     9
284
     1
100
AcDbLine
 10
469.0175671130418
 20
160.5588730424642
 30
0.0
 11
471.7607956379652
 21
157.6116021722555
 31
0.0
  0
LINE
  5
29B3
330
2979
100
AcDbEntity
  8
0
 62
     0
370
     9
284
     1
100
AcDbLine
 10
467.3716412857174
 20
155.8432344347238
 30
0.0
 11
469.0175671130418
 21
160.5588730424642
 31
0.0
  0
LINE
  5
29B4
330
2979
100
AcDbEntity
  8
0
 62
     0
370
     9
284
     1
100
AcDbLine
 10
463.5311290621757
 20
159.3799438327551
 30
0.0
 11
467.3716412857174
 21
155.8432344347238
 31
0.0
  0
LINE
  5
29B5
330
2979
100
AcDbEntity
  8
0
 62
     0
370
     9
284
     1
100
AcDbLine
 10
461.3365611061453
 20
155.2537705749273
 30
0.0
 11
463.5311290621757
 21
159.3799438327551
 31
0.0
  0
LINE
  5
29B6
330
2979
100
AcDbEntity
  8
0
 62
     0
370
     9
284
     1
100
AcDbLine
 10
458.0446910113096
 20
159.3799438327551
 30
0.0
 11
461.3365611061453
 21
155.2537705749273
 31
0.0
  0
LINE
  5
29B7
330
2979
100
AcDbEntity
  8
0
 62
     0
370
     9
284
     1
100
AcDbLine
 10
455.8501049876213
 20
154.6643059700727
 30
0.0
 11
458.0446910113096
 21
159.3799438327551
 31
0.0
  0
LINE
  5
29B8
330
2979
100
AcDbEntity
  8
0
 62
     0
370
     9
284
     1
100
AcDbLine
 10
452.009592577815
 20
158.7905053049326
 30
0.0
 11
455.8501049876213
 21
154.6643059700727
 31
0.0
  0
LINE
  5
29B9
330
2979
100
AcDbEntity
  8
0
 62
     0
370
     9
284
     1
100
AcDbLine
 10
450.3636665642261
 20
154.6643059700727
 30
0.0
 11
452.009592577815
 21
158.7905053049326
 31
0.0
  0
LINE
  5
29BA
330
2979
100
AcDbEntity
  8
0
 62
     0
370
     9
284
     1
100
AcDbLine
 10
447.6204384118318
 20
158.7905053049326
 30
0.0
 11
450.3636665642261
 21
154.6643059700727
 31
0.0
  0
LINE
  5
29BB
330
2979
100
AcDbEntity
  8
0
 62
     0
370
     9
284
     1
100
AcDbLine
 10
444.87722851336
 20
153.4854035824537
 30
0.0
 11
447.6204384118318
 21
158.7905053049326
 31
0.0
  0
LINE
  5
29BC
330
2979
100
AcDbEntity
  8
0
 62
     0
370
     9
284
     1
100
AcDbLine
 10
442.6826423034071
 20
158.7905053049326
 30
0.0
 11
444.87722851336
 21
153.4854035824537
 31
0.0
  0
LINE
  5
29BD
330
2979
100
AcDbEntity
  8
0
 62
     0
370
     9
284
     1
100
AcDbLine
 10
438.8421483337879
 20
152.8959397226572
 30
0.0
 11
442.6826423034071
 21
158.7905053049326
 31
0.0
  0
LINE
  5
29BE
330
2979
100
AcDbEntity
  8
0
 62
     0
370
     9
284
     1
100
AcDbLine
 10
435.5502780526876
 20
159.3799438327551
 30
0.0
 11
438.8421483337879
 21
152.8959397226572
 31
0.0
  0
LINE
  5
29BF
330
2979
100
AcDbEntity
  8
0
 62
     0
370
     9
284
     1
100
AcDbLine
 10
433.3556920289993
 20
154.6643059700727
 30
0.0
 11
435.5502780526876
 21
159.3799438327551
 31
0.0
  0
LINE
  5
29C0
330
2979
100
AcDbEntity
  8
0
 62
     0
370
     9
284
     1
100
AcDbLine
 10
429.5151798054575
 20
158.7905053049326
 30
0.0
 11
433.3556920289993
 21
154.6643059700727
 31
0.0
  0
LINE
  5
29C1
330
2979
100
AcDbEntity
  8
0
 62
     0
370
     9
284
     1
100
AcDbLine
 10
427.3206120356917
 20
154.6643059700727
 30
0.0
 11
429.5151798054575
 21
158.7905053049326
 31
0.0
  0
LINE
  5
29C2
330
2979
100
AcDbEntity
  8
0
 62
     0
370
     9
284
     1
100
AcDbLine
 10
425.1260258257389
 20
159.3799438327551
 30
0.0
 11
427.3206120356917
 21
154.6643059700727
 31
0.0
  0
LINE
  5
29C3
330
2979
100
AcDbEntity
  8
0
 62
     0
370
     9
284
     1
100
AcDbLine
 10
422.382815927267
 20
155.2537705749273
 30
0.0
 11
425.1260258257389
 21
159.3799438327551
 31
0.0
  0
LINE
  5
29C4
330
2979
100
AcDbEntity
  8
0
 62
     0
370
     9
284
     1
100
AcDbLine
 10
419.0909456461668
 20
159.9694084376096
 30
0.0
 11
422.382815927267
 21
155.2537705749273
 31
0.0
  0
LINE
  5
29C5
330
2979
100
AcDbEntity
  8
0
 62
     0
370
     9
284
     1
100
AcDbLine
 10
416.3477357476949
 20
155.2537705749273
 30
0.0
 11
419.0909456461668
 21
159.9694084376096
 31
0.0
  0
LINE
  5
29C6
330
2979
100
AcDbEntity
  8
0
 62
     0
370
     9
284
     1
100
AcDbLine
 10
413.6045075953006
 20
161.7377754300832
 30
0.0
 11
416.3477357476949
 21
155.2537705749273
 31
0.0
  0
LINE
  5
29C7
330
2979
100
AcDbEntity
  8
0
 62
     0
370
     9
284
     1
100
AcDbLine
 10
409.7639951854944
 20
156.4326729625463
 30
0.0
 11
413.6045075953006
 21
161.7377754300832
 31
0.0
  0
LINE
  5
29C8
330
2979
100
AcDbEntity
  8
0
 62
     0
370
     9
284
     1
100
AcDbLine
 10
407.0207670331001
 20
162.3272400349378
 30
0.0
 11
409.7639951854944
 21
156.4326729625463
 31
0.0
  0
LINE
  5
29C9
330
2979
100
AcDbEntity
  8
0
 62
     0
370
     9
284
     1
100
AcDbLine
 10
404.8261992633342
 20
157.6116021722555
 30
0.0
 11
407.0207670331001
 21
162.3272400349378
 31
0.0
  0
ELLIPSE
  5
29CA
330
2979
100
AcDbEntity
  8
0
 62
     0
370
     9
284
     1
100
AcDbEllipse
 10
391.7893968522549
 20
204.6386074274778
 30
0.0
 11
-0.0000000036498073
 21
-28.8910135230971
 31
0.0
210
0.0
220
0.0
230
1.0
 40
0.9313593371186962
 41
-0.4057984534655814
 42
0.142599662817295
  0
ELLIPSE
  5
29CB
330
2979
100
AcDbEntity
  8
0
 62
     0
370
     9
284
     1
100
AcDbEllipse
 10
382.6387338340282
 20
177.2323261946439
 30
0.0
 11
-0.0000000064122889
 21
-9.513820002555117
 31
0.0
210
0.0
220
0.0
230
1.0
 40
0.931359337157891
 41
0.3860291098810204
 42
1.424244790026818
  0
ELLIPSE
  5
29CC
330
2979
100
AcDbEntity
  8
0
 62
     0
370
     9
284
     1
100
AcDbEllipse
 10
378.7796974182129
 20
193.4463214129209
 30
0.0
 11
0.0000000002614043
 21
-15.56500180385882
 31
0.0
210
0.0
220
0.0
230
1.0
 40
0.9313593371814349
 41
-0.0231465778409541
 42
1.594581070012915
  0
ELLIPSE
  5
29CD
330
2979
100
AcDbEntity
  8
0
 62
     0
370
     9
284
     1
100
AcDbEllipse
 10
357.5540497899055
 20
192.9041657596826
 30
0.0
 11
-0.0000000032357393
 21
-38.36141549585576
 31
0.0
210
0.0
220
0.0
230
1.0
 40
0.9313593371691633
 41
1.594581070100844
 42
3.412071605705021
  0
ELLIPSE
  5
29CE
330
2979
100
AcDbEntity
  8
0
 62
     0
370
     9
284
     1
100
AcDbEllipse
 10
380.4104130715132
 20
284.7463723272085
 30
0.0
 11
0.000001083021588
 21
-64.9747444540763
 31
0.0
210
0.0
220
0.0
230
1.0
 40
0.9313593379276044
 41
-0.6760609601371161
 42
-0.5650412099283482
  0
ELLIPSE
  5
29CF
330
2979
100
AcDbEntity
  8
0
 62
     0
370
     9
284
     1
100
AcDbEllipse
 10
332.2582256048918
 20
230.1824193447828
 30
0.0
 11
-0.0000000043365008
 21
-11.7066150273029
 31
0.0
210
0.0
220
0.0
230
1.0
 40
0.9313593372138575
 41
0.9277900569344005
 42
1.908696664646888
  0
ELLIPSE
  5
29D0
330
2979
100
AcDbEntity
  8
0
 62
     0
370
     9
284
     1
100
AcDbEllipse
 10
371.4876152575016
 20
198.6245434731245
 30
0.0
 11
-0.0000000003391108
 21
-40.92457584644068
 31
0.0
210
0.0
220
0.0
230
1.0
 40
0.9313593371788483
 41
4.069382710213712
 42
5.99061253717889
  0
ELLIPSE
  5
29D1
330
2979
100
AcDbEntity
  8
0
 62
     0
370
     9
284
     1
100
AcDbEllipse
 10
364.6109379827976
 20
174.1123523563146
 30
0.0
 11
0.0000000038086438
 21
-15.32450944676464
 31
0.0
210
0.0
220
0.0
230
1.0
 40
0.9313593371658521
 41
-0.2925727702666923
 42
1.819570296917504
  0
ELLIPSE
  5
29D2
330
2979
100
AcDbEntity
  8
0
 62
     0
370
     9
284
     1
100
AcDbEllipse
 10
352.9505625367165
 20
196.7798080295324
 30
0.0
 11
0.000000032586981
 21
-83.61339460404199
 31
0.0
210
0.0
220
0.0
230
1.0
 40
0.9313593371180431
 41
1.5874935245217
 42
2.18986583876651
  0
ELLIPSE
  5
29D3
330
2979
100
AcDbEntity
  8
0
 62
     0
370
     9
284
     1
100
AcDbEllipse
 10
430.7795234024524
 20
256.3202437013388
 30
0.0
 11
-0.0000000044664603
 21
-18.99341766295432
 31
0.0
210
0.0
220
0.0
230
1.0
 40
0.9313593372284442
 41
4.358254134173144
 42
5.331458493018425
  0
ELLIPSE
  5
29D4
330
2979
100
AcDbEntity
  8
0
 62
     0
370
     9
284
     1
100
AcDbEllipse
 10
394.5807287469506
 20
280.6669857352972
 30
0.0
 11
0.0000000131772315
 21
-27.54277009184946
 31
0.0
210
0.0
220
0.0
230
1.0
 40
0.9313593371210279
 41
0.1688381393412126
 42
0.8700041138184966
  0
ELLIPSE
  5
29D5
330
2979
100
AcDbEntity
  8
0
 62
     0
370
     9
284
     1
100
AcDbEllipse
 10
405.8971613645553
 20
209.387044236064
 30
0.0
 11
-0.0000000002067114
 21
-44.76534415618826
 31
0.0
210
0.0
220
0.0
230
1.0
 40
0.9313593371711681
 41
3.310430793441281
 42
4.249228453524507
  0
ELLIPSE
  5
29D6
330
2979
100
AcDbEntity
  8
0
 62
     0
370
     9
284
     1
100
AcDbEllipse
 10
525.0525802373886
 20
329.222522303462
 30
0.0
 11
0.0000000113837125
 21
-217.8417834203743
 31
0.0
210
0.0
220
0.0
230
1.0
 40
0.9313593371835088
 41
-1.118727480806285
 42
-0.8066588350603257
  0
ELLIPSE
  5
29D7
330
2979
100
AcDbEntity
  8
0
 62
     0
370
     9
284
     1
100
AcDbEllipse
 10
510.6567043811082
 20
191.7302552610635
 30
0.0
 11
0.0000000036692406
 21
-125.6769027882467
 31
0.0
210
0.0
220
0.0
230
1.0
 40
0.9313593371943094
 41
4.110324483317337
 42
4.82638980387294
  0
LINE
  5
29D8
330
2979
100
AcDbEntity
  8
0
 62
     0
370
     9
284
     1
100
AcDbLine
 10
348.8644789904356
 20
226.577826961875
 30
0.0
 11
343.9266828820109
 21
227.756754681468
 31
0.0
  0
LINE
  5
29D9
330
2979
100
AcDbEntity
  8
0
 62
     0
370
     9
284
     1
100
AcDbLine
 10
346.6699110344052
 20
224.2200206965208
 30
0.0
 11
348.8644789904356
 21
226.577826961875
 31
0.0
  0
LINE
  5
29DA
330
2979
100
AcDbEntity
  8
0
 62
     0
370
     9
284
     1
100
AcDbLine
 10
351.6077071428299
 20
223.0411168187857
 30
0.0
 11
346.6699110344052
 21
224.2200206965208
 31
0.0
  0
LINE
  5
29DB
330
2979
100
AcDbEntity
  8
0
 62
     0
370
     9
284
     1
100
AcDbLine
 10
345.5726273357868
 20
219.5043828338385
 30
0.0
 11
351.6077071428299
 21
223.0411168187857
 31
0.0
  0
LINE
  5
29DC
330
2979
100
AcDbEntity
  8
0
 62
     0
370
     9
284
     1
100
AcDbLine
 10
351.6077071428299
 20
218.9149182289839
 30
0.0
 11
345.5726273357868
 21
219.5043828338385
 31
0.0
  0
LINE
  5
29DD
330
2979
100
AcDbEntity
  8
0
 62
     0
370
     9
284
     1
100
AcDbLine
 10
349.9617813155055
 20
215.9676473587751
 30
0.0
 11
351.6077071428299
 21
218.9149182289839
 31
0.0
  0
LINE
  5
29DE
330
2979
100
AcDbEntity
  8
0
 62
     0
370
     9
284
     1
100
AcDbLine
 10
354.3509354814887
 20
215.3781842440367
 30
0.0
 11
349.9617813155055
 21
215.9676473587751
 31
0.0
  0
LINE
  5
29DF
330
2979
100
AcDbEntity
  8
0
 62
     0
370
     9
284
     1
100
AcDbLine
 10
351.6077071428299
 20
212.4309133738279
 30
0.0
 11
354.3509354814887
 21
215.3781842440367
 31
0.0
  0
LINE
  5
29E0
330
2979
100
AcDbEntity
  8
0
 62
     0
370
     9
284
     1
100
AcDbLine
 10
356.5455034375191
 20
212.4309133738279
 30
0.0
 11
351.6077071428299
 21
212.4309133738279
 31
0.0
  0
LINE
  5
29E1
330
2979
100
AcDbEntity
  8
0
 62
     0
370
     9
284
     1
100
AcDbLine
 10
353.8022933527827
 20
208.8941778987646
 30
0.0
 11
356.5455034375191
 21
212.4309133738279
 31
0.0
  0
LINE
  5
29E2
330
2979
100
AcDbEntity
  8
0
 62
     0
370
     9
284
     1
100
AcDbLine
 10
357.642787322402
 20
208.3047393709421
 30
0.0
 11
353.8022933527827
 21
208.8941778987646
 31
0.0
  0
LINE
  5
29E3
330
2979
100
AcDbEntity
  8
0
 62
     0
370
     9
284
     1
100
AcDbLine
 10
355.4482195526361
 20
205.3574439138174
 30
0.0
 11
357.642787322402
 21
208.3047393709421
 31
0.0
  0
LINE
  5
29E4
330
2979
100
AcDbEntity
  8
0
 62
     0
370
     9
284
     1
100
AcDbLine
 10
360.3860156610608
 20
205.3574439138174
 30
0.0
 11
355.4482195526361
 21
205.3574439138174
 31
0.0
  0
LINE
  5
29E5
330
2979
100
AcDbEntity
  8
0
 62
     0
370
     9
284
     1
100
AcDbLine
 10
357.642787322402
 20
202.4101737886667
 30
0.0
 11
360.3860156610608
 21
205.3574439138174
 31
0.0
  0
LINE
  5
29E6
330
2979
100
AcDbEntity
  8
0
 62
     0
370
     9
284
     1
100
AcDbLine
 10
364.7751696407795
 20
203.5890761762857
 30
0.0
 11
357.642787322402
 21
202.4101737886667
 31
0.0
  0
LINE
  5
29E7
330
2979
100
AcDbEntity
  8
0
 62
     0
370
     9
284
     1
100
AcDbLine
 10
360.3860156610608
 20
198.2839997857809
 30
0.0
 11
364.7751696407795
 21
203.5890761762857
 31
0.0
  0
LINE
  5
29E8
330
2979
100
AcDbEntity
  8
0
 62
     0
370
     9
284
     1
100
AcDbLine
 10
365.323811583221
 20
198.8734390586614
 30
0.0
 11
360.3860156610608
 21
198.2839997857809
 31
0.0
  0
LINE
  5
29E9
330
2979
100
AcDbEntity
  8
0
 62
     0
370
     9
284
     1
100
AcDbLine
 10
363.6778857558966
 20
195.3367043286562
 30
0.0
 11
365.323811583221
 21
198.8734390586614
 31
0.0
  0
LINE
  5
29EA
330
2979
100
AcDbEntity
  8
0
 62
     0
370
     9
284
     1
100
AcDbLine
 10
368.0670399218798
 20
195.9261681884527
 30
0.0
 11
363.6778857558966
 21
195.3367043286562
 31
0.0
  0
LINE
  5
29EB
330
2979
100
AcDbEntity
  8
0
 62
     0
370
     9
284
     1
100
AcDbLine
 10
365.8724537119269
 20
191.7999949306249
 30
0.0
 11
368.0670399218798
 21
195.9261681884527
 31
0.0
  0
LINE
  5
29EC
330
2979
100
AcDbEntity
  8
0
 62
     0
370
     9
284
     1
100
AcDbLine
 10
371.3588917627931
 20
191.7999949306249
 30
0.0
 11
365.8724537119269
 21
191.7999949306249
 31
0.0
  0
LINE
  5
29ED
330
2979
100
AcDbEntity
  8
0
 62
     0
370
     9
284
     1
100
AcDbLine
 10
368.0670399218798
 20
188.8526994735002
 30
0.0
 11
371.3588917627931
 21
191.7999949306249
 31
0.0
  0
LINE
  5
29EE
330
2979
100
AcDbEntity
  8
0
 62
     0
370
     9
284
     1
100
AcDbLine
 10
373.5534779727459
 20
188.8526994735002
 30
0.0
 11
368.0670399218798
 21
188.8526994735002
 31
0.0
  0
LINE
  5
29EF
330
2979
100
AcDbEntity
  8
0
 62
     0
370
     9
284
     1
100
AcDbLine
 10
370.2616076916456
 20
185.315990075469
 30
0.0
 11
373.5534779727459
 21
188.8526994735002
 31
0.0
  0
LINE
  5
29F0
330
2979
100
AcDbEntity
  8
0
 62
     0
370
     9
284
     1
100
AcDbLine
 10
375.1994039863348
 20
186.494892463088
 30
0.0
 11
370.2616076916456
 21
185.315990075469
 31
0.0
  0
LINE
  5
29F1
330
2979
100
AcDbEntity
  8
0
 62
     0
370
     9
284
     1
100
AcDbLine
 10
371.9075521454215
 20
181.7792553454637
 30
0.0
 11
375.1994039863348
 21
186.494892463088
 31
0.0
  0
LINE
  5
29F2
330
2979
100
AcDbEntity
  8
0
 62
     0
370
     9
284
     1
100
AcDbLine
 10
377.3939901962876
 20
183.5476223379373
 30
0.0
 11
371.9075521454215
 21
181.7792553454637
 31
0.0
  0
LINE
  5
29F3
330
2979
100
AcDbEntity
  8
0
 62
     0
370
     9
284
     1
100
AcDbLine
 10
375.1994039863348
 20
177.6530567556619
 30
0.0
 11
377.3939901962876
 21
183.5476223379373
 31
0.0
  0
LINE
  5
29F4
330
2979
100
AcDbEntity
  8
0
 62
     0
370
     9
284
     1
100
AcDbLine
 10
378.4912742674351
 20
180.6003268808126
 30
0.0
 11
375.1994039863348
 21
177.6530567556619
 31
0.0
  0
LINE
  5
29F5
330
2979
100
AcDbEntity
  8
0
 62
     0
370
     9
284
     1
100
AcDbLine
 10
409.2153532430529
 20
254.871678724885
 30
0.0
 11
412.5072235241532
 21
254.871678724885
 31
0.0
  0
LINE
  5
29F6
330
2979
100
AcDbEntity
  8
0
 62
     0
370
     9
284
     1
100
AcDbLine
 10
410.8612792566418
 20
251.3349439948797
 30
0.0
 11
409.2153532430529
 21
254.871678724885
 31
0.0
  0
LINE
  5
29F7
330
2979
100
AcDbEntity
  8
0
 62
     0
370
     9
284
     1
100
AcDbLine
 10
406.4721252769231
 20
250.7455047219992
 30
0.0
 11
410.8612792566418
 21
251.3349439948797
 31
0.0
  0
LINE
  5
29F8
330
2979
100
AcDbEntity
  8
0
 62
     0
370
     9
284
     1
100
AcDbLine
 10
410.3126373142004
 20
246.0298415273428
 30
0.0
 11
406.4721252769231
 21
250.7455047219992
 31
0.0
  0
LINE
  5
29F9
330
2979
100
AcDbEntity
  8
0
 62
     0
370
     9
284
     1
100
AcDbLine
 10
405.3748412057757
 20
246.0298415273428
 30
0.0
 11
410.3126373142004
 21
246.0298415273428
 31
0.0
  0
LINE
  5
29FA
330
2979
100
AcDbEntity
  8
0
 62
     0
370
     9
284
     1
100
AcDbLine
 10
408.1180691719055
 20
240.7247643917799
 30
0.0
 11
405.3748412057757
 21
246.0298415273428
 31
0.0
  0
LINE
  5
29FB
330
2979
100
AcDbEntity
  8
0
 62
     0
370
     9
284
     1
100
AcDbLine
 10
403.1802730634808
 20
241.903668269515
 30
0.0
 11
408.1180691719055
 21
240.7247643917799
 31
0.0
  0
LINE
  5
29FC
330
2979
100
AcDbEntity
  8
0
 62
     0
370
     9
284
     1
100
AcDbLine
 10
405.3748412057757
 20
238.3669335395098
 30
0.0
 11
403.1802730634808
 21
241.903668269515
 31
0.0
  0
LINE
  5
29FD
330
2979
100
AcDbEntity
  8
0
 62
     0
370
     9
284
     1
100
AcDbLine
 10
400.437045097351
 20
238.3669335395098
 30
0.0
 11
405.3748412057757
 21
238.3669335395098
 31
0.0
  0
LINE
  5
29FE
330
2979
100
AcDbEntity
  8
0
 62
     0
370
     9
284
     1
100
AcDbLine
 10
403.7289151921868
 20
233.0618318170309
 30
0.0
 11
400.437045097351
 21
238.3669335395098
 31
0.0
  0
LINE
  5
29FF
330
2979
100
AcDbEntity
  8
0
 62
     0
370
     9
284
     1
100
AcDbLine
 10
399.8884031549096
 20
233.6512964218855
 30
0.0
 11
403.7289151921868
 21
233.0618318170309
 31
0.0
  0
LINE
  5
2A00
330
2979
100
AcDbEntity
  8
0
 62
     0
370
     9
284
     1
100
AcDbLine
 10
402.6316128671169
 20
228.9356578141451
 30
0.0
 11
399.8884031549096
 21
233.6512964218855
 31
0.0
  0
LINE
  5
2A01
330
2979
100
AcDbEntity
  8
0
 62
     0
370
     9
284
     1
100
AcDbLine
 10
397.6938169449568
 20
228.9356578141451
 30
0.0
 11
402.6316128671169
 21
228.9356578141451
 31
0.0
  0
LINE
  5
2A02
330
2979
100
AcDbEntity
  8
0
 62
     0
370
     9
284
     1
100
AcDbLine
 10
400.985686853528
 20
223.0411168187857
 30
0.0
 11
397.6938169449568
 21
228.9356578141451
 31
0.0
  0
LINE
  5
2A03
330
2979
100
AcDbEntity
  8
0
 62
     0
370
     9
284
     1
100
AcDbLine
 10
397.1451748162508
 20
222.4516537040472
 30
0.0
 11
400.985686853528
 21
223.0411168187857
 31
0.0
  0
LINE
  5
2A04
330
2979
100
AcDbEntity
  8
0
 62
     0
370
     9
284
     1
100
AcDbLine
 10
400.437045097351
 20
219.5043828338385
 30
0.0
 11
397.1451748162508
 21
222.4516537040472
 31
0.0
  0
LINE
  5
2A05
330
2979
100
AcDbEntity
  8
0
 62
     0
370
     9
284
     1
100
AcDbLine
 10
395.4992488026619
 20
218.3254536241293
 30
0.0
 11
400.437045097351
 21
219.5043828338385
 31
0.0
  0
LINE
  5
2A06
330
2979
100
AcDbEntity
  8
0
 62
     0
370
     9
284
     1
100
AcDbLine
 10
399.3397610262036
 20
214.1992803663015
 30
0.0
 11
395.4992488026619
 21
218.3254536241293
 31
0.0
  0
LINE
  5
2A07
330
2979
100
AcDbEntity
  8
0
 62
     0
370
     9
284
     1
100
AcDbLine
 10
394.401964917779
 20
213.609816506505
 30
0.0
 11
399.3397610262036
 21
214.1992803663015
 31
0.0
  0
LINE
  5
2A08
330
2979
100
AcDbEntity
  8
0
 62
     0
370
     9
284
     1
100
AcDbLine
 10
398.2424587011337
 20
209.4836432486772
 30
0.0
 11
394.401964917779
 21
213.609816506505
 31
0.0
  0
LINE
  5
2A09
330
2979
100
AcDbEntity
  8
0
 62
     0
370
     9
284
     1
100
AcDbLine
 10
394.9506070464849
 20
209.4836432486772
 30
0.0
 11
398.2424587011337
 21
209.4836432486772
 31
0.0
  0
LINE
  5
2A0A
330
2979
100
AcDbEntity
  8
0
 62
     0
370
     9
284
     1
100
AcDbLine
 10
397.6938169449568
 20
207.125810906291
 30
0.0
 11
394.9506070464849
 21
209.4836432486772
 31
0.0
  0
LINE
  5
2A0B
330
2979
100
AcDbEntity
  8
0
 62
     0
370
     9
284
     1
100
AcDbLine
 10
393.8533045351505
 20
204.7680046409368
 30
0.0
 11
397.6938169449568
 21
207.125810906291
 31
0.0
  0
LINE
  5
2A0C
330
2979
100
AcDbEntity
  8
0
 62
     0
370
     9
284
     1
100
AcDbLine
 10
398.2424587011337
 20
201.2312699109316
 30
0.0
 11
393.8533045351505
 21
204.7680046409368
 31
0.0
  0
LINE
  5
2A0D
330
2979
100
AcDbEntity
  8
0
 62
     0
370
     9
284
     1
100
AcDbLine
 10
393.3046625927091
 20
200.0523675233126
 30
0.0
 11
398.2424587011337
 21
201.2312699109316
 31
0.0
  0
LINE
  5
2A0E
330
2979
100
AcDbEntity
  8
0
 62
     0
370
     9
284
     1
100
AcDbLine
 10
397.6938169449568
 20
196.5156327933073
 30
0.0
 11
393.3046625927091
 21
200.0523675233126
 31
0.0
  0
LINE
  5
2A0F
330
2979
100
AcDbEntity
  8
0
 62
     0
370
     9
284
     1
100
AcDbLine
 10
394.401964917779
 20
192.978898063302
 30
0.0
 11
397.6938169449568
 21
196.5156327933073
 31
0.0
  0
LINE
  5
2A10
330
2979
100
AcDbEntity
  8
0
 62
     0
370
     9
284
     1
100
AcDbLine
 10
396.5965328738093
 20
190.0316271930933
 30
0.0
 11
394.401964917779
 21
192.978898063302
 31
0.0
  0
LINE
  5
2A11
330
2979
100
AcDbEntity
  8
0
 62
     0
370
     9
284
     1
100
AcDbLine
 10
393.3046625927091
 20
188.8526994735002
 30
0.0
 11
396.5965328738093
 21
190.0316271930933
 31
0.0
  0
LINE
  5
2A12
330
2979
100
AcDbEntity
  8
0
 62
     0
370
     9
284
     1
100
AcDbLine
 10
397.6938169449568
 20
185.315990075469
 30
0.0
 11
393.3046625927091
 21
188.8526994735002
 31
0.0
  0
LINE
  5
2A13
330
2979
100
AcDbEntity
  8
0
 62
     0
370
     9
284
     1
100
AcDbLine
 10
393.8533045351505
 20
183.5476223379373
 30
0.0
 11
397.6938169449568
 21
185.315990075469
 31
0.0
  0
LINE
  5
2A14
330
2979
100
AcDbEntity
  8
0
 62
     0
370
     9
284
     1
100
AcDbLine
 10
396.0478907451033
 20
181.7792553454637
 30
0.0
 11
393.8533045351505
 21
183.5476223379373
 31
0.0
  0
LINE
  5
2A15
330
2979
100
AcDbEntity
  8
0
 62
     0
370
     9
284
     1
100
AcDbLine
 10
392.2073785215616
 20
181.1897914856672
 30
0.0
 11
396.0478907451033
 21
181.7792553454637
 31
0.0
  0
LINE
  5
2A16
330
2979
100
AcDbEntity
  8
0
 62
     0
370
     9
284
     1
100
AcDbLine
 10
395.4992488026619
 20
178.831984475255
 30
0.0
 11
392.2073785215616
 21
181.1897914856672
 31
0.0
  0
ELLIPSE
  5
2A17
330
2979
100
AcDbEntity
  8
0
 62
     0
370
     9
284
     1
100
AcDbEllipse
 10
377.2722605615854
 20
-173.609783872962
 30
0.0
 11
0.0000000122434972
 21
-330.8672606385798
 31
0.0
210
0.0
220
0.0
230
1.0
 40
0.9313593371652672
 41
3.220753901990994
 42
3.395786702123775
  0
LINE
  5
2A18
330
2979
100
AcDbEntity
  8
0
 62
     0
370
     9
284
     1
100
AcDbLine
 10
349.413139373064
 20
158.201040700078
 30
0.0
 11
351.0590653866529
 21
154.6643059700727
 31
0.0
  0
LINE
  5
2A19
330
2979
100
AcDbEntity
  8
0
 62
     0
370
     9
284
     1
100
AcDbLine
 10
346.6699110344052
 20
154.0748674422502
 30
0.0
 11
349.413139373064
 21
158.201040700078
 31
0.0
  0
LINE
  5
2A1A
330
2979
100
AcDbEntity
  8
0
 62
     0
370
     9
284
     1
100
AcDbLine
 10
346.1212690919638
 20
155.8432344347238
 30
0.0
 11
346.6699110344052
 21
154.0748674422502
 31
0.0
  0
LINE
  5
2A1B
330
2979
100
AcDbEntity
  8
0
 62
     0
370
     9
284
     1
100
AcDbLine
 10
343.3780409395695
 20
152.3064997047186
 30
0.0
 11
346.1212690919638
 21
155.8432344347238
 31
0.0
  0
LINE
  5
2A1C
330
2979
100
AcDbEntity
  8
0
 62
     0
370
     9
284
     1
100
AcDbLine
 10
341.7321151122451
 20
156.4326729625463
 30
0.0
 11
343.3780409395695
 21
152.3064997047186
 31
0.0
  0
LINE
  5
2A1D
330
2979
100
AcDbEntity
  8
0
 62
     0
370
     9
284
     1
100
AcDbLine
 10
340.0861708447337
 20
151.717035844922
 30
0.0
 11
341.7321151122451
 21
156.4326729625463
 31
0.0
  0
LINE
  5
2A1E
330
2979
100
AcDbEntity
  8
0
 62
     0
370
     9
284
     1
100
AcDbLine
 10
337.3429607599974
 20
155.2537705749273
 30
0.0
 11
340.0861708447337
 21
151.717035844922
 31
0.0
  0
LINE
  5
2A1F
330
2979
100
AcDbEntity
  8
0
 62
     0
370
     9
284
     1
100
AcDbLine
 10
335.148374736309
 20
152.3064997047186
 30
0.0
 11
337.3429607599974
 21
155.2537705749273
 31
0.0
  0
LINE
  5
2A20
330
2979
100
AcDbEntity
  8
0
 62
     0
370
     9
284
     1
100
AcDbLine
 10
332.9538065940142
 20
156.4326729625463
 30
0.0
 11
335.148374736309
 21
152.3064997047186
 31
0.0
  0
LINE
  5
2A21
330
2979
100
AcDbEntity
  8
0
 62
     0
370
     9
284
     1
100
AcDbLine
 10
331.8565227091312
 20
150.538132712245
 30
0.0
 11
332.9538065940142
 21
156.4326729625463
 31
0.0
  0
LINE
  5
2A22
330
2979
100
AcDbEntity
  8
0
 62
     0
370
     9
284
     1
100
AcDbLine
 10
329.6619366854429
 20
153.4854035824537
 30
0.0
 11
331.8565227091312
 21
150.538132712245
 31
0.0
  0
LINE
  5
2A23
330
2979
100
AcDbEntity
  8
0
 62
     0
370
     9
284
     1
100
AcDbLine
 10
326.3700664043426
 20
149.9486688524484
 30
0.0
 11
329.6619366854429
 21
153.4854035824537
 31
0.0
  0
LINE
  5
2A24
330
2979
100
AcDbEntity
  8
0
 62
     0
370
     9
284
     1
100
AcDbLine
 10
325.2727823331952
 20
154.6643059700727
 30
0.0
 11
326.3700664043426
 21
149.9486688524484
 31
0.0
  0
LINE
  5
2A25
330
2979
100
AcDbEntity
  8
0
 62
     0
370
     9
284
     1
100
AcDbLine
 10
322.5295724347234
 20
147.0013979822397
 30
0.0
 11
325.2727823331952
 21
154.6643059700727
 31
0.0
  0
LINE
  5
2A26
330
2979
100
AcDbEntity
  8
0
 62
     0
370
     9
284
     1
100
AcDbLine
 10
320.3349862247705
 20
152.3064997047186
 30
0.0
 11
322.5295724347234
 21
147.0013979822397
 31
0.0
  0
LINE
  5
2A27
330
2979
100
AcDbEntity
  8
0
 62
     0
370
     9
284
     1
100
AcDbLine
 10
317.5917580723762
 20
148.7697649747133
 30
0.0
 11
320.3349862247705
 21
152.3064997047186
 31
0.0
  0
LINE
  5
2A28
330
2979
100
AcDbEntity
  8
0
 62
     0
370
     9
284
     1
100
AcDbLine
 10
317.0431159436703
 20
152.3064997047186
 30
0.0
 11
317.5917580723762
 21
148.7697649747133
 31
0.0
  0
LINE
  5
2A29
330
2979
100
AcDbEntity
  8
0
 62
     0
370
     9
284
     1
100
AcDbLine
 10
314.2999060451984
 20
147.5908625870943
 30
0.0
 11
317.0431159436703
 21
152.3064997047186
 31
0.0
  0
LINE
  5
2A2A
330
2979
100
AcDbEntity
  8
0
 62
     0
370
     9
284
     1
100
AcDbLine
 10
313.202603906393
 20
152.8959397226572
 30
0.0
 11
314.2999060451984
 21
147.5908625870943
 31
0.0
  0
LINE
  5
2A2B
330
2979
100
AcDbEntity
  8
0
 62
     0
370
     9
284
     1
100
AcDbLine
 10
311.0080359503627
 20
147.0013979822397
 30
0.0
 11
313.202603906393
 21
152.8959397226572
 31
0.0
  0
LINE
  5
2A2C
330
2979
100
AcDbEntity
  8
0
 62
     0
370
     9
284
     1
100
AcDbLine
 10
310.4593938216567
 20
149.9486688524484
 30
0.0
 11
311.0080359503627
 21
147.0013979822397
 31
0.0
  0
LINE
  5
2A2D
330
2979
100
AcDbEntity
  8
0
 62
     0
370
     9
284
     1
100
AcDbLine
 10
309.3621097505093
 20
146.4119341224432
 30
0.0
 11
310.4593938216567
 21
149.9486688524484
 31
0.0
  0
ELLIPSE
  5
2A2E
330
2979
100
AcDbEntity
  8
0
 62
     0
370
     9
284
     1
100
AcDbEllipse
 10
407.6312232762575
 20
116.820303723216
 30
0.0
 11
0.0000000072003915
 21
-41.77974865341875
 31
0.0
210
0.0
220
0.0
230
1.0
 40
0.9313593371863419
 41
1.064333563718888
 42
1.87297477613888
  0
ELLIPSE
  5
2A2F
330
2979
100
AcDbEntity
  8
0
 62
     0
370
     9
284
     1
100
AcDbEllipse
 10
450.9939607232809
 20
90.9931655973196
 30
0.0
 11
-0.0000000025898498
 21
-11.46252226677971
 31
0.0
210
0.0
220
0.0
230
1.0
 40
0.931359337249801
 41
4.205926217641461
 42
5.467403833601025
  0
ELLIPSE
  5
2A30
330
2979
100
AcDbEntity
  8
0
 62
     0
370
     9
284
     1
100
AcDbEllipse
 10
430.1010424271225
 20
61.97550632059574
 30
0.0
 11
-0.0000000029449259
 21
-25.42114131180522
 31
0.0
210
0.0
220
0.0
230
1.0
 40
0.9313593371666499
 41
2.554351467894402
 42
3.213872668421627
  0
ELLIPSE
  5
2A31
330
2979
100
AcDbEntity
  8
0
 62
     0
370
     9
284
     1
100
AcDbEllipse
 10
426.4713158831
 20
115.8001516014337
 30
0.0
 11
-0.0000000053910003
 21
-28.54441114269278
 31
0.0
210
0.0
220
0.0
230
1.0
 40
0.9313593371548556
 41
-1.39498569146112
 42
0.0722800149120291
  0
ELLIPSE
  5
2A32
330
2979
100
AcDbEntity
  8
0
 62
     0
370
     9
284
     1
100
AcDbEllipse
 10
643.5966309159994
 20
274.7291911393404
 30
0.0
 11
0.0000001339041412
 21
-288.087888261197
 31
0.0
210
0.0
220
0.0
230
1.0
 40
0.9313593371492366
 41
-1.036862681454139
 42
-0.8432428268143222
  0
LINE
  5
2A33
330
2979
100
AcDbEntity
  8
0
 62
     0
370
     9
284
     1
100
AcDbLine
 10
441.0367164760828
 20
89.82425592839717
 30
0.0
 11
439.9394324049353
 21
86.28752045333385
 31
0.0
  0
LINE
  5
2A34
330
2979
100
AcDbEntity
  8
0
 62
     0
370
     9
284
     1
100
AcDbLine
 10
437.196204252541
 20
88.05588819086551
 30
0.0
 11
441.0367164760828
 21
89.82425592839717
 31
0.0
  0
LINE
  5
2A35
330
2979
100
AcDbEntity
  8
0
 62
     0
370
     9
284
     1
100
AcDbLine
 10
437.7448461949825
 20
95.71879617869853
 30
0.0
 11
437.196204252541
 21
88.05588819086551
 31
0.0
  0
LINE
  5
2A36
330
2979
100
AcDbEntity
  8
0
 62
     0
370
     9
284
     1
100
AcDbLine
 10
432.2584081441164
 20
95.71879617869853
 30
0.0
 11
437.7448461949825
 21
95.71879617869853
 31
0.0
  0
LINE
  5
2A37
330
2979
100
AcDbEntity
  8
0
 62
     0
370
     9
284
     1
100
AcDbLine
 10
433.9043341577053
 20
99.2555309087038
 30
0.0
 11
432.2584081441164
 21
95.71879617869853
 31
0.0
  0
LINE
  5
2A38
330
2979
100
AcDbEntity
  8
0
 62
     0
370
     9
284
     1
100
AcDbLine
 10
429.5151798054575
 20
97.4871639162302
 30
0.0
 11
433.9043341577053
 21
99.2555309087038
 31
0.0
  0
LINE
  5
2A39
330
2979
100
AcDbEntity
  8
0
 62
     0
370
     9
284
     1
100
AcDbLine
 10
431.1611240729689
 20
103.9711680263281
 30
0.0
 11
429.5151798054575
 21
97.4871639162302
 31
0.0
  0
LINE
  5
2A3A
330
2979
100
AcDbEntity
  8
0
 62
     0
370
     9
284
     1
100
AcDbLine
 10
424.5773836970329
 20
102.2028017789125
 30
0.0
 11
431.1611240729689
 21
103.9711680263281
 31
0.0
  0
LINE
  5
2A3B
330
2979
100
AcDbEntity
  8
0
 62
     0
370
     9
284
     1
100
AcDbLine
 10
425.6746860221028
 20
108.6868066340685
 30
0.0
 11
424.5773836970329
 21
102.2028017789125
 31
0.0
  0
LINE
  5
2A3C
330
2979
100
AcDbEntity
  8
0
 62
     0
370
     9
284
     1
100
AcDbLine
 10
421.2855318561196
 20
108.6868066340685
 30
0.0
 11
425.6746860221028
 21
108.6868066340685
 31
0.0
  0
LINE
  5
2A3D
330
2979
100
AcDbEntity
  8
0
 62
     0
370
     9
284
     1
100
AcDbLine
 10
423.48009981215
 20
111.0446374863386
 30
0.0
 11
421.2855318561196
 21
108.6868066340685
 31
0.0
  0
LINE
  5
2A3E
330
2979
100
AcDbEntity
  8
0
 62
     0
370
     9
284
     1
100
AcDbLine
 10
419.6395874023437
 20
114.5813729614019
 30
0.0
 11
423.48009981215
 21
111.0446374863386
 31
0.0
  0
LINE
  5
2A3F
330
2979
100
AcDbEntity
  8
0
 62
     0
370
     9
284
     1
100
AcDbLine
 10
422.382815927267
 20
118.1181069463491
 30
0.0
 11
419.6395874023437
 21
114.5813729614019
 31
0.0
  0
LINE
  5
2A40
330
2979
100
AcDbEntity
  8
0
 62
     0
370
     9
284
     1
100
AcDbLine
 10
416.8963775038719
 20
118.1181069463491
 30
0.0
 11
422.382815927267
 21
118.1181069463491
 31
0.0
  0
LINE
  5
2A41
330
2979
100
AcDbEntity
  8
0
 62
     0
370
     9
284
     1
100
AcDbLine
 10
419.0909456461668
 20
121.6548424214124
 30
0.0
 11
416.8963775038719
 21
118.1181069463491
 31
0.0
  0
LINE
  5
2A42
330
2979
100
AcDbEntity
  8
0
 62
     0
370
     9
284
     1
100
AcDbLine
 10
414.1531493514776
 20
121.6548424214124
 30
0.0
 11
419.0909456461668
 21
121.6548424214124
 31
0.0
  0
LINE
  5
2A43
330
2979
100
AcDbEntity
  8
0
 62
     0
370
     9
284
     1
100
AcDbLine
 10
416.3477357476949
 20
124.6021132916212
 30
0.0
 11
414.1531493514776
 21
121.6548424214124
 31
0.0
  0
LINE
  5
2A44
330
2979
100
AcDbEntity
  8
0
 62
     0
370
     9
284
     1
100
AcDbLine
 10
411.4099213853478
 20
124.6021132916212
 30
0.0
 11
416.3477357476949
 21
124.6021132916212
 31
0.0
  0
LINE
  5
2A45
330
2979
100
AcDbEntity
  8
0
 62
     0
370
     9
284
     1
100
AcDbLine
 10
414.1531493514776
 20
127.5493826717138
 30
0.0
 11
411.4099213853478
 21
124.6021132916212
 31
0.0
  0
LINE
  5
2A46
330
2979
100
AcDbEntity
  8
0
 62
     0
370
     9
284
     1
100
AcDbLine
 10
410.8612792566418
 20
125.1915518194437
 30
0.0
 11
414.1531493514776
 21
127.5493826717138
 31
0.0
  0
ELLIPSE
  5
2A47
330
2979
100
AcDbEntity
  8
0
 62
     0
370
     9
284
     1
100
AcDbEllipse
 10
388.7217093259096
 20
151.8660027533769
 30
0.0
 11
0.0000000033014592
 21
-7.801145663006513
 31
0.0
210
0.0
220
0.0
230
1.0
 40
0.9313593373102991
 41
2.142227971804812
 42
5.558837824427203
  0
ELLIPSE
  5
2A48
330
2979
100
AcDbEntity
  8
0
 62
     0
370
     9
284
     1
100
AcDbEllipse
 10
352.053333632648
 20
126.5509542077779
 30
0.0
 11
0.0000000025644312
 21
-54.60833225240185
 31
0.0
210
0.0
220
0.0
230
1.0
 40
0.9313593371508975
 41
0.8942653004277602
 42
2.142227972091711
  0
ELLIPSE
  5
2A49
330
2979
100
AcDbEntity
  8
0
 62
     0
370
     9
284
     1
100
AcDbEllipse
 10
399.4341008365154
 20
84.16067995131015
 30
0.0
 11
0.0000000029699059
 21
-11.6620212345106
 31
0.0
210
0.0
220
0.0
230
1.0
 40
0.9313593372203072
 41
3.932535969984886
 42
5.258173527659909
  0
ELLIPSE
  5
2A4A
330
2979
100
AcDbEntity
  8
0
 62
     0
370
     9
284
     1
100
AcDbEllipse
 10
384.9951768293977
 20
76.56207792460918
 30
0.0
 11
-0.0000000028466847
 21
-5.74686724301789
 31
0.0
210
0.0
220
0.0
230
1.0
 40
0.9313593372297802
 41
1.842982937049842
 42
3.199094528368302
  0
ELLIPSE
  5
2A4B
330
2979
100
AcDbEntity
  8
0
 62
     0
370
     9
284
     1
100
AcDbEllipse
 10
381.9785794243216
 20
132.8271720558405
 30
0.0
 11
-0.0000000048044926
 21
-50.61137445393698
 31
0.0
210
0.0
220
0.0
230
1.0
 40
0.931359337171078
 41
-1.210834965966265
 42
0.0575018744105196
  0
ELLIPSE
  5
2A4C
330
2979
100
AcDbEntity
  8
0
 62
     0
370
     9
284
     1
100
AcDbEllipse
 10
366.0351004451513
 20
126.3844732195139
 30
0.0
 11
0.0000000003379028
 21
-32.32062361570295
 31
0.0
210
0.0
220
0.0
230
1.0
 40
0.9313593371868748
 41
3.222037410661029
 42
5.072350341114972
  0
ELLIPSE
  5
2A4D
330
2979
100
AcDbEntity
  8
0
 62
     0
370
     9
284
     1
100
AcDbEllipse
 10
365.2736756950617
 20
136.5253079682588
 30
0.0
 11
0.0000000049673122
 21
-22.14688819258618
 31
0.0
210
0.0
220
0.0
230
1.0
 40
0.9313593372135787
 41
2.014039443471844
 42
3.22203741041272
  0
ELLIPSE
  5
2A4E
330
2979
100
AcDbEntity
  8
0
 62
     0
370
     9
284
     1
100
AcDbEllipse
 10
343.2296492159367
 20
187.8405164927244
 30
0.0
 11
0.0000000038485188
 21
-56.77458658988115
 31
0.0
210
0.0
220
0.0
230
1.0
 40
0.9313593371720461
 41
-0.6438603803736163
 42
-0.1283498040465247
  0
ELLIPSE
  5
2A4F
330
2979
100
AcDbEntity
  8
0
 62
     0
370
     9
284
     1
100
AcDbEllipse
 10
299.7810697183013
 20
125.6860960274934
 30
0.0
 11
-0.0000000100709677
 21
-20.93938373030899
 31
0.0
210
0.0
220
0.0
230
1.0
 40
0.9313593370472245
 41
2.497732273723566
 42
3.141565534607753
  0
ELLIPSE
  5
2A50
330
2979
100
AcDbEntity
  8
0
 62
     0
370
     9
284
     1
100
AcDbEllipse
 10
298.4377555549145
 20
161.7600824683904
 30
0.0
 11
0.0000000025796937
 21
-15.20322642005447
 31
0.0
210
0.0
220
0.0
230
1.0
 40
0.9313593371453205
 41
0.0950494475209147
 42
1.048204392310609
  0
ELLIPSE
  5
2A51
330
2979
100
AcDbEntity
  8
0
 62
     0
370
     9
284
     1
100
AcDbEllipse
 10
339.0855634585023
 20
136.6210345178842
 30
0.0
 11
0.0000000045373694
 21
-35.16272720755532
 31
0.0
210
0.0
220
0.0
230
1.0
 40
0.9313593371521598
 41
3.024507551054812
 42
4.189797045938028
  0
ELLIPSE
  5
2A52
330
2979
100
AcDbEntity
  8
0
 62
     0
370
     9
284
     1
100
AcDbEllipse
 10
413.3216416463255
 20
146.8543950468301
 30
0.0
 11
-0.0000000048432868
 21
-17.65734419387713
 31
0.0
210
0.0
220
0.0
230
1.0
 40
0.9313593371497253
 41
-0.7188650894165195
 42
-0.0803080806083028
  0
ELLIPSE
  5
2A53
330
2979
100
AcDbEntity
  8
0
 62
     0
370
     9
284
     1
100
AcDbEllipse
 10
429.3051522225141
 20
176.2145560234785
 30
0.0
 11
0.0000000015636385
 21
-50.5018744522259
 31
0.0
210
0.0
220
0.0
230
1.0
 40
0.9313593371635048
 41
-0.3767144921755392
 42
1.142644318888629
  0
ELLIPSE
  5
2A54
330
2979
100
AcDbEntity
  8
0
 62
     0
370
     9
284
     1
100
AcDbEllipse
 10
483.3871267735958
 20
143.3154065161943
 30
0.0
 11
0.0000000012089015
 21
-17.01052822778697
 31
0.0
210
0.0
220
0.0
230
1.0
 40
0.931359337152563
 41
3.06612355371676
 42
3.935023050350943
  0
ELLIPSE
  5
2A55
330
2979
100
AcDbEntity
  8
0
 62
     0
370
     9
284
     1
100
AcDbEllipse
 10
483.0095313489437
 20
173.0023462325334
 30
0.0
 11
-0.0000000031678649
 21
-12.83629886236378
 31
0.0
210
0.0
220
0.0
230
1.0
 40
0.9313593371423957
 41
-1.361807600013214
 42
0.1318820936261213
  0
ELLIPSE
  5
2A56
330
2979
100
AcDbEntity
  8
0
 62
     0
370
     9
284
     1
100
AcDbEllipse
 10
429.0050469338893
 20
147.2578633576631
 30
0.0
 11
0.0000000020287467
 21
-50.95501310972204
 31
0.0
210
0.0
220
0.0
230
1.0
 40
0.9313593371685534
 41
2.040895376455363
 42
3.730687316609826
  0
ELLIPSE
  5
2A57
330
2979
100
AcDbEntity
  8
0
 62
     0
370
     9
284
     1
100
AcDbEllipse
 10
414.3625289201736
 20
174.950810149312
 30
0.0
 11
0.0000000000000103
 21
-19.33385512478414
 31
0.0
210
0.0
220
0.0
230
1.0
 40
0.931359337142714
 41
3.85070061744329
 42
5.574077343326088
  0
ELLIPSE
  5
2A58
330
2979
100
AcDbEntity
  8
0
 62
     0
370
     9
284
     1
100
AcDbEllipse
 10
447.0123002305626
 20
122.7281887084245
 30
0.0
 11
0.0000000013492616
 21
-75.62041701689141
 31
0.0
210
0.0
220
0.0
230
1.0
 40
0.9313593371913107
 41
4.375338395902743
 42
5.343531139642268
  0
LINE
  5
2A59
330
2979
100
AcDbEntity
  8
0
 62
     0
370
     9
284
     1
100
AcDbLine
 10
382.3317863047123
 20
144.6435663849115
 30
0.0
 11
379.588558152318
 21
147.5908625870943
 31
0.0
  0
LINE
  5
2A5A
330
2979
100
AcDbEntity
  8
0
 62
     0
370
     9
284
     1
100
AcDbLine
 10
379.039916396141
 20
144.6435663849115
 30
0.0
 11
382.3317863047123
 21
144.6435663849115
 31
0.0
  0
LINE
  5
2A5B
330
2979
100
AcDbEntity
  8
0
 62
     0
370
     9
284
     1
100
AcDbLine
 10
382.3317863047123
 20
141.6962962597608
 30
0.0
 11
379.039916396141
 21
144.6435663849115
 31
0.0
  0
LINE
  5
2A5C
330
2979
100
AcDbEntity
  8
0
 62
     0
370
     9
284
     1
100
AcDbLine
 10
377.3939901962876
 20
141.6962962597608
 30
0.0
 11
382.3317863047123
 21
141.6962962597608
 31
0.0
  0
LINE
  5
2A5D
330
2979
100
AcDbEntity
  8
0
 62
     0
370
     9
284
     1
100
AcDbLine
 10
380.6858602911234
 20
137.570122256875
 30
0.0
 11
377.3939901962876
 21
141.6962962597608
 31
0.0
  0
LINE
  5
2A5E
330
2979
100
AcDbEntity
  8
0
 62
     0
370
     9
284
     1
100
AcDbLine
 10
375.7480461150408
 20
136.9806583970785
 30
0.0
 11
380.6858602911234
 21
137.570122256875
 31
0.0
  0
LINE
  5
2A5F
330
2979
100
AcDbEntity
  8
0
 62
     0
370
     9
284
     1
100
AcDbLine
 10
380.6858602911234
 20
134.6228521317243
 30
0.0
 11
375.7480461150408
 21
136.9806583970785
 31
0.0
  0
LINE
  5
2A60
330
2979
100
AcDbEntity
  8
0
 62
     0
370
     9
284
     1
100
AcDbLine
 10
375.7480461150408
 20
132.2650212794542
 30
0.0
 11
380.6858602911234
 21
134.6228521317243
 31
0.0
  0
LINE
  5
2A61
330
2979
100
AcDbEntity
  8
0
 62
     0
370
     9
284
     1
100
AcDbLine
 10
379.588558152318
 20
130.4966535419225
 30
0.0
 11
375.7480461150408
 21
132.2650212794542
 31
0.0
  0
LINE
  5
2A62
330
2979
100
AcDbEntity
  8
0
 62
     0
370
     9
284
     1
100
AcDbLine
 10
375.7480461150408
 20
128.1388465315103
 30
0.0
 11
379.588558152318
 21
130.4966535419225
 31
0.0
  0
LINE
  5
2A63
330
2979
100
AcDbEntity
  8
0
 62
     0
370
     9
284
     1
100
AcDbLine
 10
380.1372000947594
 20
125.1915518194437
 30
0.0
 11
375.7480461150408
 21
128.1388465315103
 31
0.0
  0
LINE
  5
2A64
330
2979
100
AcDbEntity
  8
0
 62
     0
370
     9
284
     1
100
AcDbLine
 10
375.7480461150408
 20
124.0126479417085
 30
0.0
 11
380.1372000947594
 21
125.1915518194437
 31
0.0
  0
LINE
  5
2A65
330
2979
100
AcDbEntity
  8
0
 62
     0
370
     9
284
     1
100
AcDbLine
 10
379.039916396141
 20
121.0653778165579
 30
0.0
 11
375.7480461150408
 21
124.0126479417085
 31
0.0
  0
LINE
  5
2A66
330
2979
100
AcDbEntity
  8
0
 62
     0
370
     9
284
     1
100
AcDbLine
 10
375.7480461150408
 20
119.2970108240843
 30
0.0
 11
379.039916396141
 21
121.0653778165579
 31
0.0
  0
LINE
  5
2A67
330
2979
100
AcDbEntity
  8
0
 62
     0
370
     9
284
     1
100
AcDbLine
 10
379.588558152318
 20
117.5286438316107
 30
0.0
 11
375.7480461150408
 21
119.2970108240843
 31
0.0
  0
LINE
  5
2A68
330
2979
100
AcDbEntity
  8
0
 62
     0
370
     9
284
     1
100
AcDbLine
 10
375.1994039863348
 20
115.760276094079
 30
0.0
 11
379.588558152318
 21
117.5286438316107
 31
0.0
  0
LINE
  5
2A69
330
2979
100
AcDbEntity
  8
0
 62
     0
370
     9
284
     1
100
AcDbLine
 10
380.6858602911234
 20
111.6341028362512
 30
0.0
 11
375.1994039863348
 21
115.760276094079
 31
0.0
  0
LINE
  5
2A6A
330
2979
100
AcDbEntity
  8
0
 62
     0
370
     9
284
     1
100
AcDbLine
 10
376.8453482538462
 20
111.0446374863386
 30
0.0
 11
380.6858602911234
 21
111.6341028362512
 31
0.0
  0
LINE
  5
2A6B
330
2979
100
AcDbEntity
  8
0
 62
     0
370
     9
284
     1
100
AcDbLine
 10
379.039916396141
 20
108.6868066340685
 30
0.0
 11
376.8453482538462
 21
111.0446374863386
 31
0.0
  0
LINE
  5
2A6C
330
2979
100
AcDbEntity
  8
0
 62
     0
370
     9
284
     1
100
AcDbLine
 10
376.8453482538462
 20
106.9184642285108
 30
0.0
 11
379.039916396141
 21
108.6868066340685
 31
0.0
  0
LINE
  5
2A6D
330
2979
100
AcDbEntity
  8
0
 62
     0
370
     9
284
     1
100
AcDbLine
 10
381.2345024198294
 20
105.7395357638597
 30
0.0
 11
376.8453482538462
 21
106.9184642285108
 31
0.0
  0
LINE
  5
2A6E
330
2979
100
AcDbEntity
  8
0
 62
     0
370
     9
284
     1
100
AcDbLine
 10
377.3939901962876
 20
102.792265638709
 30
0.0
 11
381.2345024198294
 21
105.7395357638597
 31
0.0
  0
LINE
  5
2A6F
330
2979
100
AcDbEntity
  8
0
 62
     0
370
     9
284
     1
100
AcDbLine
 10
381.2345024198294
 20
101.613362506032
 30
0.0
 11
377.3939901962876
 21
102.792265638709
 31
0.0
  0
LINE
  5
2A70
330
2979
100
AcDbEntity
  8
0
 62
     0
370
     9
284
     1
100
AcDbLine
 10
377.9426323249936
 20
98.07662777602672
 30
0.0
 11
381.2345024198294
 21
101.613362506032
 31
0.0
  0
LINE
  5
2A71
330
2979
100
AcDbEntity
  8
0
 62
     0
370
     9
284
     1
100
AcDbLine
 10
383.4290703758597
 20
96.8977253884077
 30
0.0
 11
377.9426323249936
 21
98.07662777602672
 31
0.0
  0
LINE
  5
2A72
330
2979
100
AcDbEntity
  8
0
 62
     0
370
     9
284
     1
100
AcDbLine
 10
379.588558152318
 20
93.36098991334438
 30
0.0
 11
383.4290703758597
 21
96.8977253884077
 31
0.0
  0
LINE
  5
2A73
330
2979
100
AcDbEntity
  8
0
 62
     0
370
     9
284
     1
100
AcDbLine
 10
382.8804284334183
 20
93.36098991334438
 30
0.0
 11
379.588558152318
 21
93.36098991334438
 31
0.0
  0
LINE
  5
2A74
330
2979
100
AcDbEntity
  8
0
 62
     0
370
     9
284
     1
100
AcDbLine
 10
381.2345024198294
 20
91.00315906107425
 30
0.0
 11
382.8804284334183
 21
93.36098991334438
 31
0.0
  0
LINE
  5
2A75
330
2979
100
AcDbEntity
  8
0
 62
     0
370
     9
284
     1
100
AcDbLine
 10
385.0750146433711
 20
91.00315906107425
 30
0.0
 11
381.2345024198294
 21
91.00315906107425
 31
0.0
  0
LINE
  5
2A76
330
2979
100
AcDbEntity
  8
0
 62
     0
370
     9
284
     1
100
AcDbLine
 10
382.3317863047123
 20
87.46642433106899
 30
0.0
 11
385.0750146433711
 21
91.00315906107425
 31
0.0
  0
LINE
  5
2A77
330
2979
100
AcDbEntity
  8
0
 62
     0
370
     9
284
     1
100
AcDbLine
 10
386.7209404706955
 20
87.46642433106899
 30
0.0
 11
382.3317863047123
 21
87.46642433106899
 31
0.0
  0
LINE
  5
2A78
330
2979
100
AcDbEntity
  8
0
 62
     0
370
     9
284
     1
100
AcDbLine
 10
384.5263544470072
 20
84.51915346086025
 30
0.0
 11
386.7209404706955
 21
87.46642433106899
 31
0.0
  0
LINE
  5
2A79
330
2979
100
AcDbEntity
  8
0
 62
     0
370
     9
284
     1
100
AcDbLine
 10
387.8182245418429
 20
85.69808192551136
 30
0.0
 11
384.5263544470072
 21
84.51915346086025
 31
0.0
  0
ELLIPSE
  5
2A7A
330
2979
100
AcDbEntity
  8
0
 62
     0
370
     9
284
     1
100
AcDbEllipse
 10
291.8003488332033
 20
94.94690336287021
 30
0.0
 11
-0.0000005845903977
 21
-32.43631623942583
 31
0.0
210
0.0
220
0.0
230
1.0
 40
0.9313593403353534
 41
-1.320145966736066
 42
-1.17298602536288
  0
ELLIPSE
  5
2A7B
330
2979
100
AcDbEntity
  8
0
 62
     0
370
     9
284
     1
100
AcDbEllipse
 10
294.1562440246343
 20
34.7829382866621
 30
0.0
 11
0.0000000025273597
 21
-31.53097177429572
 31
0.0
210
0.0
220
0.0
230
1.0
 40
0.9313593371790545
 41
3.848767406261477
 42
4.459185081699791
  0
ELLIPSE
  5
2A7C
330
2979
100
AcDbEntity
  8
0
 62
     0
370
     9
284
     1
100
AcDbEllipse
 10
198.1574842706322
 20
125.7819581776857
 30
0.0
 11
-0.0000000366344799
 21
-76.00452726742133
 31
0.0
210
0.0
220
0.0
230
1.0
 40
0.9313593372144655
 41
0.3101415944476127
 42
0.617663775688921
  0
ELLIPSE
  5
2A7D
330
2979
100
AcDbEntity
  8
0
 62
     0
370
     9
284
     1
100
AcDbEllipse
 10
140.1695288717746
 20
78.60238514840602
 30
0.0
 11
-0.0000000147165827
 21
-107.3013578553404
 31
0.0
210
0.0
220
0.0
230
1.0
 40
0.9313593371103177
 41
1.241795907213122
 42
1.432596450411411
  0
ELLIPSE
  5
2A7E
330
2979
100
AcDbEntity
  8
0
 62
     0
370
     9
284
     1
100
AcDbEllipse
 10
220.7127435132861
 20
71.61801196634769
 30
0.0
 11
0.0000000059299241
 21
-19.91179935269888
 31
0.0
210
0.0
220
0.0
230
1.0
 40
0.9313593371255418
 41
1.464350189333159
 42
2.418594723344575
  0
ELLIPSE
  5
2A7F
330
2979
100
AcDbEntity
  8
0
 62
     0
370
     9
284
     1
100
AcDbEllipse
 10
202.6066120713949
 20
116.024387255311
 30
0.0
 11
0.000000022191762
 21
-60.86080344441609
 31
0.0
210
0.0
220
0.0
230
1.0
 40
0.9313593371347616
 41
0.258873514983196
 42
0.7006884038091457
  0
ELLIPSE
  5
2A80
330
2979
100
AcDbEntity
  8
0
 62
     0
370
     9
284
     1
100
AcDbEllipse
 10
271.233019977808
 20
90.19590355455875
 30
0.0
 11
-0.0000000024232162
 21
-26.37805264114876
 31
0.0
210
0.0
220
0.0
230
1.0
 40
0.9313593371590195
 41
-0.8751392172691835
 42
-0.0141951332597692
  0
ELLIPSE
  5
2A81
330
2979
100
AcDbEntity
  8
0
 62
     0
370
     9
284
     1
100
AcDbEllipse
 10
172.7512143552303
 20
134.3505825847387
 30
0.0
 11
0.0000000224563042
 21
-105.0575210602373
 31
0.0
210
0.0
220
0.0
230
1.0
 40
0.9313593371884319
 41
0.950585842039413
 42
1.088263903771127
  0
ELLIPSE
  5
2A82
330
2979
100
AcDbEntity
  8
0
 62
     0
370
     9
284
     1
100
AcDbEllipse
 10
252.2679086774588
 20
58.84997732937335
 30
0.0
 11
-0.0000000006114253
 21
-8.797975359616312
 31
0.0
210
0.0
220
0.0
230
1.0
 40
0.9313593372197614
 41
3.236325840477281
 42
5.013035533095339
  0
ELLIPSE
  5
2A83
330
2979
100
AcDbEntity
  8
0
 62
     0
370
     9
284
     1
100
AcDbEllipse
 10
292.2345291823149
 20
124.8696889728307
 30
0.0
 11
-0.0000000354790364
 21
-72.05839074526227
 31
0.0
210
0.0
220
0.0
230
1.0
 40
0.931359337122933
 41
-0.6523658502414303
 42
-0.3099317268104007
  0
LINE
  5
2A84
330
2979
100
AcDbEntity
  8
0
 62
     0
370
     9
284
     1
100
AcDbLine
 10
256.7814081907272
 20
60.03251411020755
 30
0.0
 11
249.7299656271934
 21
66.66149385273456
 31
0.0
  0
LINE
  5
2A85
330
2979
100
AcDbEntity
  8
0
 62
     0
370
     9
284
     1
100
AcDbLine
 10
261.1885394901037
 20
53.40357832610607
 30
0.0
 11
256.7814081907272
 21
60.03251411020755
 31
0.0
  0
LINE
  5
2A86
330
2979
100
AcDbEntity
  8
0
 62
     0
370
     9
284
     1
100
AcDbLine
 10
261.1885394901037
 20
60.97952388226985
 30
0.0
 11
268.2399820536375
 21
51.50960348546504
 31
0.0
  0
ELLIPSE
  5
2A87
330
2979
100
AcDbEntity
  8
0
 62
     0
370
     9
284
     1
100
AcDbEllipse
 10
343.1614898145199
 20
451.581460610032
 30
0.0
 11
-0.000000000000543
 21
-399.3772686433513
 31
0.0
210
0.0
220
0.0
230
1.0
 40
0.9313593371774349
 41
-0.1859027964287307
 42
0.1859027964287339
  0
LINE
  5
2A88
330
2979
100
AcDbEntity
  8
0
 62
     0
370
     9
284
     1
100
AcDbLine
 10
393.6132542788982
 20
59.25522111356258
 30
0.0
 11
398.5118761658668
 21
53.99223826825618
 31
0.0
  0
LINE
  5
2A89
330
2979
100
AcDbEntity
  8
0
 62
     0
370
     9
284
     1
100
AcDbLine
 10
390.6741008162498
 20
50.83443857729434
 30
0.0
 11
393.6132542788982
 21
59.25522111356258
 31
0.0
  0
LINE
  5
2A8A
330
2979
100
AcDbEntity
  8
0
 62
     0
370
     9
284
     1
100
AcDbLine
 10
383.8160434737801
 20
57.14999102056026
 30
0.0
 11
390.6741008162498
 21
50.83443857729434
 31
0.0
  0
LINE
  5
2A8B
330
2979
100
AcDbEntity
  8
0
 62
     0
370
     9
284
     1
100
AcDbLine
 10
379.897172190249
 20
49.78182427585124
 30
0.0
 11
383.8160434737801
 21
57.14999102056026
 31
0.0
  0
LINE
  5
2A8C
330
2979
100
AcDbEntity
  8
0
 62
     0
370
     9
284
     1
100
AcDbLine
 10
374.0188324823976
 20
57.14999102056026
 30
0.0
 11
379.897172190249
 21
49.78182427585124
 31
0.0
  0
LINE
  5
2A8D
330
2979
100
AcDbEntity
  8
0
 62
     0
370
     9
284
     1
100
AcDbLine
 10
370.0999286025763
 20
48.72920922935009
 30
0.0
 11
374.0188324823976
 21
57.14999102056026
 31
0.0
  0
LINE
  5
2A8E
330
2979
100
AcDbEntity
  8
0
 62
     0
370
     9
284
     1
100
AcDbLine
 10
363.241871073842
 20
56.0974221676588
 30
0.0
 11
370.0999286025763
 21
48.72920922935009
 31
0.0
  0
LINE
  5
2A8F
330
2979
100
AcDbEntity
  8
0
 62
     0
370
     9
284
     1
100
AcDbLine
 10
360.3027176111937
 20
48.72920922935009
 30
0.0
 11
363.241871073842
 21
56.0974221676588
 31
0.0
  0
LINE
  5
2A90
330
2979
100
AcDbEntity
  8
0
 62
     0
370
     9
284
     1
100
AcDbLine
 10
355.404095724225
 20
56.0974221676588
 30
0.0
 11
360.3027176111937
 21
48.72920922935009
 31
0.0
  0
LINE
  5
2A91
330
2979
100
AcDbEntity
  8
0
 62
     0
370
     9
284
     1
100
AcDbLine
 10
350.5055066198111
 20
46.62402532994747
 30
0.0
 11
355.404095724225
 21
56.0974221676588
 31
0.0
  0
LINE
  5
2A92
330
2979
100
AcDbEntity
  8
0
 62
     0
370
     9
284
     1
100
AcDbLine
 10
346.5866025537252
 20
56.0974221676588
 30
0.0
 11
350.5055066198111
 21
46.62402532994747
 31
0.0
  0
LINE
  5
2A93
330
2979
100
AcDbEntity
  8
0
 62
     0
370
     9
284
     1
100
AcDbLine
 10
339.7285778075457
 20
45.57141102850437
 30
0.0
 11
346.5866025537252
 21
56.0974221676588
 31
0.0
  0
LINE
  5
2A94
330
2979
100
AcDbEntity
  8
0
 62
     0
370
     9
284
     1
100
AcDbLine
 10
333.8502382859588
 20
57.14999102056026
 30
0.0
 11
339.7285778075457
 21
45.57141102850437
 31
0.0
  0
LINE
  5
2A95
330
2979
100
AcDbEntity
  8
0
 62
     0
370
     9
284
     1
100
AcDbLine
 10
329.9313342198729
 20
48.72920922935009
 30
0.0
 11
333.8502382859588
 21
57.14999102056026
 31
0.0
  0
LINE
  5
2A96
330
2979
100
AcDbEntity
  8
0
 62
     0
370
     9
284
     1
100
AcDbLine
 10
323.0732768774033
 20
56.0974221676588
 30
0.0
 11
329.9313342198729
 21
48.72920922935009
 31
0.0
  0
LINE
  5
2A97
330
2979
100
AcDbEntity
  8
0
 62
     0
370
     9
284
     1
100
AcDbLine
 10
319.1544055938721
 20
48.72920922935009
 30
0.0
 11
323.0732768774033
 21
56.0974221676588
 31
0.0
  0
LINE
  5
2A98
330
2979
100
AcDbEntity
  8
0
 62
     0
370
     9
284
     1
100
AcDbLine
 10
315.2355015277862
 20
57.14999102056026
 30
0.0
 11
319.1544055938721
 21
48.72920922935009
 31
0.0
  0
LINE
  5
2A99
330
2979
100
AcDbEntity
  8
0
 62
     0
370
     9
284
     1
100
AcDbLine
 10
310.3369124233723
 20
49.78182427585124
 30
0.0
 11
315.2355015277862
 21
57.14999102056026
 31
0.0
  0
LINE
  5
2A9A
330
2979
100
AcDbEntity
  8
0
 62
     0
370
     9
284
     1
100
AcDbLine
 10
304.4585729017854
 20
58.20260606706142
 30
0.0
 11
310.3369124233723
 21
49.78182427585124
 31
0.0
  0
LINE
  5
2A9B
330
2979
100
AcDbEntity
  8
0
 62
     0
370
     9
284
     1
100
AcDbLine
 10
299.5599836111069
 20
49.78182427585124
 30
0.0
 11
304.4585729017854
 21
58.20260606706142
 31
0.0
  0
LINE
  5
2A9C
330
2979
100
AcDbEntity
  8
0
 62
     0
370
     9
284
     1
100
AcDbLine
 10
294.6613617241382
 20
61.3604050129652
 30
0.0
 11
299.5599836111069
 21
49.78182427585124
 31
0.0
  0
LINE
  5
2A9D
330
2979
100
AcDbEntity
  8
0
 62
     0
370
     9
284
     1
100
AcDbLine
 10
287.8033045679331
 20
51.88700817525386
 30
0.0
 11
294.6613617241382
 21
61.3604050129652
 31
0.0
  0
LINE
  5
2A9E
330
2979
100
AcDbEntity
  8
0
 62
     0
370
     9
284
     1
100
AcDbLine
 10
282.9046824946999
 20
62.4130193144083
 30
0.0
 11
287.8033045679331
 21
51.88700817525386
 31
0.0
  0
LINE
  5
2A9F
330
2979
100
AcDbEntity
  8
0
 62
     0
370
     9
284
     1
100
AcDbLine
 10
278.9858112111688
 20
53.99223826825618
 30
0.0
 11
282.9046824946999
 21
62.4130193144083
 31
0.0
  0
ELLIPSE
  5
2AA0
330
2979
100
AcDbEntity
  8
0
 62
     0
370
     9
284
     1
100
AcDbEllipse
 10
255.705807171762
 20
137.9690330475568
 30
0.0
 11
-0.0000000041292039
 21
-51.59109557695039
 31
0.0
210
0.0
220
0.0
230
1.0
 40
0.9313593371697907
 41
-0.4057984534993225
 42
0.1425996627639339
  0
ELLIPSE
  5
2AA1
330
2979
100
AcDbEntity
  8
0
 62
     0
370
     9
284
     1
100
AcDbEllipse
 10
239.3653377890587
 20
89.02924470603466
 30
0.0
 11
0.0000000129575724
 21
-16.9889642887856
 31
0.0
210
0.0
220
0.0
230
1.0
 40
0.9313593371961255
 41
0.386029108334736
 42
1.424244788685669
  0
ELLIPSE
  5
2AA2
330
2979
100
AcDbEntity
  8
0
 62
     0
370
     9
284
     1
100
AcDbEllipse
 10
232.4742009863257
 20
117.9828088730573
 30
0.0
 11
-0.0000000003503973
 21
-27.79464607834009
 31
0.0
210
0.0
220
0.0
230
1.0
 40
0.9313593371685962
 41
-0.02314657781997
 42
1.594581070036689
  0
ELLIPSE
  5
2AA3
330
2979
100
AcDbEntity
  8
0
 62
     0
370
     9
284
     1
100
AcDbEllipse
 10
194.5712588727474
 20
117.0146737247705
 30
0.0
 11
0.0000000001169211
 21
-68.50252767090889
 31
0.0
210
0.0
220
0.0
230
1.0
 40
0.9313593371739985
 41
1.594581070022
 42
3.41207160559926
  0
ELLIPSE
  5
2AA4
330
2979
100
AcDbEntity
  8
0
 62
     0
370
     9
284
     1
100
AcDbEllipse
 10
235.3861931711435
 20
281.0186129063368
 30
0.0
 11
-0.0000007008014819
 21
-116.0263292489712
 31
0.0
210
0.0
220
0.0
230
1.0
 40
0.9313593368968986
 41
-0.6760609375558514
 42
-0.5650411869691432
  0
ELLIPSE
  5
2AA5
330
2979
100
AcDbEntity
  8
0
 62
     0
370
     9
284
     1
100
AcDbEllipse
 10
149.4001440703869
 20
183.5829827934503
 30
0.0
 11
0.0000000031867645
 21
-20.90466969222982
 31
0.0
210
0.0
220
0.0
230
1.0
 40
0.9313593371597471
 41
0.9277900564794894
 42
1.908696664158801
  0
ELLIPSE
  5
2AA6
330
2979
100
AcDbEntity
  8
0
 62
     0
370
     9
284
     1
100
AcDbEllipse
 10
219.4526256993413
 20
127.2296335548162
 30
0.0
 11
-0.0000000036290014
 21
-73.07959972601794
 31
0.0
210
0.0
220
0.0
230
1.0
 40
0.9313593371804907
 41
4.06938271025319
 42
5.990612537215608
  0
ELLIPSE
  5
2AA7
330
2979
100
AcDbEntity
  8
0
 62
     0
370
     9
284
     1
100
AcDbEllipse
 10
207.1728449314833
 20
83.45786295831203
 30
0.0
 11
-0.0000000006470752
 21
-27.36519544052733
 31
0.0
210
0.0
220
0.0
230
1.0
 40
0.9313593371787288
 41
-0.2925727699771041
 42
1.819570297172149
  0
ELLIPSE
  5
2AA8
330
2979
100
AcDbEntity
  8
0
 62
     0
370
     9
284
     1
100
AcDbEllipse
 10
186.3507457077503
 20
123.9354629069566
 30
0.0
 11
-0.0000000182762851
 21
-149.3096332086401
 31
0.0
210
0.0
220
0.0
230
1.0
 40
0.9313593371922781
 41
1.587493525000681
 42
2.189865839306521
  0
ELLIPSE
  5
2AA9
330
2979
100
AcDbEntity
  8
0
 62
     0
370
     9
284
     1
100
AcDbEllipse
 10
325.3310330212116
 20
230.2576694637537
 30
0.0
 11
0.000000002768321
 21
-33.91681725643902
 31
0.0
210
0.0
220
0.0
230
1.0
 40
0.9313593371941625
 41
4.35825413389445
 42
5.331458492692928
  0
ELLIPSE
  5
2AAA
330
2979
100
AcDbEntity
  8
0
 62
     0
370
     9
284
     1
100
AcDbEllipse
 10
260.6903282925487
 20
273.7339932471514
 30
0.0
 11
0.0000000151650384
 21
-49.18351802124766
 31
0.0
210
0.0
220
0.0
230
1.0
 40
0.9313593371503786
 41
0.1688381395181639
 42
0.8700041139841729
  0
ELLIPSE
  5
2AAB
330
2979
100
AcDbEntity
  8
0
 62
     0
370
     9
284
     1
100
AcDbEllipse
 10
280.8982437476516
 20
146.4483838528394
 30
0.0
 11
0.0000000032555885
 21
-79.93811456418665
 31
0.0
210
0.0
220
0.0
230
1.0
 40
0.9313593371770764
 41
3.310430793390629
 42
4.249228453480021
  0
ELLIPSE
  5
2AAC
330
2979
100
AcDbEntity
  8
0
 62
     0
370
     9
284
     1
100
AcDbEllipse
 10
493.6757773160934
 20
360.4403089731932
 30
0.0
 11
0.0000000599008968
 21
-389.0031846856406
 31
0.0
210
0.0
220
0.0
230
1.0
 40
0.9313593371698241
 41
-1.118727480909782
 42
-0.8066588351703677
  0
ELLIPSE
  5
2AAD
330
2979
100
AcDbEntity
  8
0
 62
     0
370
     9
284
     1
100
AcDbEllipse
 10
467.968856357038
 20
114.9184044450521
 30
0.0
 11
0.0000000011154349
 21
-224.4230406979813
 31
0.0
210
0.0
220
0.0
230
1.0
 40
0.9313593371724037
 41
4.11032448335451
 42
4.826389803892591
  0
LINE
  5
2AAE
330
2979
100
AcDbEntity
  8
0
 62
     0
370
     9
284
     1
100
AcDbLine
 10
179.0541684255004
 20
177.1462094038725
 30
0.0
 11
170.236675068736
 21
179.2514387518167
 31
0.0
  0
LINE
  5
2AAF
330
2979
100
AcDbEntity
  8
0
 62
     0
370
     9
284
     1
100
AcDbLine
 10
175.1352969557047
 20
172.9358416050672
 30
0.0
 11
179.0541684255004
 21
177.1462094038725
 31
0.0
  0
LINE
  5
2AB0
330
2979
100
AcDbEntity
  8
0
 62
     0
370
     9
284
     1
100
AcDbLine
 10
183.9527901262045
 20
170.8306577056646
 30
0.0
 11
175.1352969557047
 21
172.9358416050672
 31
0.0
  0
LINE
  5
2AB1
330
2979
100
AcDbEntity
  8
0
 62
     0
370
     9
284
     1
100
AcDbLine
 10
173.1758613139391
 20
164.515059813857
 30
0.0
 11
183.9527901262045
 21
170.8306577056646
 31
0.0
  0
LINE
  5
2AB2
330
2979
100
AcDbEntity
  8
0
 62
     0
370
     9
284
     1
100
AcDbLine
 10
183.9527901262045
 20
163.4624447673559
 30
0.0
 11
173.1758613139391
 21
164.515059813857
 31
0.0
  0
LINE
  5
2AB3
330
2979
100
AcDbEntity
  8
0
 62
     0
370
     9
284
     1
100
AcDbLine
 10
181.0136366635561
 20
158.1994619220495
 30
0.0
 11
183.9527901262045
 21
163.4624447673559
 31
0.0
  0
LINE
  5
2AB4
330
2979
100
AcDbEntity
  8
0
 62
     0
370
     9
284
     1
100
AcDbLine
 10
188.8514118269086
 20
157.1468476206064
 30
0.0
 11
181.0136366635561
 21
158.1994619220495
 31
0.0
  0
LINE
  5
2AB5
330
2979
100
AcDbEntity
  8
0
 62
     0
370
     9
284
     1
100
AcDbLine
 10
183.9527901262045
 20
151.8838647753
 30
0.0
 11
188.8514118269086
 21
157.1468476206064
 31
0.0
  0
LINE
  5
2AB6
330
2979
100
AcDbEntity
  8
0
 62
     0
370
     9
284
     1
100
AcDbLine
 10
192.7702832967043
 20
151.8838647753
 30
0.0
 11
183.9527901262045
 21
151.8838647753
 31
0.0
  0
LINE
  5
2AB7
330
2979
100
AcDbEntity
  8
0
 62
     0
370
     9
284
     1
100
AcDbLine
 10
187.8716940060258
 20
145.5682661384344
 30
0.0
 11
192.7702832967043
 21
151.8838647753
 31
0.0
  0
LINE
  5
2AB8
330
2979
100
AcDbEntity
  8
0
 62
     0
370
     9
284
     1
100
AcDbLine
 10
194.7297189384699
 20
144.515698030591
 30
0.0
 11
187.8716940060258
 21
145.5682661384344
 31
0.0
  0
LINE
  5
2AB9
330
2979
100
AcDbEntity
  8
0
 62
     0
370
     9
284
     1
100
AcDbLine
 10
190.8108474686742
 20
139.2526689916849
 30
0.0
 11
194.7297189384699
 21
144.515698030591
 31
0.0
  0
LINE
  5
2ABA
330
2979
100
AcDbEntity
  8
0
 62
     0
370
     9
284
     1
100
AcDbLine
 10
199.628340639174
 20
139.2526689916849
 30
0.0
 11
190.8108474686742
 21
139.2526689916849
 31
0.0
  0
LINE
  5
2ABB
330
2979
100
AcDbEntity
  8
0
 62
     0
370
     9
284
     1
100
AcDbLine
 10
194.7297189384699
 20
133.9896861463785
 30
0.0
 11
199.628340639174
 21
139.2526689916849
 31
0.0
  0
LINE
  5
2ABC
330
2979
100
AcDbEntity
  8
0
 62
     0
370
     9
284
     1
100
AcDbLine
 10
207.4661158025265
 20
136.0948707908392
 30
0.0
 11
194.7297189384699
 21
133.9896861463785
 31
0.0
  0
LINE
  5
2ABD
330
2979
100
AcDbEntity
  8
0
 62
     0
370
     9
284
     1
100
AcDbLine
 10
199.628340639174
 20
126.6215194016695
 30
0.0
 11
207.4661158025265
 21
136.0948707908392
 31
0.0
  0
LINE
  5
2ABE
330
2979
100
AcDbEntity
  8
0
 62
     0
370
     9
284
     1
100
AcDbLine
 10
208.4458338096738
 20
127.674088999629
 30
0.0
 11
199.628340639174
 21
126.6215194016695
 31
0.0
  0
LINE
  5
2ABF
330
2979
100
AcDbEntity
  8
0
 62
     0
370
     9
284
     1
100
AcDbLine
 10
205.5066801607609
 20
121.3584911078214
 30
0.0
 11
208.4458338096738
 21
127.674088999629
 31
0.0
  0
LINE
  5
2AC0
330
2979
100
AcDbEntity
  8
0
 62
     0
370
     9
284
     1
100
AcDbLine
 10
213.3444555103779
 20
122.4111061543226
 30
0.0
 11
205.5066801607609
 21
121.3584911078214
 31
0.0
  0
LINE
  5
2AC1
330
2979
100
AcDbEntity
  8
0
 62
     0
370
     9
284
     1
100
AcDbLine
 10
209.4255516305566
 20
115.0429386645555
 30
0.0
 11
213.3444555103779
 21
122.4111061543226
 31
0.0
  0
LINE
  5
2AC2
330
2979
100
AcDbEntity
  8
0
 62
     0
370
     9
284
     1
100
AcDbLine
 10
219.2227624356747
 20
115.0429386645555
 30
0.0
 11
209.4255516305566
 21
115.0429386645555
 31
0.0
  0
LINE
  5
2AC3
330
2979
100
AcDbEntity
  8
0
 62
     0
370
     9
284
     1
100
AcDbLine
 10
213.3444555103779
 20
109.7799111157655
 30
0.0
 11
219.2227624356747
 21
115.0429386645555
 31
0.0
  0
LINE
  5
2AC4
330
2979
100
AcDbEntity
  8
0
 62
     0
370
     9
284
     1
100
AcDbLine
 10
223.141666315496
 20
109.7799111157655
 30
0.0
 11
213.3444555103779
 21
109.7799111157655
 31
0.0
  0
LINE
  5
2AC5
330
2979
100
AcDbEntity
  8
0
 62
     0
370
     9
284
     1
100
AcDbLine
 10
217.2633267939091
 20
103.4643586724996
 30
0.0
 11
223.141666315496
 21
109.7799111157655
 31
0.0
  0
LINE
  5
2AC6
330
2979
100
AcDbEntity
  8
0
 62
     0
370
     9
284
     1
100
AcDbLine
 10
226.0808199644089
 20
105.5695425719022
 30
0.0
 11
217.2633267939091
 21
103.4643586724996
 31
0.0
  0
LINE
  5
2AC7
330
2979
100
AcDbEntity
  8
0
 62
     0
370
     9
284
     1
100
AcDbLine
 10
220.2025128528476
 20
97.1487607806921
 30
0.0
 11
226.0808199644089
 21
105.5695425719022
 31
0.0
  0
LINE
  5
2AC8
330
2979
100
AcDbEntity
  8
0
 62
     0
370
     9
284
     1
100
AcDbLine
 10
229.9997240304947
 20
100.3065597265959
 30
0.0
 11
220.2025128528476
 21
97.1487607806921
 31
0.0
  0
LINE
  5
2AC9
330
2979
100
AcDbEntity
  8
0
 62
     0
370
     9
284
     1
100
AcDbLine
 10
226.0808199644089
 20
89.78054858744144
 30
0.0
 11
229.9997240304947
 21
100.3065597265959
 31
0.0
  0
LINE
  5
2ACA
330
2979
100
AcDbEntity
  8
0
 62
     0
370
     9
284
     1
100
AcDbLine
 10
231.9591596722603
 20
95.04353143274784
 30
0.0
 11
226.0808199644089
 21
89.78054858744144
 31
0.0
  0
LINE
  5
2ACB
330
2979
100
AcDbEntity
  8
0
 62
     0
370
     9
284
     1
100
AcDbLine
 10
286.8235867470503
 20
227.6709448546171
 30
0.0
 11
292.7019260823727
 21
227.6709448546171
 31
0.0
  0
LINE
  5
2ACC
330
2979
100
AcDbEntity
  8
0
 62
     0
370
     9
284
     1
100
AcDbLine
 10
289.7627402096987
 20
221.3553477078676
 30
0.0
 11
286.8235867470503
 21
227.6709448546171
 31
0.0
  0
LINE
  5
2ACD
330
2979
100
AcDbEntity
  8
0
 62
     0
370
     9
284
     1
100
AcDbLine
 10
281.9249646738171
 20
220.3027781099081
 30
0.0
 11
289.7627402096987
 21
221.3553477078676
 31
0.0
  0
LINE
  5
2ACE
330
2979
100
AcDbEntity
  8
0
 62
     0
370
     9
284
     1
100
AcDbLine
 10
288.7830223888159
 20
211.8819516152143
 30
0.0
 11
281.9249646738171
 21
220.3027781099081
 31
0.0
  0
LINE
  5
2ACF
330
2979
100
AcDbEntity
  8
0
 62
     0
370
     9
284
     1
100
AcDbLine
 10
279.9655290320516
 20
211.8819516152143
 30
0.0
 11
288.7830223888159
 21
211.8819516152143
 31
0.0
  0
LINE
  5
2AD0
330
2979
100
AcDbEntity
  8
0
 62
     0
370
     9
284
     1
100
AcDbLine
 10
284.8641507327556
 20
202.4085994809866
 30
0.0
 11
279.9655290320516
 21
211.8819516152143
 31
0.0
  0
LINE
  5
2AD1
330
2979
100
AcDbEntity
  8
0
 62
     0
370
     9
284
     1
100
AcDbLine
 10
276.0466577485204
 20
204.5137848705053
 30
0.0
 11
284.8641507327556
 21
202.4085994809866
 31
0.0
  0
LINE
  5
2AD2
330
2979
100
AcDbEntity
  8
0
 62
     0
370
     9
284
     1
100
AcDbLine
 10
279.9655290320516
 20
198.1981862336397
 30
0.0
 11
276.0466577485204
 21
204.5137848705053
 31
0.0
  0
LINE
  5
2AD3
330
2979
100
AcDbEntity
  8
0
 62
     0
370
     9
284
     1
100
AcDbLine
 10
271.1480360478163
 20
198.1981862336397
 30
0.0
 11
279.9655290320516
 21
198.1981862336397
 31
0.0
  0
LINE
  5
2AD4
330
2979
100
AcDbEntity
  8
0
 62
     0
370
     9
284
     1
100
AcDbLine
 10
277.0263755694032
 20
188.7247901409864
 30
0.0
 11
271.1480360478163
 21
198.1981862336397
 31
0.0
  0
LINE
  5
2AD5
330
2979
100
AcDbEntity
  8
0
 62
     0
370
     9
284
     1
100
AcDbLine
 10
270.1683182269335
 20
189.7774051874876
 30
0.0
 11
277.0263755694032
 21
188.7247901409864
 31
0.0
  0
LINE
  5
2AD6
330
2979
100
AcDbEntity
  8
0
 62
     0
370
     9
284
     1
100
AcDbLine
 10
275.0669073313475
 20
181.3566226512193
 30
0.0
 11
270.1683182269335
 21
189.7774051874876
 31
0.0
  0
LINE
  5
2AD7
330
2979
100
AcDbEntity
  8
0
 62
     0
370
     9
284
     1
100
AcDbLine
 10
266.2494141608477
 20
181.3566226512193
 30
0.0
 11
275.0669073313475
 21
181.3566226512193
 31
0.0
  0
LINE
  5
2AD8
330
2979
100
AcDbEntity
  8
0
 62
     0
370
     9
284
     1
100
AcDbLine
 10
272.1277538686991
 20
170.8306577056646
 30
0.0
 11
266.2494141608477
 21
181.3566226512193
 31
0.0
  0
LINE
  5
2AD9
330
2979
100
AcDbEntity
  8
0
 62
     0
370
     9
284
     1
100
AcDbLine
 10
265.2696963399649
 20
169.7780426591634
 30
0.0
 11
272.1277538686991
 21
170.8306577056646
 31
0.0
  0
LINE
  5
2ADA
330
2979
100
AcDbEntity
  8
0
 62
     0
370
     9
284
     1
100
AcDbLine
 10
271.1480360478163
 20
164.515059813857
 30
0.0
 11
265.2696963399649
 21
169.7780426591634
 31
0.0
  0
LINE
  5
2ADB
330
2979
100
AcDbEntity
  8
0
 62
     0
370
     9
284
     1
100
AcDbLine
 10
262.3305428773165
 20
162.4098312109708
 30
0.0
 11
271.1480360478163
 21
164.515059813857
 31
0.0
  0
LINE
  5
2ADC
330
2979
100
AcDbEntity
  8
0
 62
     0
370
     9
284
     1
100
AcDbLine
 10
269.1886002197862
 20
155.0416629761457
 30
0.0
 11
262.3305428773165
 21
162.4098312109708
 31
0.0
  0
LINE
  5
2ADD
330
2979
100
AcDbEntity
  8
0
 62
     0
370
     9
284
     1
100
AcDbLine
 10
260.3711072355509
 20
153.9890486747026
 30
0.0
 11
269.1886002197862
 21
155.0416629761457
 31
0.0
  0
LINE
  5
2ADE
330
2979
100
AcDbEntity
  8
0
 62
     0
370
     9
284
     1
100
AcDbLine
 10
267.2291319817305
 20
146.6208819299936
 30
0.0
 11
260.3711072355509
 21
153.9890486747026
 31
0.0
  0
LINE
  5
2ADF
330
2979
100
AcDbEntity
  8
0
 62
     0
370
     9
284
     1
100
AcDbLine
 10
261.3508250564337
 20
146.6208819299936
 30
0.0
 11
267.2291319817305
 21
146.6208819299936
 31
0.0
  0
LINE
  5
2AE0
330
2979
100
AcDbEntity
  8
0
 62
     0
370
     9
284
     1
100
AcDbLine
 10
266.2494141608477
 20
142.4104686826467
 30
0.0
 11
261.3508250564337
 21
146.6208819299936
 31
0.0
  0
LINE
  5
2AE1
330
2979
100
AcDbEntity
  8
0
 62
     0
370
     9
284
     1
100
AcDbLine
 10
259.391356818378
 20
138.2000993937254
 30
0.0
 11
266.2494141608477
 21
142.4104686826467
 31
0.0
  0
LINE
  5
2AE2
330
2979
100
AcDbEntity
  8
0
 62
     0
370
     9
284
     1
100
AcDbLine
 10
267.2291319817305
 20
131.8845022469759
 30
0.0
 11
259.391356818378
 21
138.2000993937254
 31
0.0
  0
LINE
  5
2AE3
330
2979
100
AcDbEntity
  8
0
 62
     0
370
     9
284
     1
100
AcDbLine
 10
258.4116389974952
 20
129.7793183475733
 30
0.0
 11
267.2291319817305
 21
131.8845022469759
 31
0.0
  0
LINE
  5
2AE4
330
2979
100
AcDbEntity
  8
0
 62
     0
370
     9
284
     1
100
AcDbLine
 10
266.2494141608477
 20
123.4637212008238
 30
0.0
 11
258.4116389974952
 21
129.7793183475733
 31
0.0
  0
LINE
  5
2AE5
330
2979
100
AcDbEntity
  8
0
 62
     0
370
     9
284
     1
100
AcDbLine
 10
260.3711072355509
 20
117.1481225639581
 30
0.0
 11
266.2494141608477
 21
123.4637212008238
 31
0.0
  0
LINE
  5
2AE6
330
2979
100
AcDbEntity
  8
0
 62
     0
370
     9
284
     1
100
AcDbLine
 10
264.2899785190821
 20
111.8851397186517
 30
0.0
 11
260.3711072355509
 21
117.1481225639581
 31
0.0
  0
LINE
  5
2AE7
330
2979
100
AcDbEntity
  8
0
 62
     0
370
     9
284
     1
100
AcDbLine
 10
258.4116389974952
 20
109.7799111157655
 30
0.0
 11
264.2899785190821
 21
111.8851397186517
 31
0.0
  0
LINE
  5
2AE8
330
2979
100
AcDbEntity
  8
0
 62
     0
370
     9
284
     1
100
AcDbLine
 10
266.2494141608477
 20
103.4643586724996
 30
0.0
 11
258.4116389974952
 21
109.7799111157655
 31
0.0
  0
LINE
  5
2AE9
330
2979
100
AcDbEntity
  8
0
 62
     0
370
     9
284
     1
100
AcDbLine
 10
259.391356818378
 20
100.3065597265959
 30
0.0
 11
266.2494141608477
 21
103.4643586724996
 31
0.0
  0
LINE
  5
2AEA
330
2979
100
AcDbEntity
  8
0
 62
     0
370
     9
284
     1
100
AcDbLine
 10
263.3102606981993
 20
97.1487607806921
 30
0.0
 11
259.391356818378
 21
100.3065597265959
 31
0.0
  0
LINE
  5
2AEB
330
2979
100
AcDbEntity
  8
0
 62
     0
370
     9
284
     1
100
AcDbLine
 10
256.4522033557296
 20
96.09614573419094
 30
0.0
 11
263.3102606981993
 21
97.1487607806921
 31
0.0
  0
LINE
  5
2AEC
330
2979
100
AcDbEntity
  8
0
 62
     0
370
     9
284
     1
100
AcDbLine
 10
262.3305428773165
 20
91.8857779353857
 30
0.0
 11
256.4522033557296
 21
96.09614573419094
 31
0.0
  0
ELLIPSE
  5
2AED
330
2979
100
AcDbEntity
  8
0
 62
     0
370
     9
284
     1
100
AcDbEllipse
 10
229.7823496162891
 20
-537.4745238572359
 30
0.0
 11
0.0000000060767366
 21
-590.8343939977425
 31
0.0
210
0.0
220
0.0
230
1.0
 40
0.9313593371716171
 41
3.220753902018618
 42
3.395786702151818
  0
LINE
  5
2AEE
330
2979
100
AcDbEntity
  8
0
 62
     0
370
     9
284
     1
100
AcDbLine
 10
180.0339188426733
 20
55.04480712115764
 30
0.0
 11
182.9730723053217
 21
48.72920922935009
 31
0.0
  0
LINE
  5
2AEF
330
2979
100
AcDbEntity
  8
0
 62
     0
370
     9
284
     1
100
AcDbLine
 10
175.1352969557047
 20
47.67663963139057
 30
0.0
 11
180.0339188426733
 21
55.04480712115764
 31
0.0
  0
LINE
  5
2AF0
330
2979
100
AcDbEntity
  8
0
 62
     0
370
     9
284
     1
100
AcDbLine
 10
174.1555791348219
 20
50.83443857729434
 30
0.0
 11
175.1352969557047
 21
47.67663963139057
 31
0.0
  0
LINE
  5
2AF1
330
2979
100
AcDbEntity
  8
0
 62
     0
370
     9
284
     1
100
AcDbLine
 10
169.2569572478532
 20
44.51884143054485
 30
0.0
 11
174.1555791348219
 21
50.83443857729434
 31
0.0
  0
LINE
  5
2AF2
330
2979
100
AcDbEntity
  8
0
 62
     0
370
     9
284
     1
100
AcDbLine
 10
166.3178037852049
 20
51.88700817525386
 30
0.0
 11
169.2569572478532
 21
44.51884143054485
 31
0.0
  0
LINE
  5
2AF3
330
2979
100
AcDbEntity
  8
0
 62
     0
370
     9
284
     1
100
AcDbLine
 10
163.3786179125309
 20
43.46622638404369
 30
0.0
 11
166.3178037852049
 21
51.88700817525386
 31
0.0
  0
LINE
  5
2AF4
330
2979
100
AcDbEntity
  8
0
 62
     0
370
     9
284
     1
100
AcDbLine
 10
158.4800284355879
 20
49.78182427585124
 30
0.0
 11
163.3786179125309
 21
43.46622638404369
 31
0.0
  0
LINE
  5
2AF5
330
2979
100
AcDbEntity
  8
0
 62
     0
370
     9
284
     1
100
AcDbLine
 10
154.5611245557666
 20
44.51884143054485
 30
0.0
 11
158.4800284355879
 21
49.78182427585124
 31
0.0
  0
LINE
  5
2AF6
330
2979
100
AcDbEntity
  8
0
 62
     0
370
     9
284
     1
100
AcDbLine
 10
150.6422532722354
 20
51.88700817525386
 30
0.0
 11
154.5611245557666
 21
44.51884143054485
 31
0.0
  0
LINE
  5
2AF7
330
2979
100
AcDbEntity
  8
0
 62
     0
370
     9
284
     1
100
AcDbLine
 10
148.6828176304698
 20
41.36104248464107
 30
0.0
 11
150.6422532722354
 21
51.88700817525386
 31
0.0
  0
LINE
  5
2AF8
330
2979
100
AcDbEntity
  8
0
 62
     0
370
     9
284
     1
100
AcDbLine
 10
144.763913564384
 20
46.62402532994747
 30
0.0
 11
148.6828176304698
 21
41.36104248464107
 31
0.0
  0
LINE
  5
2AF9
330
2979
100
AcDbEntity
  8
0
 62
     0
370
     9
284
     1
100
AcDbLine
 10
138.8855740427971
 20
40.30842818319797
 30
0.0
 11
144.763913564384
 21
46.62402532994747
 31
0.0
  0
LINE
  5
2AFA
330
2979
100
AcDbEntity
  8
0
 62
     0
370
     9
284
     1
100
AcDbLine
 10
136.9261384010315
 20
48.72920922935009
 30
0.0
 11
138.8855740427971
 21
40.30842818319797
 31
0.0
  0
LINE
  5
2AFB
330
2979
100
AcDbEntity
  8
0
 62
     0
370
     9
284
     1
100
AcDbLine
 10
132.0275492966175
 20
35.04544459283352
 30
0.0
 11
136.9261384010315
 21
48.72920922935009
 31
0.0
  0
LINE
  5
2AFC
330
2979
100
AcDbEntity
  8
0
 62
     0
370
     9
284
     1
100
AcDbLine
 10
128.1086452305317
 20
44.51884143054485
 30
0.0
 11
132.0275492966175
 21
35.04544459283352
 31
0.0
  0
LINE
  5
2AFD
330
2979
100
AcDbEntity
  8
0
 62
     0
370
     9
284
     1
100
AcDbLine
 10
123.2100235298276
 20
38.2032435387373
 30
0.0
 11
128.1086452305317
 21
44.51884143054485
 31
0.0
  0
LINE
  5
2AFE
330
2979
100
AcDbEntity
  8
0
 62
     0
370
     9
284
     1
100
AcDbLine
 10
122.2303057089448
 20
44.51884143054485
 30
0.0
 11
123.2100235298276
 21
38.2032435387373
 31
0.0
  0
LINE
  5
2AFF
330
2979
100
AcDbEntity
  8
0
 62
     0
370
     9
284
     1
100
AcDbLine
 10
117.3317166045308
 20
36.09805963933468
 30
0.0
 11
122.2303057089448
 21
44.51884143054485
 31
0.0
  0
LINE
  5
2B00
330
2979
100
AcDbEntity
  8
0
 62
     0
370
     9
284
     1
100
AcDbLine
 10
115.3722483664751
 20
45.57141102850437
 30
0.0
 11
117.3317166045308
 21
36.09805963933468
 31
0.0
  0
LINE
  5
2B01
330
2979
100
AcDbEntity
  8
0
 62
     0
370
     9
284
     1
100
AcDbLine
 10
111.4533767104149
 20
35.04544459283352
 30
0.0
 11
115.3722483664751
 21
45.57141102850437
 31
0.0
  0
LINE
  5
2B02
330
2979
100
AcDbEntity
  8
0
 62
     0
370
     9
284
     1
100
AcDbLine
 10
110.4736588895321
 20
40.30842818319797
 30
0.0
 11
111.4533767104149
 21
35.04544459283352
 31
0.0
  0
LINE
  5
2B03
330
2979
100
AcDbEntity
  8
0
 62
     0
370
     9
284
     1
100
AcDbLine
 10
108.5142232477665
 20
33.99282954633236
 30
0.0
 11
110.4736588895321
 21
40.30842818319797
 31
0.0
  0
ELLIPSE
  5
2B04
330
2979
100
AcDbEntity
  8
0
 62
     0
370
     9
284
     1
100
AcDbEllipse
 10
283.9947827160358
 20
-18.84936653077602
 30
0.0
 11
-0.0000000020297089
 21
-74.60669402508414
 31
0.0
210
0.0
220
0.0
230
1.0
 40
0.9313593371711849
 41
1.064333563915631
 42
1.872974776317007
  0
ELLIPSE
  5
2B05
330
2979
100
AcDbEntity
  8
0
 62
     0
370
     9
284
     1
100
AcDbEllipse
 10
361.4282429218292
 20
-64.96925689280033
 30
0.0
 11
0.0000000003631248
 21
-20.46878976251404
 31
0.0
210
0.0
220
0.0
230
1.0
 40
0.9313593372317345
 41
4.205926217429263
 42
5.467403833365382
  0
ELLIPSE
  5
2B06
330
2979
100
AcDbEntity
  8
0
 62
     0
370
     9
284
     1
100
AcDbEllipse
 10
324.1194602102041
 20
-116.7865049093961
 30
0.0
 11
-0.00000000001529
 21
-45.39489519982463
 31
0.0
210
0.0
220
0.0
230
1.0
 40
0.93135933716557
 41
2.554351467777807
 42
3.213872668300569
  0
ELLIPSE
  5
2B07
330
2979
100
AcDbEntity
  8
0
 62
     0
370
     9
284
     1
100
AcDbEllipse
 10
317.637805454433
 20
-20.67106775939465
 30
0.0
 11
-0.0000000020996978
 21
-50.97216275474073
 31
0.0
210
0.0
220
0.0
230
1.0
 40
0.9313593371800969
 41
-1.394985691594773
 42
0.0722800147516092
  0
ELLIPSE
  5
2B08
330
2979
100
AcDbEntity
  8
0
 62
     0
370
     9
284
     1
100
AcDbEllipse
 10
705.3615823388099
 20
263.1307896226644
 30
0.0
 11
0.0000002000626163
 21
-514.4426576014193
 31
0.0
210
0.0
220
0.0
230
1.0
 40
0.9313593371641918
 41
-1.036862681374592
 42
-0.8432428267302739
  0
LINE
  5
2B09
330
2979
100
AcDbEntity
  8
0
 62
     0
370
     9
284
     1
100
AcDbLine
 10
343.6474490910768
 20
-67.05659516155719
 30
0.0
 11
341.6880134493113
 21
-73.37219379842281
 31
0.0
  0
LINE
  5
2B0A
330
2979
100
AcDbEntity
  8
0
 62
     0
370
     9
284
     1
100
AcDbLine
 10
336.7893917486072
 20
-70.21439410746097
 30
0.0
 11
343.6474490910768
 21
-67.05659516155719
 31
0.0
  0
LINE
  5
2B0B
330
2979
100
AcDbEntity
  8
0
 62
     0
370
     9
284
     1
100
AcDbLine
 10
337.76910956949
 20
-56.53063021600246
 30
0.0
 11
336.7893917486072
 21
-70.21439410746097
 31
0.0
  0
LINE
  5
2B0C
330
2979
100
AcDbEntity
  8
0
 62
     0
370
     9
284
     1
100
AcDbLine
 10
327.9718985781074
 20
-56.53063021600246
 30
0.0
 11
337.76910956949
 21
-56.53063021600246
 31
0.0
  0
LINE
  5
2B0D
330
2979
100
AcDbEntity
  8
0
 62
     0
370
     9
284
     1
100
AcDbLine
 10
330.9110520407557
 20
-50.21503157913684
 30
0.0
 11
327.9718985781074
 21
-56.53063021600246
 31
0.0
  0
LINE
  5
2B0E
330
2979
100
AcDbEntity
  8
0
 62
     0
370
     9
284
     1
100
AcDbLine
 10
323.0732768774033
 20
-53.37283127009868
 30
0.0
 11
330.9110520407557
 21
-50.21503157913684
 31
0.0
  0
LINE
  5
2B0F
330
2979
100
AcDbEntity
  8
0
 62
     0
370
     9
284
     1
100
AcDbLine
 10
326.0124629363418
 20
-41.79425053298473
 30
0.0
 11
323.0732768774033
 21
-53.37283127009868
 31
0.0
  0
LINE
  5
2B10
330
2979
100
AcDbEntity
  8
0
 62
     0
370
     9
284
     1
100
AcDbLine
 10
314.2557837069035
 20
-44.95204873383045
 30
0.0
 11
326.0124629363418
 21
-41.79425053298473
 31
0.0
  0
LINE
  5
2B11
330
2979
100
AcDbEntity
  8
0
 62
     0
370
     9
284
     1
100
AcDbLine
 10
316.2152519449592
 20
-33.37346874177456
 30
0.0
 11
314.2557837069035
 21
-44.95204873383045
 31
0.0
  0
LINE
  5
2B12
330
2979
100
AcDbEntity
  8
0
 62
     0
370
     9
284
     1
100
AcDbLine
 10
308.3774767816067
 20
-33.37346874177456
 30
0.0
 11
316.2152519449592
 21
-33.37346874177456
 31
0.0
  0
LINE
  5
2B13
330
2979
100
AcDbEntity
  8
0
 62
     0
370
     9
284
     1
100
AcDbLine
 10
312.2963480651379
 20
-29.16305549442768
 30
0.0
 11
308.3774767816067
 21
-33.37346874177456
 31
0.0
  0
LINE
  5
2B14
330
2979
100
AcDbEntity
  8
0
 62
     0
370
     9
284
     1
100
AcDbLine
 10
305.4382907226682
 20
-22.84745760262012
 30
0.0
 11
312.2963480651379
 21
-29.16305549442768
 31
0.0
  0
LINE
  5
2B15
330
2979
100
AcDbEntity
  8
0
 62
     0
370
     9
284
     1
100
AcDbLine
 10
310.3369124233723
 20
-16.53186045587063
 30
0.0
 11
305.4382907226682
 21
-22.84745760262012
 31
0.0
  0
LINE
  5
2B16
330
2979
100
AcDbEntity
  8
0
 62
     0
370
     9
284
     1
100
AcDbLine
 10
300.5397014319897
 20
-16.53186045587063
 30
0.0
 11
310.3369124233723
 21
-16.53186045587063
 31
0.0
  0
LINE
  5
2B17
330
2979
100
AcDbEntity
  8
0
 62
     0
370
     9
284
     1
100
AcDbLine
 10
304.4585729017854
 20
-10.21626181900501
 30
0.0
 11
300.5397014319897
 21
-16.53186045587063
 31
0.0
  0
LINE
  5
2B18
330
2979
100
AcDbEntity
  8
0
 62
     0
370
     9
284
     1
100
AcDbLine
 10
295.641079545021
 20
-10.21626181900501
 30
0.0
 11
304.4585729017854
 21
-10.21626181900501
 31
0.0
  0
LINE
  5
2B19
330
2979
100
AcDbEntity
  8
0
 62
     0
370
     9
284
     1
100
AcDbLine
 10
299.5599836111069
 20
-4.953280463814735
 30
0.0
 11
295.641079545021
 21
-10.21626181900501
 31
0.0
  0
LINE
  5
2B1A
330
2979
100
AcDbEntity
  8
0
 62
     0
370
     9
284
     1
100
AcDbLine
 10
290.7424580305815
 20
-4.953280463814735
 30
0.0
 11
299.5599836111069
 21
-4.953280463814735
 31
0.0
  0
LINE
  5
2B1B
330
2979
100
AcDbEntity
  8
0
 62
     0
370
     9
284
     1
100
AcDbLine
 10
295.641079545021
 20
0.3097031265497208
 30
0.0
 11
290.7424580305815
 21
-4.953280463814735
 31
0.0
  0
LINE
  5
2B1C
330
2979
100
AcDbEntity
  8
0
 62
     0
370
     9
284
     1
100
AcDbLine
 10
289.7627402096987
 20
-3.900710120797157
 30
0.0
 11
295.641079545021
 21
0.3097031265497208
 31
0.0
  0
ELLIPSE
  5
2B1D
330
2979
100
AcDbEntity
  8
0
 62
     0
370
     9
284
     1
100
AcDbEllipse
 10
250.2277934923768
 20
43.73223818838596
 30
0.0
 11
0.0000000002114395
 21
-13.93061725749234
 31
0.0
210
0.0
220
0.0
230
1.0
 40
0.9313593370183776
 41
2.142227972068361
 42
5.558837824613312
  0
ELLIPSE
  5
2B1E
330
2979
100
AcDbEntity
  8
0
 62
     0
370
     9
284
     1
100
AcDbEllipse
 10
184.7485514357686
 20
-1.473205909132957
 30
0.0
 11
-0.0000000001565124
 21
-97.51487901992588
 31
0.0
210
0.0
220
0.0
230
1.0
 40
0.9313593371847636
 41
0.8942653004536161
 42
2.142227972148744
  0
ELLIPSE
  5
2B1F
330
2979
100
AcDbEntity
  8
0
 62
     0
370
     9
284
     1
100
AcDbEllipse
 10
269.3570643663406
 20
-77.17012353241443
 30
0.0
 11
0.000000003488712
 21
-20.82503791952338
 31
0.0
210
0.0
220
0.0
230
1.0
 40
0.9313593371905865
 41
3.932535970113105
 42
5.258173527720934
  0
ELLIPSE
  5
2B20
330
2979
100
AcDbEntity
  8
0
 62
     0
370
     9
284
     1
100
AcDbEllipse
 10
243.5732712969184
 20
-90.73905535042285
 30
0.0
 11
0.0000000018125142
 21
-10.26226293418823
 31
0.0
210
0.0
220
0.0
230
1.0
 40
0.9313593371709231
 41
1.842982936414442
 42
3.199094527704946
  0
ELLIPSE
  5
2B21
330
2979
100
AcDbEntity
  8
0
 62
     0
370
     9
284
     1
100
AcDbEllipse
 10
238.1864903494716
 20
9.734326973557472
 30
0.0
 11
0.0000000010770533
 21
-90.37745438224577
 31
0.0
210
0.0
220
0.0
230
1.0
 40
0.9313593371723703
 41
-1.210834966066478
 42
0.0575018742947902
  0
ELLIPSE
  5
2B22
330
2979
100
AcDbEntity
  8
0
 62
     0
370
     9
284
     1
100
AcDbEllipse
 10
209.7159918397665
 20
-1.770492270588874
 30
0.0
 11
-0.0000000018215139
 21
-57.71539931395214
 31
0.0
210
0.0
220
0.0
230
1.0
 40
0.931359337178212
 41
3.222037410706616
 42
5.072350341154974
  0
ELLIPSE
  5
2B23
330
2979
100
AcDbEntity
  8
0
 62
     0
370
     9
284
     1
100
AcDbEllipse
 10
208.3563052117824
 20
16.33813939988613
 30
0.0
 11
0.0000000019312446
 21
-39.54801462960502
 31
0.0
210
0.0
220
0.0
230
1.0
 40
0.931359337175828
 41
2.014039443628897
 42
3.222037410624332
  0
ELLIPSE
  5
2B24
330
2979
100
AcDbEntity
  8
0
 62
     0
370
     9
284
     1
100
AcDbEllipse
 10
168.9919721335172
 20
107.9724412411451
 30
0.0
 11
-0.0000000069662041
 21
-101.3831903388129
 31
0.0
210
0.0
220
0.0
230
1.0
 40
0.9313593371770444
 41
-0.6438603802416971
 42
-0.1283498038917927
  0
ELLIPSE
  5
2B25
330
2979
100
AcDbEntity
  8
0
 62
     0
370
     9
284
     1
100
AcDbEllipse
 10
91.40522330999374
 20
-3.017594292759895
 30
0.0
 11
-0.0000000043000181
 21
-37.39175666101664
 31
0.0
210
0.0
220
0.0
230
1.0
 40
0.9313593371592482
 41
2.497732273396799
 42
3.141565534207185
  0
ELLIPSE
  5
2B26
330
2979
100
AcDbEntity
  8
0
 62
     0
370
     9
284
     1
100
AcDbEllipse
 10
89.00644797831773
 20
61.40023730695247
 30
0.0
 11
0.0000000035119711
 21
-27.14861860722591
 31
0.0
210
0.0
220
0.0
230
1.0
 40
0.9313593371726357
 41
0.0950494475852455
 42
1.04820439234079
  0
ELLIPSE
  5
2B27
330
2979
100
AcDbEntity
  8
0
 62
     0
370
     9
284
     1
100
AcDbEllipse
 10
161.591819114983
 20
16.50908105075359
 30
0.0
 11
-0.0000000000712227
 21
-62.79058429893315
 31
0.0
210
0.0
220
0.0
230
1.0
 40
0.9313593371847693
 41
3.024507551203914
 42
4.189797046056459
  0
ELLIPSE
  5
2B28
330
2979
100
AcDbEntity
  8
0
 62
     0
370
     9
284
     1
100
AcDbEllipse
 10
294.1562440246343
 20
34.7829382866621
 30
0.0
 11
-0.0000000081240413
 21
-31.53097177448078
 31
0.0
210
0.0
220
0.0
230
1.0
 40
0.9313593371461566
 41
-0.7188650894099382
 42
-0.0803080805976997
  0
ELLIPSE
  5
2B29
330
2979
100
AcDbEntity
  8
0
 62
     0
370
     9
284
     1
100
AcDbEllipse
 10
322.6982275024056
 20
87.21179775893688
 30
0.0
 11
-0.000000004201651
 21
-90.18191866426375
 31
0.0
210
0.0
220
0.0
230
1.0
 40
0.9313593371850801
 41
-0.3767144920883794
 42
1.142644318956274
  0
ELLIPSE
  5
2B2A
330
2979
100
AcDbEntity
  8
0
 62
     0
370
     9
284
     1
100
AcDbEllipse
 10
419.2731816321611
 20
28.46331708133221
 30
0.0
 11
-0.0000000013501412
 21
-30.37594326366182
 31
0.0
210
0.0
220
0.0
230
1.0
 40
0.9313593371724058
 41
3.066123553879524
 42
3.93502305045141
  0
ELLIPSE
  5
2B2B
330
2979
100
AcDbEntity
  8
0
 62
     0
370
     9
284
     1
100
AcDbEllipse
 10
418.5989040881395
 20
81.47570900619029
 30
0.0
 11
-0.0000000002831131
 21
-22.92196225417805
 31
0.0
210
0.0
220
0.0
230
1.0
 40
0.9313593371748389
 41
-1.361807600229679
 42
0.1318820933826061
  0
ELLIPSE
  5
2B2C
330
2979
100
AcDbEntity
  8
0
 62
     0
370
     9
284
     1
100
AcDbEllipse
 10
322.1623251214623
 20
35.50341837108135
 30
0.0
 11
-0.0000000009437161
 21
-90.99109483845944
 31
0.0
210
0.0
220
0.0
230
1.0
 40
0.9313593371814292
 41
2.040895376503331
 42
3.730687316653118
  0
ELLIPSE
  5
2B2D
330
2979
100
AcDbEntity
  8
0
 62
     0
370
     9
284
     1
100
AcDbEllipse
 10
296.0149714723229
 20
84.95510928332805
 30
0.0
 11
-0.0000000000000136
 21
-34.52474129411527
 31
0.0
210
0.0
220
0.0
230
1.0
 40
0.9313593371638894
 41
3.850700617443671
 42
5.574077343325709
  0
ELLIPSE
  5
2B2E
330
2979
100
AcDbEntity
  8
0
 62
     0
370
     9
284
     1
100
AcDbEllipse
 10
354.3181348592043
 20
-8.299572393298149
 30
0.0
 11
-0.0000000025019405
 21
-135.0364589595469
 31
0.0
210
0.0
220
0.0
230
1.0
 40
0.9313593371845792
 41
4.375338395938856
 42
5.343531139671592
  0
LINE
  5
2B2F
330
2979
100
AcDbEntity
  8
0
 62
     0
370
     9
284
     1
100
AcDbLine
 10
238.8172168284655
 20
30.83503134548664
 30
0.0
 11
233.9185953140259
 21
36.09805963933468
 31
0.0
  0
LINE
  5
2B30
330
2979
100
AcDbEntity
  8
0
 62
     0
370
     9
284
     1
100
AcDbLine
 10
232.9388774931431
 20
30.83503134548664
 30
0.0
 11
238.8172168284655
 21
30.83503134548664
 31
0.0
  0
LINE
  5
2B31
330
2979
100
AcDbEntity
  8
0
 62
     0
370
     9
284
     1
100
AcDbLine
 10
238.8172168284655
 20
25.57204850018024
 30
0.0
 11
232.9388774931431
 21
30.83503134548664
 31
0.0
  0
LINE
  5
2B32
330
2979
100
AcDbEntity
  8
0
 62
     0
370
     9
284
     1
100
AcDbLine
 10
229.9997240304947
 20
25.57204850018024
 30
0.0
 11
238.8172168284655
 21
25.57204850018024
 31
0.0
  0
LINE
  5
2B33
330
2979
100
AcDbEntity
  8
0
 62
     0
370
     9
284
     1
100
AcDbLine
 10
235.8780633658171
 20
18.20388175547123
 30
0.0
 11
229.9997240304947
 21
25.57204850018024
 31
0.0
  0
LINE
  5
2B34
330
2979
100
AcDbEntity
  8
0
 62
     0
370
     9
284
     1
100
AcDbLine
 10
227.0605377852917
 20
17.15126596391201
 30
0.0
 11
235.8780633658171
 21
18.20388175547123
 31
0.0
  0
LINE
  5
2B35
330
2979
100
AcDbEntity
  8
0
 62
     0
370
     9
284
     1
100
AcDbLine
 10
235.8780633658171
 20
12.94089816510677
 30
0.0
 11
227.0605377852917
 21
17.15126596391201
 31
0.0
  0
LINE
  5
2B36
330
2979
100
AcDbEntity
  8
0
 62
     0
370
     9
284
     1
100
AcDbLine
 10
227.0605377852917
 20
8.730484917759895
 30
0.0
 11
235.8780633658171
 21
12.94089816510677
 31
0.0
  0
LINE
  5
2B37
330
2979
100
AcDbEntity
  8
0
 62
     0
370
     9
284
     1
100
AcDbLine
 10
233.9185953140259
 20
5.572685971856117
 30
0.0
 11
227.0605377852917
 21
8.730484917759895
 31
0.0
  0
LINE
  5
2B38
330
2979
100
AcDbEntity
  8
0
 62
     0
370
     9
284
     1
100
AcDbLine
 10
227.0605377852917
 20
1.36231817305088
 30
0.0
 11
233.9185953140259
 21
5.572685971856117
 31
0.0
  0
LINE
  5
2B39
330
2979
100
AcDbEntity
  8
0
 62
     0
370
     9
284
     1
100
AcDbLine
 10
234.8983131349087
 20
-3.900710120797157
 30
0.0
 11
227.0605377852917
 21
1.36231817305088
 31
0.0
  0
LINE
  5
2B3A
330
2979
100
AcDbEntity
  8
0
 62
     0
370
     9
284
     1
100
AcDbLine
 10
227.0605377852917
 20
-6.005894020199775
 30
0.0
 11
234.8983131349087
 21
-3.900710120797157
 31
0.0
  0
LINE
  5
2B3B
330
2979
100
AcDbEntity
  8
0
 62
     0
370
     9
284
     1
100
AcDbLine
 10
232.9388774931431
 20
-11.26887761056423
 30
0.0
 11
227.0605377852917
 21
-6.005894020199775
 31
0.0
  0
LINE
  5
2B3C
330
2979
100
AcDbEntity
  8
0
 62
     0
370
     9
284
     1
100
AcDbLine
 10
227.0605377852917
 20
-14.42667581140995
 30
0.0
 11
232.9388774931431
 21
-11.26887761056423
 31
0.0
  0
LINE
  5
2B3D
330
2979
100
AcDbEntity
  8
0
 62
     0
370
     9
284
     1
100
AcDbLine
 10
233.9185953140259
 20
-17.58447475731373
 30
0.0
 11
227.0605377852917
 21
-14.42667581140995
 31
0.0
  0
LINE
  5
2B3E
330
2979
100
AcDbEntity
  8
0
 62
     0
370
     9
284
     1
100
AcDbLine
 10
226.0808199644089
 20
-20.74227370321751
 30
0.0
 11
233.9185953140259
 21
-17.58447475731373
 31
0.0
  0
LINE
  5
2B3F
330
2979
100
AcDbEntity
  8
0
 62
     0
370
     9
284
     1
100
AcDbLine
 10
235.8780633658171
 20
-28.11044044792652
 30
0.0
 11
226.0808199644089
 21
-20.74227370321751
 31
0.0
  0
LINE
  5
2B40
330
2979
100
AcDbEntity
  8
0
 62
     0
370
     9
284
     1
100
AcDbLine
 10
229.0200062096119
 20
-29.16305549442768
 30
0.0
 11
235.8780633658171
 21
-28.11044044792652
 31
0.0
  0
LINE
  5
2B41
330
2979
100
AcDbEntity
  8
0
 62
     0
370
     9
284
     1
100
AcDbLine
 10
232.9388774931431
 20
-33.37346874177456
 30
0.0
 11
229.0200062096119
 21
-29.16305549442768
 31
0.0
  0
LINE
  5
2B42
330
2979
100
AcDbEntity
  8
0
 62
     0
370
     9
284
     1
100
AcDbLine
 10
229.0200062096119
 20
-36.5312222391367
 30
0.0
 11
232.9388774931431
 21
-33.37346874177456
 31
0.0
  0
LINE
  5
2B43
330
2979
100
AcDbEntity
  8
0
 62
     0
370
     9
284
     1
100
AcDbLine
 10
236.8577811866999
 20
-38.63645158708095
 30
0.0
 11
229.0200062096119
 21
-36.5312222391367
 31
0.0
  0
LINE
  5
2B44
330
2979
100
AcDbEntity
  8
0
 62
     0
370
     9
284
     1
100
AcDbLine
 10
229.9997240304947
 20
-43.89943443238735
 30
0.0
 11
236.8577811866999
 21
-38.63645158708095
 31
0.0
  0
LINE
  5
2B45
330
2979
100
AcDbEntity
  8
0
 62
     0
370
     9
284
     1
100
AcDbLine
 10
236.8577811866999
 20
-46.00461833178997
 30
0.0
 11
229.9997240304947
 21
-43.89943443238735
 31
0.0
  0
LINE
  5
2B46
330
2979
100
AcDbEntity
  8
0
 62
     0
370
     9
284
     1
100
AcDbLine
 10
230.9794418513775
 20
-52.32021547853946
 30
0.0
 11
236.8577811866999
 21
-46.00461833178997
 31
0.0
  0
LINE
  5
2B47
330
2979
100
AcDbEntity
  8
0
 62
     0
370
     9
284
     1
100
AcDbLine
 10
240.7766528427601
 20
-54.4254008680582
 30
0.0
 11
230.9794418513775
 21
-52.32021547853946
 31
0.0
  0
LINE
  5
2B48
330
2979
100
AcDbEntity
  8
0
 62
     0
370
     9
284
     1
100
AcDbLine
 10
233.9185953140259
 20
-60.7409980148077
 30
0.0
 11
240.7766528427601
 21
-54.4254008680582
 31
0.0
  0
LINE
  5
2B49
330
2979
100
AcDbEntity
  8
0
 62
     0
370
     9
284
     1
100
AcDbLine
 10
239.7969350218773
 20
-60.7409980148077
 30
0.0
 11
233.9185953140259
 21
-60.7409980148077
 31
0.0
  0
LINE
  5
2B4A
330
2979
100
AcDbEntity
  8
0
 62
     0
370
     9
284
     1
100
AcDbLine
 10
236.8577811866999
 20
-64.95141126215457
 30
0.0
 11
239.7969350218773
 21
-60.7409980148077
 31
0.0
  0
LINE
  5
2B4B
330
2979
100
AcDbEntity
  8
0
 62
     0
370
     9
284
     1
100
AcDbLine
 10
243.7158389016986
 20
-64.95141126215457
 30
0.0
 11
236.8577811866999
 21
-64.95141126215457
 31
0.0
  0
LINE
  5
2B4C
330
2979
100
AcDbEntity
  8
0
 62
     0
370
     9
284
     1
100
AcDbLine
 10
238.8172168284655
 20
-71.26700915396213
 30
0.0
 11
243.7158389016986
 21
-64.95141126215457
 31
0.0
  0
LINE
  5
2B4D
330
2979
100
AcDbEntity
  8
0
 62
     0
370
     9
284
     1
100
AcDbLine
 10
246.654992364347
 20
-71.26700915396213
 30
0.0
 11
238.8172168284655
 21
-71.26700915396213
 31
0.0
  0
LINE
  5
2B4E
330
2979
100
AcDbEntity
  8
0
 62
     0
370
     9
284
     1
100
AcDbLine
 10
242.7360884845257
 20
-76.52999199926853
 30
0.0
 11
246.654992364347
 21
-71.26700915396213
 31
0.0
  0
LINE
  5
2B4F
330
2979
100
AcDbEntity
  8
0
 62
     0
370
     9
284
     1
100
AcDbLine
 10
248.6144280061126
 20
-74.42476190626621
 30
0.0
 11
242.7360884845257
 21
-76.52999199926853
 31
0.0
  0
LINE
  5
2B50
330
2979
100
AcDbEntity
  8
0
 62
     0
370
     9
284
     1
100
AcDbLine
 10
735.0331725552678
 20
-334.9999997764826
 30
0.0
 11
65.0000000372529
 21
-334.9999997764826
 31
0.0
  0
LINE
  5
2B51
330
2979
100
AcDbEntity
  8
0
 62
     0
370
     9
284
     1
100
AcDbLine
 10
65.0000000372529
 20
-334.9999997764826
 30
0.0
 11
65.0000000372529
 21
334.9999997764826
 31
0.0
  0
LINE
  5
2B52
330
2979
100
AcDbEntity
  8
0
 62
     0
370
     9
284
     1
100
AcDbLine
 10
65.0000000372529
 20
334.9999997764826
 30
0.0
 11
735.0331725552678
 21
334.9999997764826
 31
0.0
  0
LINE
  5
2B53
330
2979
100
AcDbEntity
  8
0
 62
     0
370
     9
284
     1
100
AcDbLine
 10
735.0331725552678
 20
334.9999997764826
 30
0.0
 11
735.0331725552678
 21
-334.9999997764826
 31
0.0
  0
ATTDEF
  5
2B54
330
2979
100
AcDbEntity
  8
0
 62
     0
370
     9
284
     1
100
AcDbText
 10
293.3685105293989
 20
-332.6253548385575
 30
0.0
 40
0.5
  1
604
 50
270.0
 41
0.8000000000465661
  7
DIM_FONT
 71
     4
100
AcDbAttributeDefinition
280
     0
  3
YSIZE
  2
YSIZE
 70
     9
280
     0
  0
ATTDEF
  5
2B55
330
2979
100
AcDbEntity
  8
0
 62
     0
370
     9
284
     1
100
AcDbText
 10
293.3685105293989
 20
-332.5110691240989
 30
0.0
 40
0.5
  1
1041
 50
270.0
 41
0.8000000000465661
  7
DIM_FONT
 71
     4
100
AcDbAttributeDefinition
280
     0
  3
XSIZE
  2
XSIZE
 70
     9
280
     0
  0
ENDBLK
  5
2B56
330
2979
100
AcDbEntity
  8
0
 62
     5
100
AcDbBlockEnd
  0
BLOCK
  5
2B58
330
2B57
100
AcDbEntity
  8
0
 62
     5
100
AcDbBlockBegin
  2
furn 0422
 70
     0
 10
0.0
 20
0.0
 30
0.0
  3
furn 0422
  1

  0
LINE
  5
2B59
330
2B57
100
AcDbEntity
  8
0
 62
     0
370
     9
284
     1
100
AcDbLine
 10
373.6109271645546
 20
-184.8289862275123
 30
0.0
 11
373.6109271645546
 21
168.2557076215744
 31
0.0
  0
CIRCLE
  5
2B5A
330
2B57
100
AcDbEntity
  8
0
 62
     0
370
     9
284
     1
100
AcDbCircle
 10
373.6109271645546
 20
-10.77314168214798
 30
0.0
 40
150.0
  0
CIRCLE
  5
2B5B
330
2B57
100
AcDbEntity
  8
0
 62
     0
370
     9
284
     1
100
AcDbCircle
 10
373.6109271645546
 20
-10.77314168214798
 30
0.0
 40
100.0
  0
LINE
  5
2B5C
330
2B57
100
AcDbEntity
  8
0
 62
     0
370
     9
284
     1
100
AcDbLine
 10
199.3440952152013
 20
-10.77314168214798
 30
0.0
 11
537.9194801673293
 21
-10.77314168214798
 31
0.0
  0
LINE
  5
2B5D
330
2B57
100
AcDbEntity
  8
0
 62
     0
370
     9
284
     1
100
AcDbLine
 10
679.9999998882412
 20
-300.0
 30
0.0
 11
79.99999988824129
 21
-300.0
 31
0.0
  0
LINE
  5
2B5E
330
2B57
100
AcDbEntity
  8
0
 62
     0
370
     9
284
     1
100
AcDbLine
 10
79.99999988824129
 20
-300.0
 30
0.0
 11
79.99999988824129
 21
300.0
 31
0.0
  0
LINE
  5
2B5F
330
2B57
100
AcDbEntity
  8
0
 62
     0
370
     9
284
     1
100
AcDbLine
 10
79.99999988824129
 20
300.0
 30
0.0
 11
679.9999998882412
 21
300.0
 31
0.0
  0
LINE
  5
2B60
330
2B57
100
AcDbEntity
  8
0
 62
     0
370
     9
284
     1
100
AcDbLine
 10
679.9999998882412
 20
300.0
 30
0.0
 11
679.9999998882412
 21
-300.0
 31
0.0
  0
LINE
  5
2B61
330
2B57
100
AcDbEntity
  8
0
 62
     0
370
     9
284
     1
100
AcDbLine
 10
650.0
 20
-270.0000002980232
 30
0.0
 11
109.9999997764826
 21
-270.0000002980232
 31
0.0
  0
LINE
  5
2B62
330
2B57
100
AcDbEntity
  8
0
 62
     0
370
     9
284
     1
100
AcDbLine
 10
109.9999997764826
 20
-270.0000002980232
 30
0.0
 11
109.9999997764826
 21
269.9999995529652
 31
0.0
  0
LINE
  5
2B63
330
2B57
100
AcDbEntity
  8
0
 62
     0
370
     9
284
     1
100
AcDbLine
 10
109.9999997764826
 20
269.9999995529652
 30
0.0
 11
650.0
 21
269.9999995529652
 31
0.0
  0
LINE
  5
2B64
330
2B57
100
AcDbEntity
  8
0
 62
     0
370
     9
284
     1
100
AcDbLine
 10
650.0
 20
269.9999995529652
 30
0.0
 11
650.0
 21
-270.0000002980232
 31
0.0
  0
LINE
  5
2B65
330
2B57
100
AcDbEntity
  8
0
 62
     0
370
     9
284
     1
100
AcDbLine
 10
759.999999962747
 20
-379.9999997019768
 30
0.0
 11
0.0
 21
-379.9999997019768
 31
0.0
  0
LINE
  5
2B66
330
2B57
100
AcDbEntity
  8
0
 62
     0
370
     9
284
     1
100
AcDbLine
 10
0.0
 20
-379.9999997019768
 30
0.0
 11
0.0
 21
379.9999997019768
 31
0.0
  0
LINE
  5
2B67
330
2B57
100
AcDbEntity
  8
0
 62
     0
370
     9
284
     1
100
AcDbLine
 10
0.0
 20
379.9999997019768
 30
0.0
 11
759.999999962747
 21
379.9999997019768
 31
0.0
  0
LINE
  5
2B68
330
2B57
100
AcDbEntity
  8
0
 62
     0
370
     9
284
     1
100
AcDbLine
 10
759.999999962747
 20
379.9999997019768
 30
0.0
 11
759.999999962747
 21
-379.9999997019768
 31
0.0
  0
ENDBLK
  5
2B69
330
2B57
100
AcDbEntity
  8
0
 62
     5
100
AcDbBlockEnd
  0
BLOCK
  5
5F4B
330
5F4A
100
AcDbEntity
  8
0
100
AcDbBlockBegin
  2
chair-dining-table
 70
     0
 10
0.0
 20
0.0
 30
0.0
  3
chair-dining-table
  1

  0
LINE
  5
5F4D
330
5F4A
100
AcDbEntity
  8
0
 62
     0
100
AcDbLine
 10
1.375128953644889
 20
15.93708544259425
 30
0.0
 11
1.375128953637272
 21
0.0
 31
0.0
1001
AcDbBlockRepETag
1070
     1
1071
     2440
1005
0
  0
LINE
  5
5F4E
330
5F4A
100
AcDbEntity
  8
0
 62
     0
100
AcDbLine
 10
1.375128953636306
 20
-1.900853427534457
 30
0.0
 11
1.375128953636135
 21
-2.28532258704655
 31
0.0
1001
AcDbBlockRepETag
1070
     1
1071
     2440
1005
0
  0
ARC
  5
5F4F
330
5F4A
100
AcDbEntity
  8
0
 62
     0
100
AcDbCircle
 10
20.07946919777896
 20
15.93708544259425
 30
0.0
 40
1.025980136773432
100
AcDbArc
 50
0.0
 51
90.0
1001
AcDbBlockRepETag
1070
     1
1071
     2442
1005
0
  0
ARC
  5
5F50
330
5F4A
100
AcDbEntity
  8
0
 62
     0
100
AcDbCircle
 10
2.40110909040959
 20
15.93708544259425
 30
0.0
 40
1.025980136773432
100
AcDbArc
 50
90.0
 51
180.0
1001
AcDbBlockRepETag
1070
     1
1071
     2443
1005
0
  0
LINE
  5
5F51
330
5F4A
100
AcDbEntity
  8
0
 62
     0
100
AcDbLine
 10
21.10544933455242
 20
-2.28532258704655
 30
0.0
 11
21.10544933455219
 21
-1.900853427534457
 31
0.0
1001
AcDbBlockRepETag
1070
     1
1071
     2444
1005
0
  0
LINE
  5
5F52
330
5F4A
100
AcDbEntity
  8
0
 62
     0
100
AcDbLine
 10
21.10544933455128
 20
0.0
 30
0.0
 11
21.10544933454367
 21
15.93708544259425
 31
0.0
1001
AcDbBlockRepETag
1070
     1
1071
     2444
1005
0
  0
LINE
  5
5F53
330
5F4A
100
AcDbEntity
  8
0
 62
     0
100
AcDbLine
 10
2.40110909040959
 20
16.9630655793764
 30
0.0
 11
20.07946919777896
 21
16.9630655793764
 31
0.0
1001
AcDbBlockRepETag
1070
     1
1071
     2445
1005
0
  0
LINE
  5
5F54
330
5F4A
100
AcDbEntity
  8
0
 62
     0
100
AcDbLine
 10
20.07946919777896
 20
-3.311302723820006
 30
0.0
 11
2.40110909040959
 21
-3.311302723820006
 31
0.0
1001
AcDbBlockRepETag
1070
     1
1071
     2455
1005
0
  0
ARC
  5
5F55
330
5F4A
100
AcDbEntity
  8
0
 62
     0
100
AcDbCircle
 10
20.07946919777896
 20
-2.28532258704655
 30
0.0
 40
1.025980136773432
100
AcDbArc
 50
270.0
 51
0.0
1001
AcDbBlockRepETag
1070
     1
1071
     2442
1005
0
  0
ARC
  5
5F56
330
5F4A
100
AcDbEntity
  8
0
 62
     0
100
AcDbCircle
 10
2.40110909040959
 20
-2.28532258704655
 30
0.0
 40
1.025980136773432
100
AcDbArc
 50
180.0
 51
270.0
1001
AcDbBlockRepETag
1070
     1
1071
     2443
1005
0
  0
LWPOLYLINE
  5
5F57
330
5F4A
100
AcDbEntity
  8
0
 62
     0
100
AcDbPolyline
 90
        4
 70
     1
 43
0.0
 10
0.0
 20
-1.900853427534457
 10
22.48057828820311
 20
-1.900853427534457
 10
22.48057828820311
 20
0.0
 10
0.0
 20
0.0
  0
ENDBLK
  5
5F4C
330
5F4A
100
AcDbEntity
  8
0
100
AcDbBlockEnd
  0
BLOCK
  5
148F6
330
148F5
100
AcDbEntity
  8
0
100
AcDbBlockBegin
  2
wash-basin
 70
     0
 10
0.0
 20
0.0
 30
0.0
  3
wash-basin
  1

  0
LINE
  5
14900
330
148F5
100
AcDbEntity
  8
Main
100
AcDbLine
 10
15.00000000004729
 20
0.0
 30
0.0
 11
15.00000000004729
 21
-32.5
 31
0.0
  0
LINE
  5
14901
330
148F5
100
AcDbEntity
  8
Main
100
AcDbLine
 10
15.00000000004729
 20
-32.5
 30
0.0
 11
0.0
 21
-32.50000000004638
 31
0.0
  0
ENDBLK
  5
148F7
330
148F5
100
AcDbEntity
  8
0
100
AcDbBlockEnd
  0
ENDSEC
  0
SECTION
  2
ENTITIES
  0
LINE
  5
5CD
330
1F
100
AcDbEntity
  8
Main
100
AcDbLine
 10
8.591736041695185
 20
10.44432172756613
 30
0.0
 11
8.591736041695185
 21
1.444321727566148
 31
0.0
  0
LINE
  5
5CE
330
1F
100
AcDbEntity
  8
Main
100
AcDbLine
 10
14.59173604169518
 20
10.44432172756613
 30
0.0
 11
14.59173604169518
 21
1.444321727566148
 31
0.0
  0
LINE
  5
5CF
330
1F
100
AcDbEntity
  8
Main
100
AcDbLine
 10
134.5917360416952
 20
10.44432172756613
 30
0.0
 11
134.5917360416952
 21
1.444321727566148
 31
0.0
  0
LINE
  5
5D0
330
1F
100
AcDbEntity
  8
Main
100
AcDbLine
 10
146.5917360416952
 20
10.44432172756613
 30
0.0
 11
146.5917360416952
 21
1.444321727566148
 31
0.0
  0
LINE
  5
5D1
330
1F
100
AcDbEntity
  8
Main
100
AcDbLine
 10
188.5917360416952
 20
10.44432172756613
 30
0.0
 11
188.5917360416952
 21
1.444321727566148
 31
0.0
  0
LINE
  5
5F5
330
1F
100
AcDbEntity
  8
Main
100
AcDbLine
 10
8.591736041695185
 20
10.44432172756613
 30
0.0
 11
590.5917360416951
 21
10.44432172756613
 31
0.0
  0
LINE
  5
5F6
330
1F
100
AcDbEntity
  8
Main
100
AcDbLine
 10
599.5917360416951
 20
1.444321727566148
 30
0.0
 11
-0.4082639583048149
 21
1.444321727566148
 31
0.0
  0
LINE
  5
621
330
1F
100
AcDbEntity
  8
Main
100
AcDbLine
 10
-0.4082639583048149
 20
1.444321727566148
 30
0.0
 11
-0.4082639583048149
 21
1081.444321727566
 31
0.0
  0
LINE
  5
622
330
1F
100
AcDbEntity
  8
Main
100
AcDbLine
 10
-0.4082639583048149
 20
1081.444321727566
 30
0.0
 11
599.5917360416951
 21
1081.444321727566
 31
0.0
  0
LINE
  5
624
330
1F
100
AcDbEntity
  8
Main
100
AcDbLine
 10
8.591736041695185
 20
1072.444321727566
 30
0.0
 11
599.5917360416951
 21
1072.444321727566
 31
0.0
  0
LINE
  5
625
330
1F
100
AcDbEntity
  8
Main
100
AcDbLine
 10
8.591736041695185
 20
1.444321727566148
 30
0.0
 11
8.591736041695185
 21
1072.444321727566
 31
0.0
  0
LINE
  5
650
330
1F
100
AcDbEntity
  8
Main
100
AcDbLine
 10
599.5917360416951
 20
1.444321727566148
 30
0.0
 11
599.5917360416951
 21
1081.444321727566
 31
0.0
  0
LINE
  5
654
330
1F
100
AcDbEntity
  8
Main
100
AcDbLine
 10
590.5917360416951
 20
1.444321727566148
 30
0.0
 11
590.5917360416951
 21
1081.444321727566
 31
0.0
  0
LINE
  5
733
330
1F
100
AcDbEntity
  8
Main
100
AcDbLine
 10
8.591736041695185
 20
451.4443217275661
 30
0.0
 11
116.5917360416952
 21
451.4443217275661
 31
0.0
  0
LINE
  5
734
330
1F
100
AcDbEntity
  8
Main
100
AcDbLine
 10
116.5917360416951
 20
439.444321727566
 30
0.0
 11
125.5917360416951
 21
439.444321727566
 31
0.0
  0
LINE
  5
735
330
1F
100
AcDbEntity
  8
Main
100
AcDbLine
 10
125.5917360416951
 20
439.444321727566
 30
0.0
 11
125.5917360416951
 21
451.444321727566
 31
0.0
  0
LINE
  5
76F
330
1F
100
AcDbEntity
  8
Main
100
AcDbLine
 10
116.5917360416952
 20
508.444321727566
 30
0.0
 11
116.5917360416951
 21
460.4443217275661
 31
0.0
  0
LINE
  5
77C
330
1F
100
AcDbEntity
  8
Main
100
AcDbLine
 10
116.5917360416951
 20
379.444321727566
 30
0.0
 11
125.5917360416951
 21
379.444321727566
 31
0.0
  0
LINE
  5
77E
330
1F
100
AcDbEntity
  8
Main
100
AcDbLine
 10
116.5917360416951
 20
190.444321727566
 30
0.0
 11
590.5917360416951
 21
190.4443217275661
 31
0.0
  0
LINE
  5
77F
330
1F
100
AcDbEntity
  8
Main
100
AcDbLine
 10
125.5917360416951
 20
451.444321727566
 30
0.0
 11
125.5917360416951
 21
439.444321727566
 31
0.0
  0
LINE
  5
781
330
1F
100
AcDbEntity
  8
Main
100
AcDbLine
 10
125.5917360416951
 20
199.444321727566
 30
0.0
 11
305.5917360416951
 21
199.4443217275661
 31
0.0
  0
LINE
  5
795
330
1F
100
AcDbEntity
  8
Main
100
AcDbLine
 10
116.5917360416951
 20
250.4443217275661
 30
0.0
 11
125.5917360416951
 21
250.4443217275661
 31
0.0
  0
LINE
  5
7BA
330
1F
100
AcDbEntity
  8
Main
100
AcDbLine
 10
209.5917360416952
 20
199.444321727566
 30
0.0
 11
209.5917360416951
 21
190.4443217275661
 31
0.0
  0
LINE
  5
9C2
330
1F
100
AcDbEntity
  8
Main
100
AcDbLine
 10
116.5917360416951
 20
379.444321727566
 30
0.0
 11
407.5917360416951
 21
379.444321727566
 31
0.0
  0
LINE
  5
9C3
330
1F
100
AcDbEntity
  8
Main
100
AcDbLine
 10
125.5917360416951
 20
374.944321727566
 30
0.0
 11
305.5917360416951
 21
374.9443217275659
 31
0.0
  0
LINE
  5
9EA
330
1F
100
AcDbEntity
  8
Main
100
AcDbLine
 10
125.5917360416951
 20
374.944321727566
 30
0.0
 11
125.5917360416951
 21
199.444321727566
 31
0.0
  0
LINE
  5
A21
330
1F
100
AcDbEntity
  8
Main
100
AcDbLine
 10
311.5917360416951
 20
302.944321727566
 30
0.0
 11
376.591735216834
 21
302.944321727566
 31
0.0
  0
LINE
  5
A23
330
1F
100
AcDbEntity
  8
Main
100
AcDbLine
 10
407.591736041695
 20
374.944321727566
 30
0.0
 11
407.591736041695
 21
338.9443217275661
 31
0.0
  0
LINE
  5
A24
102
{ACAD_REACTORS
330
61BF
102
}
330
1F
100
AcDbEntity
  8
Main
100
AcDbLine
 10
412.0917360416951
 20
379.444321727566
 30
0.0
 11
412.091736041695
 21
199.4443217275661
 31
0.0
  0
LINE
  5
A25
330
1F
100
AcDbEntity
  8
Main
100
AcDbLine
 10
407.591736041695
 20
298.444321727566
 30
0.0
 11
407.591736041695
 21
199.4443217275662
 31
0.0
  0
LINE
  5
15F9
330
1F
100
AcDbEntity
  8
Main
100
AcDbLine
 10
401.5917360416949
 20
302.944321727566
 30
0.0
 11
401.5917360416949
 21
298.444321727566
 31
0.0
  0
LINE
  5
15FA
330
1F
100
AcDbEntity
  8
Main
100
AcDbLine
 10
376.591735216834
 20
302.9443218313572
 30
0.0
 11
376.591735216834
 21
298.4443218313572
 31
0.0
  0
LINE
  5
15FC
330
1F
100
AcDbEntity
  8
Main
100
AcDbLine
 10
401.591736041695
 20
302.944321727566
 30
0.0
 11
407.591736041695
 21
302.944321727566
 31
0.0
  0
LINE
  5
1607
330
1F
100
AcDbEntity
  8
Main
100
AcDbLine
 10
116.5917360416951
 20
379.444321727566
 30
0.0
 11
116.5917360416951
 21
190.444321727566
 31
0.0
  0
LINE
  5
1828
330
1F
100
AcDbEntity
  8
Main
100
AcDbLine
 10
311.5917360416951
 20
374.9443217275659
 30
0.0
 11
407.591736041695
 21
374.944321727566
 31
0.0
  0
LINE
  5
1829
330
1F
100
AcDbEntity
  8
Main
100
AcDbLine
 10
311.5917360416951
 20
374.944321727566
 30
0.0
 11
311.5917360416952
 21
302.944321727566
 31
0.0
  0
LINE
  5
182A
330
1F
100
AcDbEntity
  8
Main
100
AcDbLine
 10
305.5917360416951
 20
374.9443217275659
 30
0.0
 11
305.5917360416951
 21
199.4443217275661
 31
0.0
  0
LINE
  5
1EDB
330
1F
100
AcDbEntity
  8
Main
100
AcDbLine
 10
125.5917360416951
 20
199.444321727566
 30
0.0
 11
305.5917360416951
 21
199.4443217275661
 31
0.0
  0
LINE
  5
1EF0
330
1F
100
AcDbEntity
  8
Main
100
AcDbLine
 10
412.091736041695
 20
199.4443217275661
 30
0.0
 11
590.5917360416951
 21
199.4443217275661
 31
0.0
  0
LINE
  5
1EF1
330
1F
100
AcDbEntity
  8
Main
100
AcDbLine
 10
311.5917360416951
 20
199.4443217275661
 30
0.0
 11
407.591736041695
 21
199.4443217275661
 31
0.0
  0
LINE
  5
1EFA
330
1F
100
AcDbEntity
  8
Main
100
AcDbLine
 10
412.091736041695
 20
439.4443217275661
 30
0.0
 11
590.5917360416951
 21
439.4443217275661
 31
0.0
  0
LINE
  5
1EFB
330
1F
100
AcDbEntity
  8
Main
100
AcDbLine
 10
412.091736041695
 20
439.4443217275661
 30
0.0
 11
412.091736041695
 21
433.444321727566
 31
0.0
  0
LINE
  5
1EFC
330
1F
100
AcDbEntity
  8
Main
100
AcDbLine
 10
407.5917360416949
 20
443.9443217275661
 30
0.0
 11
407.591736041695
 21
432.1943217276126
 31
0.0
  0
LINE
  5
1EFD
330
1F
100
AcDbEntity
  8
Main
100
AcDbLine
 10
407.5917360416949
 20
443.9443217275661
 30
0.0
 11
590.5917360416951
 21
443.9443217275661
 31
0.0
  0
LINE
  5
2183
330
1F
100
AcDbEntity
  8
Main
100
AcDbLine
 10
412.091736041695
 20
433.444321727566
 30
0.0
 11
407.5917360416949
 21
433.444321727566
 31
0.0
  0
LINE
  5
2184
330
1F
100
AcDbEntity
  8
Main
100
AcDbLine
 10
412.0917360416951
 20
409.226547427849
 30
0.0
 11
412.0917360416951
 21
379.444321727566
 31
0.0
  0
LINE
  5
2185
330
1F
100
AcDbEntity
  8
Main
100
AcDbLine
 10
407.591736041695
 20
409.6943217276127
 30
0.0
 11
407.591736041695
 21
379.444321727566
 31
0.0
  0
LINE
  5
2BAA
330
1F
100
AcDbEntity
  8
Main
100
AcDbLine
 10
121.0917360416951
 20
455.944321727566
 30
0.0
 11
163.8417354230495
 21
455.944321727566
 31
0.0
  0
LINE
  5
3096
330
1F
100
AcDbEntity
  8
Main
100
AcDbLine
 10
8.591736041695185
 20
460.4443217275661
 30
0.0
 11
116.5917360416951
 21
460.4443217275661
 31
0.0
  0
LINE
  5
30E0
330
1F
100
AcDbEntity
  8
Main
100
AcDbLine
 10
188.5917360416951
 20
667.4443217275661
 30
0.0
 11
188.5917360416951
 21
607.4443217275661
 31
0.0
  0
LINE
  5
30E1
330
1F
100
AcDbEntity
  8
Main
100
AcDbLine
 10
121.0917360416951
 20
503.944321727566
 30
0.0
 11
188.5917360416952
 21
503.944321727566
 31
0.0
  0
LINE
  5
30E2
330
1F
100
AcDbEntity
  8
Main
100
AcDbLine
 10
193.0917360416951
 20
671.9443217275661
 30
0.0
 11
193.0917360416951
 21
606.1943217275195
 31
0.0
  0
LINE
  5
3175
330
1F
100
AcDbEntity
  8
Main
100
AcDbLine
 10
116.5917360416951
 20
451.4443217275661
 30
0.0
 11
116.5917360416951
 21
435.9111534654636
 31
0.0
  0
LINE
  5
3176
330
1F
100
AcDbEntity
  8
Main
100
AcDbLine
 10
8.591736041695185
 20
667.4443217275661
 30
0.0
 11
39.51364912165923
 21
667.4443217275661
 31
0.0
  0
LINE
  5
31C1
330
1F
100
AcDbEntity
  8
Main
100
AcDbLine
 10
116.5917360416951
 20
508.444321727566
 30
0.0
 11
188.5917360416952
 21
508.444321727566
 31
0.0
  0
LINE
  5
31C3
330
1F
100
AcDbEntity
  8
Main
100
AcDbLine
 10
121.0917360416951
 20
503.944321727566
 30
0.0
 11
121.0917360416951
 21
455.944321727566
 31
0.0
  0
LINE
  5
31C4
330
1F
100
AcDbEntity
  8
Main
100
AcDbLine
 10
188.5917360416952
 20
503.944321727566
 30
0.0
 11
188.5917360416951
 21
455.9443217275661
 31
0.0
  0
LINE
  5
31C5
330
1F
100
AcDbEntity
  8
Main
100
AcDbLine
 10
8.591736041695185
 20
779.9443217275661
 30
0.0
 11
80.5917360416952
 21
779.9443217275664
 31
0.0
  0
LINE
  5
31C6
330
1F
100
AcDbEntity
  8
Main
100
AcDbLine
 10
80.59173604169519
 20
671.9443217275661
 30
0.0
 11
80.59173604169519
 21
779.9443217275661
 31
0.0
  0
LINE
  5
31FC
330
1F
100
AcDbEntity
  8
Main
100
AcDbLine
 10
85.09173604169522
 20
671.9443217275661
 30
0.0
 11
85.09173604169522
 21
784.4443217275662
 31
0.0
  0
LINE
  5
31FD
330
1F
100
AcDbEntity
  8
Main
100
AcDbLine
 10
8.591736041695185
 20
784.4443217275661
 30
0.0
 11
80.59173604169519
 21
784.4443217275662
 31
0.0
  0
LINE
  5
31FE
330
1F
100
AcDbEntity
  8
Main
100
AcDbLine
 10
85.09173604169522
 20
671.9443217275661
 30
0.0
 11
193.0917360416951
 21
671.9443217275661
 31
0.0
  0
LINE
  5
349E
330
1F
100
AcDbEntity
  8
Main
100
AcDbLine
 10
182.5917360416951
 20
455.9443217275659
 30
0.0
 11
182.5917360416951
 21
451.4443217275661
 31
0.0
  0
LINE
  5
34A2
330
1F
100
AcDbEntity
  8
Main
100
AcDbLine
 10
182.5917360416952
 20
451.4443217275661
 30
0.0
 11
193.0917360416951
 21
451.4443217275661
 31
0.0
  0
LINE
  5
34A3
330
1F
100
AcDbEntity
  8
Main
100
AcDbLine
 10
182.5917360416951
 20
455.9443217275659
 30
0.0
 11
188.5917360416951
 21
455.9443217275659
 31
0.0
  0
LINE
  5
34A4
330
1F
100
AcDbEntity
  8
Main
100
AcDbLine
 10
163.8417354230495
 20
451.4443218054095
 30
0.0
 11
163.8417354230495
 21
455.944321727566
 31
0.0
  0
LINE
  5
34A6
330
1F
100
AcDbEntity
  8
Main
100
AcDbLine
 10
125.5917360416951
 20
451.4443217275661
 30
0.0
 11
163.8417354230495
 21
451.4443217275661
 31
0.0
  0
LINE
  5
34AA
330
1F
100
AcDbEntity
  8
Main
100
AcDbLine
 10
188.5917360416951
 20
607.4443217275661
 30
0.0
 11
193.0917360416951
 21
607.4443217275661
 31
0.0
  0
LINE
  5
3549
330
1F
100
AcDbEntity
  8
Main
100
AcDbLine
 10
188.5917360416951
 20
582.4443217275661
 30
0.0
 11
193.0917360416951
 21
582.4443217275661
 31
0.0
  0
LINE
  5
354B
330
1F
100
AcDbEntity
  8
Main
100
AcDbLine
 10
188.5917360416951
 20
582.4443217275661
 30
0.0
 11
188.5917360416951
 21
508.444321727566
 31
0.0
  0
LINE
  5
354C
330
1F
100
AcDbEntity
  8
Main
100
AcDbLine
 10
193.0917360416951
 20
583.6943217275195
 30
0.0
 11
193.0917360416951
 21
451.4443217275661
 31
0.0
  0
LINE
  5
3553
330
1F
100
AcDbEntity
  8
Main
100
AcDbLine
 10
8.591736041695185
 20
667.4443217275661
 30
0.0
 11
56.77923542308452
 21
667.4443217275662
 31
0.0
  0
LINE
  5
5F5E
330
1F
100
AcDbEntity
  8
Main
100
AcDbLine
 10
403.0917360416949
 20
683.9443217275661
 30
0.0
 11
590.5917360416951
 21
683.9443217275661
 31
0.0
  0
LINE
  5
5F5F
330
1F
100
AcDbEntity
  8
Main
100
AcDbLine
 10
407.5917360416949
 20
688.4443217275661
 30
0.0
 11
590.5917360416951
 21
688.4443217275661
 31
0.0
  0
LINE
  5
5F71
330
1F
100
AcDbEntity
  8
Main
100
AcDbLine
 10
407.5917360416949
 20
688.4443217275661
 30
0.0
 11
407.591736041695
 21
694.4443217275662
 31
0.0
  0
LINE
  5
5F72
330
1F
100
AcDbEntity
  8
Main
100
AcDbLine
 10
407.5917360416949
 20
892.4443217275662
 30
0.0
 11
566.3417354230493
 21
892.4443217275662
 31
0.0
  0
LINE
  5
5F73
330
1F
100
AcDbEntity
  8
Main
100
AcDbLine
 10
8.591736041695185
 20
896.9443217275662
 30
0.0
 11
46.59173604169518
 21
896.9443217275662
 31
0.0
  0
LINE
  5
5F74
330
1F
100
AcDbEntity
  8
Main
100
AcDbLine
 10
515.5917360416949
 20
896.9443217275662
 30
0.0
 11
515.5917360416949
 21
973.4443217275661
 31
0.0
  0
LINE
  5
5F75
330
1F
100
AcDbEntity
  8
Main
100
AcDbLine
 10
520.091736041695
 20
896.9443217275662
 30
0.0
 11
520.091736041695
 21
968.9443217275661
 31
0.0
  0
LINE
  5
5F76
330
1F
100
AcDbEntity
  8
Main
100
AcDbLine
 10
520.091736041695
 20
968.9443217275661
 30
0.0
 11
590.5917360416951
 21
968.9443217275661
 31
0.0
  0
LINE
  5
5F77
330
1F
100
AcDbEntity
  8
Main
100
AcDbLine
 10
520.091736041695
 20
973.4443217275661
 30
0.0
 11
590.5917360416951
 21
973.4443217275661
 31
0.0
  0
LINE
  5
5F78
330
1F
100
AcDbEntity
  8
Main
100
AcDbLine
 10
520.091736041695
 20
896.9443217275662
 30
0.0
 11
566.3417354230493
 21
896.9443217275662
 31
0.0
  0
LINE
  5
5F79
330
1F
100
AcDbEntity
  8
Main
100
AcDbLine
 10
403.0917360416949
 20
683.9443217275661
 30
0.0
 11
403.0917360416949
 21
695.6943217275195
 31
0.0
  0
LINE
  5
601A
330
1F
100
AcDbEntity
  8
Main
100
AcDbLine
 10
403.0917360416949
 20
694.4443217275662
 30
0.0
 11
407.5917360416949
 21
694.4443217275662
 31
0.0
  0
LINE
  5
601B
330
1F
100
AcDbEntity
  8
Main
100
AcDbLine
 10
403.0917360416949
 20
719.4443217275662
 30
0.0
 11
407.5917360416949
 21
719.4443217275662
 31
0.0
  0
LINE
  5
601C
330
1F
100
AcDbEntity
  8
Main
100
AcDbLine
 10
407.591736041695
 20
719.4443217275662
 30
0.0
 11
407.5917360416949
 21
892.4443217275662
 31
0.0
  0
LINE
  5
6040
330
1F
100
AcDbEntity
  8
Main
100
AcDbLine
 10
403.0917360416949
 20
719.4443217275662
 30
0.0
 11
403.0917360416949
 21
892.4443217275662
 31
0.0
  0
LINE
  5
6041
330
1F
100
AcDbEntity
  8
Main
100
AcDbLine
 10
211.091736041695
 20
671.9443217275661
 30
0.0
 11
211.0917360416949
 21
892.444321727566
 31
0.0
  0
LINE
  5
6042
330
1F
100
AcDbEntity
  8
Main
100
AcDbLine
 10
215.5917360416948
 20
892.444321727566
 30
0.0
 11
403.0917360416949
 21
892.444321727566
 31
0.0
  0
LINE
  5
6043
330
1F
100
AcDbEntity
  8
Main
100
AcDbLine
 10
193.0917360416951
 20
671.9443217275661
 30
0.0
 11
211.091736041695
 21
671.9443217275661
 31
0.0
  0
LINE
  5
6044
330
1F
100
AcDbEntity
  8
Main
100
AcDbLine
 10
193.0917360416951
 20
667.4443217275661
 30
0.0
 11
215.591736041695
 21
667.4443217275661
 31
0.0
  0
LINE
  5
6045
330
1F
100
AcDbEntity
  8
Main
100
AcDbLine
 10
215.591736041695
 20
667.4443217275661
 30
0.0
 11
215.5917360416949
 21
892.444321727566
 31
0.0
  0
LINE
  5
6046
330
1F
100
AcDbEntity
  8
Main
100
AcDbLine
 10
211.0917360416949
 20
892.444321727566
 30
0.0
 11
85.09173604169518
 21
892.444321727566
 31
0.0
  0
LINE
  5
6048
330
1F
100
AcDbEntity
  8
Main
100
AcDbLine
 10
80.59173604169519
 20
671.9443217275661
 30
0.0
 11
74.59173604169524
 21
671.9443217275661
 31
0.0
  0
LINE
  5
604A
330
1F
100
AcDbEntity
  8
Main
100
AcDbLine
 10
74.59173604169521
 20
667.4443218054095
 30
0.0
 11
74.59173604169521
 21
671.9443217275661
 31
0.0
  0
LINE
  5
604B
330
1F
100
AcDbEntity
  8
Main
100
AcDbLine
 10
55.84173542304956
 20
667.4443218054095
 30
0.0
 11
55.84173542304956
 21
671.9443217275661
 31
0.0
  0
LINE
  5
604C
330
1F
100
AcDbEntity
  8
Main
100
AcDbLine
 10
55.84173542304956
 20
671.9443217275661
 30
0.0
 11
8.591736041695185
 21
671.9443217275661
 31
0.0
  0
LINE
  5
6050
330
1F
100
AcDbEntity
  8
Main
100
AcDbLine
 10
73.65423542308445
 20
667.4443217275661
 30
0.0
 11
188.5917360416951
 21
667.4443217275661
 31
0.0
  0
LINE
  5
60D6
330
1F
100
AcDbEntity
  8
Main
100
AcDbLine
 10
515.5917360416949
 20
973.4443217275661
 30
0.0
 11
515.5917360416949
 21
980.3818217275308
 31
0.0
  0
LINE
  5
60D7
330
1F
100
AcDbEntity
  8
Main
100
AcDbLine
 10
520.0917360416948
 20
973.4443217275661
 30
0.0
 11
520.0917360416948
 21
979.4443217275663
 31
0.0
  0
LINE
  5
60D9
330
1F
100
AcDbEntity
  8
Main
100
AcDbLine
 10
585.0917360416949
 20
896.9443217275662
 30
0.0
 11
585.0917360416949
 21
892.4443217275662
 31
0.0
  0
LINE
  5
60DB
330
1F
100
AcDbEntity
  8
Main
100
AcDbLine
 10
566.3417354230493
 20
896.9443217275662
 30
0.0
 11
566.3417354230492
 21
892.4443215718794
 31
0.0
  0
LINE
  5
60DD
330
1F
100
AcDbEntity
  8
Main
100
AcDbLine
 10
585.0917360416949
 20
896.9443217275662
 30
0.0
 11
590.5917360416951
 21
896.9443217275662
 31
0.0
  0
LINE
  5
60DE
330
1F
100
AcDbEntity
  8
Main
100
AcDbLine
 10
585.091736041695
 20
892.4443217275662
 30
0.0
 11
590.5917360416951
 21
892.4443217275662
 31
0.0
  0
LINE
  5
60FA
102
{ACAD_REACTORS
330
61BF
102
}
330
1F
100
AcDbEntity
  8
Main
100
AcDbLine
 10
407.591736041695
 20
338.9443217275661
 30
0.0
 11
412.0917360416951
 21
338.9443217275661
 31
0.0
  0
LINE
  5
60FC
102
{ACAD_REACTORS
330
61BF
102
}
330
1F
100
AcDbEntity
  8
Main
100
AcDbLine
 10
407.591736041695
 20
316.944321727566
 30
0.0
 11
412.0917360416951
 21
316.944321727566
 31
0.0
  0
LINE
  5
60FD
330
1F
100
AcDbEntity
  8
Main
100
AcDbLine
 10
407.591736041695
 20
316.944321727566
 30
0.0
 11
407.591736041695
 21
302.944321727566
 31
0.0
  0
LINE
  5
60FE
102
{ACAD_REACTORS
330
61BF
102
}
330
1F
100
AcDbEntity
  8
Main
100
AcDbLine
 10
411.0917360416951
 20
338.9443217275661
 30
0.0
 11
411.0917360416951
 21
316.944321727566
 31
0.0
  0
HATCH
  5
61BF
330
1F
100
AcDbEntity
  8
Main
 62
    61
420
 15067256
100
AcDbHatch
 10
0.0
 20
0.0
 30
0.0
210
0.0
220
0.0
230
1.0
  2
ANSI31
 70
     0
 71
     1
 91
        1
 92
        7
 72
     0
 73
     1
 93
        4
 10
411.0917360416951
 20
316.944321727566
 10
412.0917360416951
 20
316.944321727566
 10
412.0917360416951
 20
338.9443217275661
 10
411.0917360416951
 20
338.9443217275661
 97
        4
330
60FA
330
60FE
330
60FC
330
A24
 75
     1
 76
     1
 52
0.0
 41
1.0
 77
     0
 78
     1
 53
45.0
 43
-81.61881556002754
 44
121.4567067760492
 45
-0.0883883476483185
 46
0.0883883476483185
 79
     0
 47
0.0547975708143695
 98
        1
 10
411.5285669176255
 20
328.7117823945239
1001
GradientColor1ACI
1070
     5
1001
GradientColor2ACI
1070
     2
1001
ACAD
1010
0.0
1020
0.0
1030
0.0
  0
LINE
  5
9C80
330
1F
100
AcDbEntity
  8
Main
100
AcDbLine
 10
520.091736041695
 20
973.4443217275661
 30
0.0
 11
515.5917360416949
 21
973.4443217275661
 31
0.0
  0
LINE
  5
9C81
330
1F
100
AcDbEntity
  8
Main
100
AcDbLine
 10
520.0917360416948
 20
979.4443217275661
 30
0.0
 11
515.5917360416948
 21
979.4443217275659
 31
0.0
  0
LINE
  5
9C83
330
1F
100
AcDbEntity
  8
Main
100
AcDbLine
 10
520.0917360416948
 20
998.1943217275663
 30
0.0
 11
515.5917360416948
 21
998.1943217275661
 31
0.0
  0
LINE
  5
9C84
330
1F
100
AcDbEntity
  8
Main
100
AcDbLine
 10
520.091736041695
 20
998.1943217275663
 30
0.0
 11
520.091736041695
 21
1072.444321727566
 31
0.0
  0
LINE
  5
9C86
330
1F
100
AcDbEntity
  8
Main
100
AcDbLine
 10
515.5917360416949
 20
997.2568217275309
 30
0.0
 11
515.5917360416949
 21
1072.444321727566
 31
0.0
  0
LINE
  5
9C87
330
1F
100
AcDbEntity
  8
Main
100
AcDbLine
 10
85.09173604169522
 20
784.4443217275662
 30
0.0
 11
85.09173604169522
 21
892.444321727566
 31
0.0
  0
LINE
  5
9C88
330
1F
100
AcDbEntity
  8
Main
100
AcDbLine
 10
80.59173604169519
 20
784.4443217275662
 30
0.0
 11
80.5917360416952
 21
862.4443217275659
 31
0.0
  0
LINE
  5
9C8A
330
1F
100
AcDbEntity
  8
Main
100
AcDbLine
 10
128.5917360416952
 20
896.944321727566
 30
0.0
 11
128.5917360416952
 21
974.9443217275663
 31
0.0
  0
LINE
  5
A89D
330
1F
100
AcDbEntity
  8
Main
100
AcDbLine
 10
133.0917360416952
 20
896.9443217275662
 30
0.0
 11
133.0917360416952
 21
1072.444321727566
 31
0.0
  0
LINE
  5
A89E
330
1F
100
AcDbEntity
  8
Main
100
AcDbLine
 10
133.0917360416952
 20
896.9443217275662
 30
0.0
 11
515.5917360416949
 21
896.9443217275662
 31
0.0
  0
LINE
  5
A89F
330
1F
100
AcDbEntity
  8
Main
100
AcDbLine
 10
80.59173604169519
 20
892.4443217275662
 30
0.0
 11
8.591736041695185
 21
892.444321727566
 31
0.0
  0
LINE
  5
A8A0
330
1F
100
AcDbEntity
  8
Main
100
AcDbLine
 10
80.59173604169519
 20
892.444321727566
 30
0.0
 11
85.09173604169518
 21
892.444321727566
 31
0.0
  0
LINE
  5
A8A1
330
1F
100
AcDbEntity
  8
Main
100
AcDbLine
 10
80.59173604169519
 20
886.444321727566
 30
0.0
 11
85.09173604169518
 21
886.444321727566
 31
0.0
  0
LINE
  5
A8A2
330
1F
100
AcDbEntity
  8
Main
100
AcDbLine
 10
80.59173604169519
 20
862.4443217275659
 30
0.0
 11
85.09173604169518
 21
862.4443217275659
 31
0.0
  0
LINE
  5
A8A3
330
1F
100
AcDbEntity
  8
Main
100
AcDbLine
 10
80.5917360416952
 20
886.444321727566
 30
0.0
 11
80.59173604169519
 21
892.444321727566
 31
0.0
  0
LINE
  5
A8A4
330
1F
100
AcDbEntity
  8
Main
100
AcDbLine
 10
84.09173604169522
 20
862.4443217275659
 30
0.0
 11
84.09173604169522
 21
886.444321727566
 31
0.0
  0
LINE
  5
A8A6
330
1F
100
AcDbEntity
  8
Main
100
AcDbLine
 10
68.59173604169519
 20
892.4443217275662
 30
0.0
 11
68.59173604169519
 21
896.9443217275662
 31
0.0
  0
LINE
  5
A8A7
330
1F
100
AcDbEntity
  8
Main
100
AcDbLine
 10
46.59173604169518
 20
892.4443217275662
 30
0.0
 11
46.59173604169518
 21
896.9443217275662
 31
0.0
  0
LINE
  5
A8A8
330
1F
100
AcDbEntity
  8
Main
100
AcDbLine
 10
68.59173604169519
 20
896.9443217275662
 30
0.0
 11
128.5917360416952
 21
896.9443217275662
 31
0.0
  0
LINE
  5
A8A9
330
1F
100
AcDbEntity
  8
Main
100
AcDbLine
 10
68.59173604169519
 20
893.4443217275662
 30
0.0
 11
46.59173604169518
 21
893.4443217275662
 31
0.0
  0
LINE
  5
A8AA
330
1F
100
AcDbEntity
  8
Main
100
AcDbLine
 10
8.591736041695185
 20
974.9443217275661
 30
0.0
 11
14.59173604169518
 21
974.9443217275663
 31
0.0
  0
LINE
  5
A8AB
330
1F
100
AcDbEntity
  8
Main
100
AcDbLine
 10
8.591736041695185
 20
979.4443217275661
 30
0.0
 11
14.59173604169518
 21
979.4443217275663
 31
0.0
  0
LINE
  5
A8AE
330
1F
100
AcDbEntity
  8
Main
100
AcDbLine
 10
14.59173604169518
 20
979.4443217275661
 30
0.0
 11
14.59173604169518
 21
974.9443217275663
 31
0.0
  0
LINE
  5
A8AF
330
1F
100
AcDbEntity
  8
Main
100
AcDbLine
 10
33.34173666034085
 20
979.4443217275661
 30
0.0
 11
33.34173666034085
 21
974.9443217275663
 31
0.0
  0
LINE
  5
A8B0
330
1F
100
AcDbEntity
  8
Main
100
AcDbLine
 10
33.34173666034086
 20
979.4443217275661
 30
0.0
 11
128.5917360416952
 21
979.4443217275661
 31
0.0
  0
LINE
  5
A8B1
330
1F
100
AcDbEntity
  8
Main
100
AcDbLine
 10
33.34173666034085
 20
974.9443218054096
 30
0.0
 11
128.5917360416952
 21
974.9443217275661
 31
0.0
  0
LINE
  5
A8BE
330
1F
100
AcDbEntity
  8
Main
100
AcDbLine
 10
128.5917360416952
 20
979.4443217275659
 30
0.0
 11
128.5917360416952
 21
1072.444321727566
 31
0.0
  0
LINE
  5
A8C1
330
1F
100
AcDbEntity
  8
Main
100
AcDbLine
 10
111.5917360416952
 20
896.944321727566
 30
0.0
 11
111.5917360416952
 21
974.9443217275663
 31
0.0
  0
LINE
  5
130EF
330
1F
100
AcDbEntity
  8
Main
100
AcDbLine
 10
311.5917360416952
 20
298.444321727566
 30
0.0
 11
311.5917360416951
 21
199.4443217275661
 31
0.0
  0
LINE
  5
1485B
330
1F
100
AcDbEntity
  8
Main
100
AcDbLine
 10
311.5917360416952
 20
298.444321727566
 30
0.0
 11
376.591735216834
 21
298.4443218313572
 31
0.0
  0
LINE
  5
1485C
330
1F
100
AcDbEntity
  8
Main
100
AcDbLine
 10
401.5917360416949
 20
298.444321727566
 30
0.0
 11
407.5917360416949
 21
298.444321727566
 31
0.0
  0
ENDSEC
  0
SECTION
  2
OBJECTS
  0
DICTIONARY
  5
C
330
0
100
AcDbDictionary
281
     1
  3
ACAD_CIP_PREVIOUS_PRODUCT_INFO
350
1A5
  3
ACAD_COLOR
350
73
  3
ACAD_DETAILVIEWSTYLE
350
1AB
  3
ACAD_GROUP
350
D
  3
ACAD_LAST_SAVED_VERSION_INFO
350
245
  3
ACAD_LAYOUT
350
1A
  3
ACAD_MATERIAL
350
72
  3
ACAD_MLEADERSTYLE
350
D7
  3
ACAD_MLINESTYLE
350
17
  3
ACAD_PLOTSETTINGS
350
19
  3
ACAD_PLOTSTYLENAME
350
E
  3
ACAD_SCALELIST
350
B6
  3
ACAD_SECTIONVIEWSTYLE
350
1A8
  3
ACAD_TABLESTYLE
350
86
  3
ACAD_VISUALSTYLE
350
99
  3
ACDB_RECOMPOSE_DATA
350
15A5B
  3
AcDbVariableDictionary
350
66
  0
DICTIONARY
  5
18E
330
2
100
AcDbDictionary
280
     1
281
     1
  3
ACAD_LAYERSTATES
360
18F
  0
DICTIONARY
  5
E6
330
10
100
AcDbDictionary
280
     1
281
     1
  0
DICTIONARY
  5
15D
330
1F
100
AcDbDictionary
280
     1
281
     1
  3
ACAD_SORTENTS
360
25D
  0
DICTIONARY
  5
A27
330
A26
100
AcDbDictionary
280
     1
281
     1
  3
ACAD_SORTENTS
360
A28
  0
DICTIONARY
  5
A7E
330
A7D
100
AcDbDictionary
280
     1
281
     1
  3
ACAD_SORTENTS
360
A7F
  0
DICTIONARY
  5
22B8
330
AD9
100
AcDbDictionary
280
     1
281
     1
  0
DICTIONARY
  5
17D2
330
17D1
100
AcDbDictionary
280
     1
281
     1
  0
DICTIONARY
  5
1D99
330
1D98
100
AcDbDictionary
280
     1
281
     1
  3
ACAD_SORTENTS
360
1D9A
  0
DICTIONARY
  5
2187
330
2186
100
AcDbDictionary
280
     1
281
     1
  3
ACAD_SORTENTS
360
2188
  0
DICTIONARY
  5
2314
330
2313
100
AcDbDictionary
280
     1
281
     1
  3
ACAD_SORTENTS
360
2315
  0
DICTIONARY
  5
2334
330
2333
100
AcDbDictionary
280
     1
281
     1
  0
DICTIONARY
  5
2959
330
2958
100
AcDbDictionary
280
     1
281
     1
  3
ACAD_SORTENTS
360
295A
  0
DICTIONARY
  5
2960
330
295F
100
AcDbDictionary
280
     1
281
     1
  3
ACAD_SORTENTS
360
2961
  0
DICTIONARY
  5
2969
330
2968
100
AcDbDictionary
280
     1
281
     1
  0
XRECORD
  5
1A5
102
{ACAD_REACTORS
330
C
102
}
330
C
100
AcDbXrecord
280
     1
300
ACDLT
300
2024
300

  0
DICTIONARY
  5
73
102
{ACAD_REACTORS
330
C
102
}
330
C
100
AcDbDictionary
281
     1
  0
DICTIONARY
  5
1AB
102
{ACAD_REACTORS
330
C
102
}
330
C
100
AcDbDictionary
281
     1
  3
Imperial24
350
1AC
  3
Metric50
350
7D2
  0
DICTIONARY
  5
D
102
{ACAD_REACTORS
330
C
102
}
330
C
100
AcDbDictionary
281
     1
  0
XRECORD
  5
245
102
{ACAD_REACTORS
330
C
102
}
330
C
100
AcDbXrecord
280
     1
300
{CBE38CCA-34BE-2349-8C18-4FB5B3063AAE}
301
{BDCB18B0-1808-A24C-ADEA-5268B5E39263}
302
{CBE38CCA-34BE-2349-8C18-4FB5B3063AAE}
303
E:\SOFTS\6_BLENDER\Home-plan-Option-1_First-floor-only.dxf
301
{FAF728E6-2620-8144-B275-1C560A30D9DB}
302
{88851350-B45F-BF48-85E9-EBA543DD0EC8}
303
C:\Users\LENOVO\Documents\simple.dwg
  0
DICTIONARY
  5
1A
102
{ACAD_REACTORS
330
C
102
}
330
C
100
AcDbDictionary
281
     1
  3
Layout1
350
59
  3
Layout2
350
5E
  3
Model
350
22
  0
DICTIONARY
  5
72
102
{ACAD_REACTORS
330
C
102
}
330
C
100
AcDbDictionary
281
     1
  3
ByBlock
350
97
  3
ByLayer
350
96
  3
Global
350
98
  0
DICTIONARY
  5
D7
102
{ACAD_REACTORS
330
C
102
}
330
C
100
AcDbDictionary
281
     1
  3
Standard
350
D8
  0
DICTIONARY
  5
17
102
{ACAD_REACTORS
330
C
102
}
330
C
100
AcDbDictionary
281
     1
  3
Standard
350
18
  0
DICTIONARY
  5
19
102
{ACAD_REACTORS
330
C
102
}
330
C
100
AcDbDictionary
281
     1
  0
ACDBDICTIONARYWDFLT
  5
E
102
{ACAD_REACTORS
330
C
102
}
330
C
100
AcDbDictionary
281
     1
  3
Normal
350
F
100
AcDbDictionaryWithDefault
340
F
  0
DICTIONARY
  5
B6
102
{ACAD_REACTORS
330
C
102
}
330
C
100
AcDbDictionary
281
     1
  3
A0
350
B7
  3
A1
350
124
  3
A2
350
125
  3
A3
350
126
  3
A4
350
127
  3
A5
350
128
  3
A6
350
129
  3
A7
350
12A
  3
A8
350
12B
  3
A9
350
12C
  3
B0
350
12D
  3
B1
350
12E
  3
B2
350
12F
  3
B3
350
130
  3
B4
350
131
  3
B5
350
132
  3
B6
350
133
  3
B7
350
134
  3
B8
350
135
  3
B9
350
136
  3
C0
350
137
  3
C1
350
138
  3
C2
350
139
  3
C3
350
13A
  3
C4
350
13B
  3
C5
350
13C
  3
C6
350
13D
  3
C7
350
13E
  3
C8
350
13F
  3
C9
350
140
  3
D0
350
141
  3
D1
350
142
  3
D2
350
143
  0
DICTIONARY
  5
1A8
102
{ACAD_REACTORS
330
C
102
}
330
C
100
AcDbDictionary
281
     1
  3
Imperial24
350
1AA
  3
Metric50
350
7D1
  0
DICTIONARY
  5
86
102
{ACAD_REACTORS
330
C
102
}
330
C
100
AcDbDictionary
281
     1
  3
Standard
350
87
  0
DICTIONARY
  5
99
102
{ACAD_REACTORS
330
C
102
}
330
C
100
AcDbDictionary
281
     1
  3
2dWireframe
350
9F
  3
Basic
350
9E
  3
Brighten
350
A5
  3
ColorChange
350
A9
  3
Conceptual
350
A2
  3
Dim
350
A4
  3
EdgeColorOff
350
175
  3
Facepattern
350
A8
  3
Flat
350
9A
  3
FlatWithEdges
350
9B
  3
Gouraud
350
9C
  3
GouraudWithEdges
350
9D
  3
Hidden
350
A1
  3
JitterOff
350
173
  3
Linepattern
350
A7
  3
OverhangOff
350
174
  3
Realistic
350
A3
  3
Shaded
350
182
  3
Shaded with edges
350
181
  3
Shades of Gray
350
17E
  3
Sketchy
350
17F
  3
Thicken
350
A6
  3
Wireframe
350
A0
  3
X-Ray
350
180
  0
XRECORD
  5
15A5B
102
{ACAD_REACTORS
330
C
102
}
330
C
100
AcDbXrecord
280
     1
 90
        1
330
87
  0
DICTIONARY
  5
66
102
{ACAD_REACTORS
330
C
102
}
330
C
100
AcDbDictionary
281
     1
  3
CANNOSCALE
350
F0
  3
CMLEADERSTYLE
350
EF
  3
CTABLESTYLE
350
89
  3
CVIEWDETAILSTYLE
350
1B7
  3
CVIEWSECTIONSTYLE
350
1B8
  3
DIMASSOC
350
67
  3
HIDETEXT
350
6B
  3
HPCOLOR
350
5D5
  3
HPTRANSPARENCY
350
5D4
  3
LAYEREVAL
350
14D
  3
LAYERNOTIFY
350
14E
  0
DICTIONARY
  5
18F
102
{ACAD_REACTORS
330
18E
102
}
330
18E
100
AcDbDictionary
281
     1
  0
SORTENTSTABLE
  5
25D
102
{ACAD_REACTORS
330
15D
102
}
330
15D
100
AcDbSortentsTable
330
1F
331
5CD
  5
5D0
331
5CE
  5
5F3
331
5CF
  5
5F4
331
5D0
  5
5F5
331
5D1
  5
676
331
5F5
  5
784
331
5F6
  5
12A3
331
621
  5
12A8
331
622
  5
12C0
331
624
  5
12C2
331
625
  5
12AE
331
650
  5
12C3
331
654
  5
12C8
331
733
  5
12CC
331
734
  5
12DD
331
735
  5
12BE
331
76F
  5
12FA
331
77C
  5
12DE
331
77E
  5
12E4
331
77F
  5
1306
331
781
  5
12EC
331
795
  5
12E0
331
7BA
  5
131C
331
9C2
  5
12ED
331
9C3
  5
12EE
331
9EA
  5
130B
331
A21
  5
12F7
331
A23
  5
1321
331
A24
  5
1325
331
A25
  5
1323
331
15F9
  5
A8A5
331
15FA
  5
A8A6
331
15FC
  5
12F8
331
1607
  5
A8A8
331
1828
  5
12F2
331
1829
  5
131E
331
182A
  5
131D
331
1EDB
  5
12E5
331
1EF0
  5
12E7
331
1EF1
  5
12E6
331
1EFA
  5
12E8
331
1EFB
  5
A902
331
1EFC
  5
CEA0
331
1EFD
  5
12E9
331
2183
  5
CEA3
331
2184
  5
A96D
331
2185
  5
CEA1
331
2BAA
  5
12D8
331
3096
  5
12D7
331
30E0
  5
12FD
331
30E1
  5
12DB
331
30E2
  5
1300
331
3175
  5
12FC
331
3176
  5
12CF
331
31C1
  5
12DC
331
31C3
  5
12FB
331
31C4
  5
12FF
331
31C5
  5
12D3
331
31C6
  5
12B8
331
31FC
  5
12BB
331
31FD
  5
12D4
331
31FE
  5
12D2
331
349E
  5
149B0
331
34A2
  5
12CE
331
34A3
  5
12D9
331
34A4
  5
149B2
331
34A6
  5
12CD
331
34AA
  5
149B3
331
3549
  5
149B5
331
354B
  5
12FE
331
354C
  5
1301
331
3553
  5
12D0
331
5F5E
  5
12EA
331
5F5F
  5
12EB
331
5F71
  5
14A1C
331
5F72
  5
14A2A
331
5F73
  5
14A2C
331
5F74
  5
14A33
331
5F75
  5
14A34
331
5F76
  5
14A35
331
5F77
  5
14A36
331
5F78
  5
14A37
331
5F79
  5
14A29
331
601A
  5
14A3A
331
601B
  5
14A49
331
601C
  5
14A1D
331
6040
  5
14A1E
331
6041
  5
14A1F
331
6042
  5
14A4A
331
6043
  5
14A55
331
6044
  5
14A56
331
6045
  5
14A20
331
6046
  5
14A57
331
6048
  5
14A5A
331
604A
  5
14A5C
331
604B
  5
14A5D
331
604C
  5
14A5B
331
6050
  5
12D1
331
60D6
  5
14A99
331
60D7
  5
14A9B
331
60D9
  5
14A9D
331
60DB
  5
14A9F
331
60DD
  5
14A38
331
60DE
  5
14A2B
331
60FA
  5
14AA1
331
60FC
  5
14AA2
331
60FD
  5
1322
331
60FE
  5
1326
331
61BF
  5
1324
331
9C80
  5
14AA4
331
9C81
  5
14AA5
331
9C83
  5
14AA7
331
9C84
  5
14A9C
331
9C86
  5
14A9A
331
9C87
  5
14AA8
331
9C88
  5
14AAA
331
9C8A
  5
12B2
331
A89D
  5
12B7
331
A89E
  5
14A32
331
A89F
  5
14A58
331
A8A0
  5
14AAD
331
A8A1
  5
14AAE
331
A8A2
  5
14AAF
331
A8A3
  5
14AAC
331
A8A4
  5
14AA9
331
A8A6
  5
14AB0
331
A8A7
  5
14AB1
331
A8A8
  5
14A2D
331
A8A9
  5
14A59
331
A8AA
  5
14A2E
331
A8AB
  5
14A30
331
A8AE
  5
14AB2
331
A8AF
  5
14AB3
331
A8B0
  5
14A31
331
A8B1
  5
14A2F
331
A8BE
  5
12B4
331
A8C1
  5
12B3
331
130EF
  5
131F
331
1485B
  5
14AB6
331
1485C
  5
12F9
  0
SORTENTSTABLE
  5
A28
102
{ACAD_REACTORS
330
A27
102
}
330
A27
100
AcDbSortentsTable
330
A26
  0
SORTENTSTABLE
  5
A7F
102
{ACAD_REACTORS
330
A7E
102
}
330
A7E
100
AcDbSortentsTable
330
A7D
  0
SORTENTSTABLE
  5
1D9A
102
{ACAD_REACTORS
330
1D99
102
}
330
1D99
100
AcDbSortentsTable
330
1D98
  0
SORTENTSTABLE
  5
2188
102
{ACAD_REACTORS
330
2187
102
}
330
2187
100
AcDbSortentsTable
330
2186
  0
SORTENTSTABLE
  5
2315
102
{ACAD_REACTORS
330
2314
102
}
330
2314
100
AcDbSortentsTable
330
2313
  0
SORTENTSTABLE
  5
295A
102
{ACAD_REACTORS
330
2959
102
}
330
2959
100
AcDbSortentsTable
330
2958
  0
SORTENTSTABLE
  5
2961
102
{ACAD_REACTORS
330
2960
102
}
330
2960
100
AcDbSortentsTable
330
295F
  0
ACDBDETAILVIEWSTYLE
  5
1AC
102
{ACAD_REACTORS
330
1AB
102
}
330
1AB
100
AcDbModelDocViewStyle
 70
     0
  3
Imperial24
290
     0
300
Imperial24
 90
        0
100
AcDbDetailViewStyle
 70
     0
 71
     0
 90
        3
 71
     1
340
11
 62
   256
 40
0.24
340
0
 62
   256
 40
0.24
300

 40
0.36
280
     3
 71
     2
340
16
 90
       25
 62
   256
 71
     3
340
11
 62
   256
 40
0.24
 90
        1
 40
0.75
 90
        1
300
%<\AcVar ViewType \f "%tc1">% %<\AcVar ViewDetailId>%\PSCALE %<\AcVar ViewScale \f "%sn">%
 71
     4
340
16
 90
       25
 62
   256
340
16
 90
       25
 62
   256
280
     0
  0
ACDBDETAILVIEWSTYLE
  5
7D2
102
{ACAD_REACTORS
330
1AB
102
}
330
1AB
100
AcDbModelDocViewStyle
 70
     0
  3
Metric50
290
     0
300
Metric50
 90
        0
100
AcDbDetailViewStyle
 70
     0
 71
     0
 90
        3
 71
     1
340
11
 62
   256
 40
5.0
340
0
 62
   256
 40
5.0
300

 40
0.0
280
     1
 71
     2
340
16
 90
       25
 62
   256
 71
     3
340
11
 62
   256
 40
5.0
 90
        0
 40
15.0
 90
        1
300
%<\AcVar ViewDetailId>% (%<\AcVar ViewScale \f "%sn">%)
 71
     4
340
16
 90
       25
 62
   256
340
16
 90
       25
 62
   256
280
     0
  0
LAYOUT
  5
59
102
{ACAD_REACTORS
330
1A
102
}
330
1A
100
AcDbPlotSettings
  1

  2
None
  4

  6

 40
0.0
 41
0.0
 42
0.0
 43
0.0
 44
0.0
 45
0.0
 46
0.0
 47
0.0
 48
0.0
 49
0.0
140
0.0
141
0.0
142
1.0
143
1.0
 70
   688
 72
     0
 73
     0
 74
     5
  7

 75
    16
147
1.0
 76
     0
 77
     2
 78
   300
148
0.0
149
0.0
100
AcDbLayout
  1
Layout1
 70
     1
 71
     1
 10
0.0
 20
0.0
 11
12.0
 21
9.0
 12
0.0
 22
0.0
 32
0.0
 14
0.0
 24
0.0
 34
0.0
 15
0.0
 25
0.0
 35
0.0
146
0.0
 13
0.0
 23
0.0
 33
0.0
 16
1.0
 26
0.0
 36
0.0
 17
0.0
 27
1.0
 37
0.0
 76
     0
330
58
  0
LAYOUT
  5
5E
102
{ACAD_REACTORS
330
1A
102
}
330
1A
100
AcDbPlotSettings
  1

  2
None
  4

  6

 40
0.0
 41
0.0
 42
0.0
 43
0.0
 44
0.0
 45
0.0
 46
0.0
 47
0.0
 48
0.0
 49
0.0
140
0.0
141
0.0
142
1.0
143
1.0
 70
   688
 72
     0
 73
     0
 74
     5
  7

 75
    16
147
1.0
 76
     0
 77
     2
 78
   300
148
0.0
149
0.0
100
AcDbLayout
  1
Layout2
 70
     1
 71
     2
 10
0.0
 20
0.0
 11
12.0
 21
9.0
 12
0.0
 22
0.0
 32
0.0
 14
0.0
 24
0.0
 34
0.0
 15
0.0
 25
0.0
 35
0.0
146
0.0
 13
0.0
 23
0.0
 33
0.0
 16
1.0
 26
0.0
 36
0.0
 17
0.0
 27
1.0
 37
0.0
 76
     0
330
5D
  0
LAYOUT
  5
22
102
{ACAD_XDICTIONARY
360
194
102
}
102
{ACAD_REACTORS
330
1A
102
}
330
1A
100
AcDbPlotSettings
  1

  2
none_device
  4
ANSI_A_(8.50_x_11.00_Inches)
  6

 40
6.349999904632568
 41
19.04999923706055
 42
6.350006103515625
 43
19.04998779296875
 44
215.8999938964844
 45
279.3999938964844
 46
0.0
 47
0.0
 48
0.0
 49
0.0
140
0.0
141
0.0
142
1.0
143
2.584895464708373
 70
 11952
 72
     0
 73
     1
 74
     0
  7

 75
     0
147
0.3868628397755418
 76
     0
 77
     2
 78
   300
148
0.0
149
0.0
100
AcDbLayout
  1
Model
 70
     1
 71
     0
 10
0.0
 20
0.0
 11
12.0
 21
9.0
 12
0.0
 22
0.0
 32
0.0
 14
0.0
 24
0.0
 34
0.0
 15
0.0
 25
0.0
 35
0.0
146
0.0
 13
0.0
 23
0.0
 33
0.0
 16
1.0
 26
0.0
 36
0.0
 17
0.0
 27
1.0
 37
0.0
 76
     0
330
1F
331
94
  0
MATERIAL
  5
97
102
{ACAD_XDICTIONARY
360
188
102
}
102
{ACAD_REACTORS
330
72
102
}
330
72
100
AcDbMaterial
  1
ByBlock
 94
       63
  0
MATERIAL
  5
96
102
{ACAD_XDICTIONARY
360
186
102
}
102
{ACAD_REACTORS
330
72
102
}
330
72
100
AcDbMaterial
  1
ByLayer
 94
       63
  0
MATERIAL
  5
98
102
{ACAD_XDICTIONARY
360
110
102
}
102
{ACAD_REACTORS
330
72
102
}
330
72
100
AcDbMaterial
  1
Global
 43
0.0208000000566244
 43
0.0
 43
0.0
 43
0.0
 43
0.0
 43
0.0208000000566244
 43
0.0
 43
0.0
 43
0.0
 43
0.0
 43
1.0
 43
0.0
 43
0.0
 43
0.0
 43
0.0
 43
1.0
 49
0.0208000000566244
 49
0.0
 49
0.0
 49
0.0
 49
0.0
 49
0.0208000000566244
 49
0.0
 49
0.0
 49
0.0
 49
0.0
 49
1.0
 49
0.0
 49
0.0
 49
0.0
 49
0.0
 49
1.0
142
0.0208000000566244
142
0.0
142
0.0
142
0.0
142
0.0
142
0.0208000000566244
142
0.0
142
0.0
142
0.0
142
0.0
142
1.0
142
0.0
142
0.0
142
0.0
142
0.0
142
1.0
144
0.0208000000566244
144
0.0
144
0.0
144
0.0
144
0.0
144
0.0208000000566244
144
0.0
144
0.0
144
0.0
144
0.0
144
1.0
144
0.0
144
0.0
144
0.0
144
0.0
144
1.0
 94
       63
1001
ACAD
1070
    -1
1070
     3
1070
     0
1000

1071
        0
1070
     0
  0
MLEADERSTYLE
  5
D8
102
{ACAD_REACTORS
330
D7
102
}
330
D7
100
AcDbMLeaderStyle
179
     2
170
     2
171
     1
172
     0
 90
        2
 40
0.0
 41
0.0
173
     1
 91
-1056964608
340
14
 92
       -2
290
     1
 42
0.09
291
     1
 43
0.36
  3
Standard
 44
0.18
300

342
11
174
     1
178
     1
175
     1
176
     0
 93
-1056964608
 45
0.18
292
     0
297
     0
 46
0.18
 94
-1056964608
 47
1.0
 49
1.0
140
1.0
293
     1
141
0.0
294
     1
177
     0
142
1.0
295
     0
296
     0
143
0.125
271
     0
272
     9
273
     9
298
     0
  0
MLINESTYLE
  5
18
102
{ACAD_REACTORS
330
17
102
}
330
17
100
AcDbMlineStyle
  2
STANDARD
 70
     0
  3

 62
   256
 51
90.0
 52
90.0
 71
     2
 49
0.5
 62
   256
  6
BYLAYER
 49
-0.5
 62
   256
  6
BYLAYER
  0
ACDBPLACEHOLDER
  5
F
102
{ACAD_REACTORS
330
E
102
}
330
E
  0
SCALE
  5
B7
102
{ACAD_REACTORS
330
B6
102
}
330
B6
100
AcDbScale
 70
     0
300
1:1
140
1.0
141
1.0
290
     1
  0
SCALE
  5
124
102
{ACAD_REACTORS
330
B6
102
}
330
B6
100
AcDbScale
 70
     0
300
1:2
140
1.0
141
2.0
290
     0
  0
SCALE
  5
125
102
{ACAD_REACTORS
330
B6
102
}
330
B6
100
AcDbScale
 70
     0
300
1:4
140
1.0
141
4.0
290
     0
  0
SCALE
  5
126
102
{ACAD_REACTORS
330
B6
102
}
330
B6
100
AcDbScale
 70
     0
300
1:5
140
1.0
141
5.0
290
     0
  0
SCALE
  5
127
102
{ACAD_REACTORS
330
B6
102
}
330
B6
100
AcDbScale
 70
     0
300
1:8
140
1.0
141
8.0
290
     0
  0
SCALE
  5
128
102
{ACAD_REACTORS
330
B6
102
}
330
B6
100
AcDbScale
 70
     0
300
1:10
140
1.0
141
10.0
290
     0
  0
SCALE
  5
129
102
{ACAD_REACTORS
330
B6
102
}
330
B6
100
AcDbScale
 70
     0
300
1:16
140
1.0
141
16.0
290
     0
  0
SCALE
  5
12A
102
{ACAD_REACTORS
330
B6
102
}
330
B6
100
AcDbScale
 70
     0
300
1:20
140
1.0
141
20.0
290
     0
  0
SCALE
  5
12B
102
{ACAD_REACTORS
330
B6
102
}
330
B6
100
AcDbScale
 70
     0
300
1:30
140
1.0
141
30.0
290
     0
  0
SCALE
  5
12C
102
{ACAD_REACTORS
330
B6
102
}
330
B6
100
AcDbScale
 70
     0
300
1:40
140
1.0
141
40.0
290
     0
  0
SCALE
  5
12D
102
{ACAD_REACTORS
330
B6
102
}
330
B6
100
AcDbScale
 70
     0
300
1:50
140
1.0
141
50.0
290
     0
  0
SCALE
  5
12E
102
{ACAD_REACTORS
330
B6
102
}
330
B6
100
AcDbScale
 70
     0
300
1:100
140
1.0
141
100.0
290
     0
  0
SCALE
  5
12F
102
{ACAD_REACTORS
330
B6
102
}
330
B6
100
AcDbScale
 70
     0
300
2:1
140
2.0
141
1.0
290
     0
  0
SCALE
  5
130
102
{ACAD_REACTORS
330
B6
102
}
330
B6
100
AcDbScale
 70
     0
300
4:1
140
4.0
141
1.0
290
     0
  0
SCALE
  5
131
102
{ACAD_REACTORS
330
B6
102
}
330
B6
100
AcDbScale
 70
     0
300
8:1
140
8.0
141
1.0
290
     0
  0
SCALE
  5
132
102
{ACAD_REACTORS
330
B6
102
}
330
B6
100
AcDbScale
 70
     0
300
10:1
140
10.0
141
1.0
290
     0
  0
SCALE
  5
133
102
{ACAD_REACTORS
330
B6
102
}
330
B6
100
AcDbScale
 70
     0
300
100:1
140
100.0
141
1.0
290
     0
  0
SCALE
  5
134
102
{ACAD_REACTORS
330
B6
102
}
330
B6
100
AcDbScale
 70
     0
300
1/128" = 1'-0"
140
0.0078125
141
12.0
290
     0
  0
SCALE
  5
135
102
{ACAD_REACTORS
330
B6
102
}
330
B6
100
AcDbScale
 70
     0
300
1/64" = 1'-0"
140
0.015625
141
12.0
290
     0
  0
SCALE
  5
136
102
{ACAD_REACTORS
330
B6
102
}
330
B6
100
AcDbScale
 70
     0
300
1/32" = 1'-0"
140
0.03125
141
12.0
290
     0
  0
SCALE
  5
137
102
{ACAD_REACTORS
330
B6
102
}
330
B6
100
AcDbScale
 70
     0
300
1/16" = 1'-0"
140
0.0625
141
12.0
290
     0
  0
SCALE
  5
138
102
{ACAD_REACTORS
330
B6
102
}
330
B6
100
AcDbScale
 70
     0
300
3/32" = 1'-0"
140
0.09375
141
12.0
290
     0
  0
SCALE
  5
139
102
{ACAD_REACTORS
330
B6
102
}
330
B6
100
AcDbScale
 70
     0
300
1/8" = 1'-0"
140
0.125
141
12.0
290
     0
  0
SCALE
  5
13A
102
{ACAD_REACTORS
330
B6
102
}
330
B6
100
AcDbScale
 70
     0
300
3/16" = 1'-0"
140
0.1875
141
12.0
290
     0
  0
SCALE
  5
13B
102
{ACAD_REACTORS
330
B6
102
}
330
B6
100
AcDbScale
 70
     0
300
1/4" = 1'-0"
140
0.25
141
12.0
290
     0
  0
SCALE
  5
13C
102
{ACAD_REACTORS
330
B6
102
}
330
B6
100
AcDbScale
 70
     0
300
3/8" = 1'-0"
140
0.375
141
12.0
290
     0
  0
SCALE
  5
13D
102
{ACAD_REACTORS
330
B6
102
}
330
B6
100
AcDbScale
 70
     0
300
1/2" = 1'-0"
140
0.5
141
12.0
290
     0
  0
SCALE
  5
13E
102
{ACAD_REACTORS
330
B6
102
}
330
B6
100
AcDbScale
 70
     0
300
3/4" = 1'-0"
140
0.75
141
12.0
290
     0
  0
SCALE
  5
13F
102
{ACAD_REACTORS
330
B6
102
}
330
B6
100
AcDbScale
 70
     0
300
1" = 1'-0"
140
1.0
141
12.0
290
     0
  0
SCALE
  5
140
102
{ACAD_REACTORS
330
B6
102
}
330
B6
100
AcDbScale
 70
     0
300
1-1/2" = 1'-0"
140
1.5
141
12.0
290
     0
  0
SCALE
  5
141
102
{ACAD_REACTORS
330
B6
102
}
330
B6
100
AcDbScale
 70
     0
300
3" = 1'-0"
140
3.0
141
12.0
290
     0
  0
SCALE
  5
142
102
{ACAD_REACTORS
330
B6
102
}
330
B6
100
AcDbScale
 70
     0
300
6" = 1'-0"
140
6.0
141
12.0
290
     0
  0
SCALE
  5
143
102
{ACAD_REACTORS
330
B6
102
}
330
B6
100
AcDbScale
 70
     0
300
1'-0" = 1'-0"
140
12.0
141
12.0
290
     0
  0
ACDBSECTIONVIEWSTYLE
  5
1AA
102
{ACAD_REACTORS
330
1A8
102
}
330
1A8
100
AcDbModelDocViewStyle
 70
     0
  3
Imperial24
290
     0
300
Imperial24
 90
        0
100
AcDbSectionViewStyle
 70
     0
 71
     0
 90
       78
 71
     1
340
11
 62
   256
 40
0.24
340
0
340
0
 62
   256
 40
0.24
300
I, O, Q, S, X, Z
 40
0.48
 90
        3
 40
0.18
 90
        1
 71
     2
340
16
 90
       25
 62
   256
340
16
 90
       50
 62
   256
 40
0.24
 40
0.0
 40
0.24
 71
     3
340
11
 62
   256
 40
0.24
 90
        1
 40
0.75
 90
        1
300
%<\AcVar ViewType \f "%tc1">% %<\AcVar ViewSectionStartId>%-%<\AcVar ViewSectionEndId>%\PSCALE %<\AcVar ViewScale \f "%sn">%
 71
     4
 62
   256
 62
   257
300
ANSI31
 40
1.0
 90
        0
290
     0
290
     0
 90
        6
 40
0.0
 40
1.570796326794896
 40
0.2617993877991494
 40
1.308996938995747
 40
-0.2617993877991494
 40
1.832595714594046
  0
ACDBSECTIONVIEWSTYLE
  5
7D1
102
{ACAD_REACTORS
330
1A8
102
}
330
1A8
100
AcDbModelDocViewStyle
 70
     0
  3
Metric50
290
     0
300
Metric50
 90
        0
100
AcDbSectionViewStyle
 70
     0
 71
     0
 90
      102
 71
     1
340
11
 62
   256
 40
5.0
340
0
340
0
 62
   256
 40
5.0
300
I, O, Q, S, X, Z
 40
10.0
 90
        0
 40
2.5
 90
        0
 71
     2
340
16
 90
       25
 62
   256
340
16
 90
       50
 62
   256
 40
5.0
 40
2.5
 40
5.0
 71
     3
340
11
 62
   256
 40
5.0
 90
        0
 40
15.0
 90
        1
300
%<\AcVar ViewSectionStartId>%-%<\AcVar ViewSectionEndId>% (%<\AcVar ViewScale \f "%sn">%)
 71
     4
 62
   256
 62
   257
300
ANSI31
 40
1.0
 90
        0
290
     0
290
     0
 90
        6
 40
0.0
 40
1.570796326794896
 40
0.2617993877991494
 40
1.308996938995747
 40
-0.2617993877991494
 40
1.832595714594046
  0
TABLESTYLE
  5
87
102
{ACAD_XDICTIONARY
360
104
102
}
102
{ACAD_REACTORS
330
86
102
}
330
86
100
AcDbTableStyle
280
     0
  3
Standard
 70
     0
 71
     0
 40
0.06
 41
0.06
280
     0
281
     0
  7
Standard
140
0.18
170
     2
 62
     0
 63
     7
283
     0
 90
      512
 91
        0
  1

274
    -2
284
     1
 64
     0
275
    -2
285
     1
 65
     0
276
    -2
286
     1
 66
     0
277
    -2
287
     1
 67
     0
278
    -2
288
     1
 68
     0
279
    -2
289
     1
 69
     0
  7
Standard
140
0.25
170
     5
 62
     0
 63
     7
283
     0
 90
      512
 91
        0
  1

274
    -2
284
     1
 64
     0
275
    -2
285
     1
 65
     0
276
    -2
286
     1
 66
     0
277
    -2
287
     1
 67
     0
278
    -2
288
     1
 68
     0
279
    -2
289
     1
 69
     0
  7
Standard
140
0.18
170
     5
 62
     0
 63
     7
283
     0
 90
      512
 91
        0
  1

274
    -2
284
     1
 64
     0
275
    -2
285
     1
 65
     0
276
    -2
286
     1
 66
     0
277
    -2
287
     1
 67
     0
278
    -2
288
     1
 68
     0
279
    -2
289
     1
 69
     0
  0
VISUALSTYLE
  5
9F
102
{ACAD_REACTORS
330
99
102
}
330
99
100
AcDbVisualStyle
  2
2dWireframe
 70
     4
177
     3
291
     0
 70
    58
 90
        0
176
     1
 90
        2
176
     1
 90
        1
176
     1
 90
        0
176
     1
 40
0.6
176
     1
 40
30.0
176
     1
 62
     7
420
 16777215
176
     1
 90
        1
176
     1
 90
        4
176
     1
 62
     7
176
     1
 62
   257
176
     1
 90
        1
176
     1
 90
        1
176
     1
 40
1.0
176
     1
 90
        0
176
     1
 62
   257
176
     1
 40
1.0
176
     1
 90
        1
176
     1
 90
        6
176
     1
 90
        2
176
     1
 62
     7
176
     1
 90
        5
176
     1
 90
        0
176
     1
 90
        0
176
     1
290
     0
176
     1
 90
        1
176
     1
 40
0.0
176
     1
 90
        0
176
     1
290
     1
176
     1
290
     1
176
     1
290
     0
176
     1
290
     0
176
     1
290
     0
176
     1
290
     0
176
     1
290
     0
176
     1
290
     0
176
     1
290
     0
176
     1
 90
       50
176
     1
 40
0.0
176
     1
 40
1.0
176
     1
 90
        0
176
     1
 62
    18
420
        0
176
     1
 90
       50
176
     1
 90
        3
176
     1
 62
     5
420
      255
176
     1
290
     0
176
     1
 90
       50
176
     1
 90
       50
176
     1
 90
       50
176
     1
290
     0
176
     1
 90
       50
176
     1
 62
   256
176
     0
 40
1.0
176
     0
 90
        2
176
     1
  1
strokes_ogs.tif
176
     1
290
     0
176
     1
 40
1.0
176
     1
 40
1.0
176
     1
  0
VISUALSTYLE
  5
9E
102
{ACAD_REACTORS
330
99
102
}
330
99
100
AcDbVisualStyle
  2
Basic
 70
     7
177
     3
291
     1
 70
    58
 90
        1
176
     1
 90
        0
176
     1
 90
        1
176
     1
 90
        0
176
     1
 40
0.6
176
     1
 40
30.0
176
     1
 62
     7
420
 16777215
176
     1
 90
        0
176
     1
 90
        4
176
     1
 62
     7
176
     1
 62
   257
176
     1
 90
        1
176
     1
 90
        1
176
     1
 40
1.0
176
     1
 90
        8
176
     1
 62
     7
176
     1
 40
1.0
176
     1
 90
        1
176
     1
 90
        6
176
     1
 90
        2
176
     1
 62
     7
176
     1
 90
        5
176
     1
 90
        0
176
     1
 90
        0
176
     1
290
     0
176
     1
 90
        1
176
     1
 40
0.0
176
     1
 90
        0
176
     1
290
     0
176
     1
290
     1
176
     1
290
     1
176
     1
290
     0
176
     1
290
     0
176
     1
290
     0
176
     1
290
     0
176
     1
290
     0
176
     1
290
     0
176
     1
 90
       50
176
     1
 40
0.0
176
     1
 40
1.0
176
     1
 90
        0
176
     1
 62
    18
420
        0
176
     1
 90
       50
176
     1
 90
        3
176
     1
 62
     5
420
      255
176
     1
290
     0
176
     1
 90
       50
176
     1
 90
       50
176
     1
 90
       50
176
     1
290
     0
176
     1
 90
       50
176
     1
 62
   256
176
     0
 40
1.0
176
     0
 90
        2
176
     1
  1
strokes_ogs.tif
176
     1
290
     0
176
     1
 40
1.0
176
     1
 40
1.0
176
     1
  0
VISUALSTYLE
  5
A5
102
{ACAD_REACTORS
330
99
102
}
330
99
100
AcDbVisualStyle
  2
Brighten
 70
    12
177
     3
291
     1
 70
    58
 90
        2
176
     1
 90
        2
176
     1
 90
        1
176
     1
 90
        0
176
     1
 40
0.6
176
     1
 40
30.0
176
     1
 62
     7
420
 16777215
176
     1
 90
        1
176
     1
 90
        4
176
     1
 62
     7
176
     1
 62
   257
176
     1
 90
        1
176
     1
 90
        1
176
     1
 40
1.0
176
     1
 90
        8
176
     1
 62
     7
176
     1
 40
1.0
176
     1
 90
        1
176
     1
 90
        6
176
     1
 90
        2
176
     1
 62
     7
176
     1
 90
        5
176
     1
 90
        0
176
     1
 90
        0
176
     1
290
     0
176
     1
 90
        1
176
     1
 40
50.0
176
     1
 90
        0
176
     1
290
     0
176
     1
290
     1
176
     1
290
     1
176
     1
290
     0
176
     1
290
     0
176
     1
290
     0
176
     1
290
     0
176
     1
290
     0
176
     1
290
     0
176
     1
 90
       50
176
     1
 40
0.0
176
     1
 40
1.0
176
     1
 90
        0
176
     1
 62
    18
420
        0
176
     1
 90
       50
176
     1
 90
        3
176
     1
 62
     5
420
      255
176
     1
290
     0
176
     1
 90
       50
176
     1
 90
       50
176
     1
 90
       50
176
     1
290
     0
176
     1
 90
       50
176
     1
 62
   256
176
     0
 40
1.0
176
     0
 90
        2
176
     1
  1
strokes_ogs.tif
176
     1
290
     0
176
     1
 40
1.0
176
     1
 40
1.0
176
     1
  0
VISUALSTYLE
  5
A9
102
{ACAD_REACTORS
330
99
102
}
330
99
100
AcDbVisualStyle
  2
ColorChange
 70
    16
177
     3
291
     1
 70
    58
 90
        2
176
     1
 90
        2
176
     1
 90
        3
176
     1
 90
        0
176
     1
 40
0.6
176
     1
 40
30.0
176
     1
 62
     8
420
  8421504
176
     1
 90
        1
176
     1
 90
        4
176
     1
 62
     7
176
     1
 62
   257
176
     1
 90
        1
176
     1
 90
        1
176
     1
 40
1.0
176
     1
 90
        8
176
     1
 62
     8
420
  8421504
176
     1
 40
1.0
176
     1
 90
        1
176
     1
 90
        6
176
     1
 90
        2
176
     1
 62
     7
176
     1
 90
        5
176
     1
 90
        0
176
     1
 90
        0
176
     1
290
     0
176
     1
 90
        1
176
     1
 40
0.0
176
     1
 90
        0
176
     1
290
     0
176
     1
290
     1
176
     1
290
     1
176
     1
290
     0
176
     1
290
     0
176
     1
290
     0
176
     1
290
     0
176
     1
290
     0
176
     1
290
     0
176
     1
 90
       50
176
     1
 40
0.0
176
     1
 40
1.0
176
     1
 90
        0
176
     1
 62
    18
420
        0
176
     1
 90
       50
176
     1
 90
        3
176
     1
 62
     5
420
      255
176
     1
290
     0
176
     1
 90
       50
176
     1
 90
       50
176
     1
 90
       50
176
     1
290
     0
176
     1
 90
       50
176
     1
 62
   256
176
     0
 40
1.0
176
     0
 90
        2
176
     1
  1
strokes_ogs.tif
176
     1
290
     0
176
     1
 40
1.0
176
     1
 40
1.0
176
     1
  0
VISUALSTYLE
  5
A2
102
{ACAD_REACTORS
330
99
102
}
330
99
100
AcDbVisualStyle
  2
Conceptual
 70
     9
177
     3
291
     0
 70
    58
 90
        3
176
     1
 90
        2
176
     1
 90
        1
176
     1
 90
        0
176
     1
 40
0.6
176
     1
 40
30.0
176
     1
 62
     7
420
 16777215
176
     1
 90
        2
176
     1
 90
        2
176
     1
 62
     7
176
     1
 62
   257
176
     1
 90
        1
176
     1
 90
        1
176
     1
 40
40.0
176
     1
 90
        8
176
     1
 62
     7
176
     1
 40
1.0
176
     1
 90
        1
176
     1
 90
        6
176
     1
 90
        2
176
     1
 62
     7
176
     1
 90
        3
176
     1
 90
        0
176
     1
 90
        0
176
     1
290
     0
176
     1
 90
        1
176
     1
 40
0.0
176
     1
 90
        0
176
     1
290
     0
176
     1
290
     1
176
     1
290
     1
176
     1
290
     0
176
     1
290
     0
176
     1
290
     0
176
     1
290
     0
176
     1
290
     0
176
     1
290
     0
176
     1
 90
       50
176
     1
 40
0.0
176
     1
 40
1.0
176
     1
 90
        0
176
     1
 62
    18
420
        0
176
     1
 90
       50
176
     1
 90
        3
176
     1
 62
     5
420
      255
176
     1
290
     0
176
     1
 90
       50
176
     1
 90
       50
176
     1
 90
       50
176
     1
290
     0
176
     1
 90
       50
176
     1
 62
   256
176
     0
 40
1.0
176
     0
 90
        2
176
     1
  1
strokes_ogs.tif
176
     1
290
     0
176
     1
 40
1.0
176
     1
 40
1.0
176
     1
  0
VISUALSTYLE
  5
A4
102
{ACAD_REACTORS
330
99
102
}
330
99
100
AcDbVisualStyle
  2
Dim
 70
    11
177
     3
291
     1
 70
    58
 90
        2
176
     1
 90
        2
176
     1
 90
        1
176
     1
 90
        0
176
     1
 40
0.6
176
     1
 40
30.0
176
     1
 62
     7
420
 16777215
176
     1
 90
        1
176
     1
 90
        4
176
     1
 62
     7
176
     1
 62
   257
176
     1
 90
        1
176
     1
 90
        1
176
     1
 40
1.0
176
     1
 90
        8
176
     1
 62
     7
176
     1
 40
1.0
176
     1
 90
        1
176
     1
 90
        6
176
     1
 90
        2
176
     1
 62
     7
176
     1
 90
        5
176
     1
 90
        0
176
     1
 90
        0
176
     1
290
     0
176
     1
 90
        1
176
     1
 40
-50.0
176
     1
 90
        0
176
     1
290
     0
176
     1
290
     1
176
     1
290
     1
176
     1
290
     0
176
     1
290
     0
176
     1
290
     0
176
     1
290
     0
176
     1
290
     0
176
     1
290
     0
176
     1
 90
       50
176
     1
 40
0.0
176
     1
 40
1.0
176
     1
 90
        0
176
     1
 62
    18
420
        0
176
     1
 90
       50
176
     1
 90
        3
176
     1
 62
     5
420
      255
176
     1
290
     0
176
     1
 90
       50
176
     1
 90
       50
176
     1
 90
       50
176
     1
290
     0
176
     1
 90
       50
176
     1
 62
   256
176
     0
 40
1.0
176
     0
 90
        2
176
     1
  1
strokes_ogs.tif
176
     1
290
     0
176
     1
 40
1.0
176
     1
 40
1.0
176
     1
  0
VISUALSTYLE
  5
175
102
{ACAD_REACTORS
330
99
102
}
330
99
100
AcDbVisualStyle
  2
EdgeColorOff
 70
    22
177
     3
291
     1
 70
    58
 90
        2
176
     0
 90
        2
176
     0
 90
        0
176
     0
 90
        0
176
     0
 40
0.6
176
     0
 40
30.0
176
     0
 62
     7
420
 16777215
176
     0
 90
        1
176
     0
 90
        4
176
     0
 62
     7
176
     0
 62
   257
176
     0
 90
        1
176
     0
 90
        1
176
     0
 40
1.0
176
     0
 90
        8
176
     2
 62
     7
176
     0
 40
1.0
176
     0
 90
        1
176
     0
 90
        6
176
     0
 90
        2
176
     0
 62
     7
176
     0
 90
        5
176
     0
 90
        0
176
     0
 90
        0
176
     0
290
     0
176
     0
 90
        1
176
     0
 40
0.0
176
     0
 90
        0
176
     0
290
     0
176
     1
290
     1
176
     1
290
     1
176
     1
290
     0
176
     1
290
     0
176
     1
290
     0
176
     1
290
     0
176
     1
290
     0
176
     1
290
     0
176
     1
 90
       50
176
     1
 40
0.0
176
     1
 40
1.0
176
     1
 90
        0
176
     1
 62
    18
420
        0
176
     1
 90
       50
176
     1
 90
        3
176
     1
 62
     5
420
      255
176
     1
290
     0
176
     1
 90
       50
176
     1
 90
       50
176
     1
 90
       50
176
     1
290
     0
176
     1
 90
       50
176
     1
 62
   256
176
     0
 40
1.0
176
     0
 90
        2
176
     1
  1
strokes_ogs.tif
176
     1
290
     0
176
     1
 40
1.0
176
     1
 40
1.0
176
     1
  0
VISUALSTYLE
  5
A8
102
{ACAD_REACTORS
330
99
102
}
330
99
100
AcDbVisualStyle
  2
Facepattern
 70
    15
177
     3
291
     1
 70
    58
 90
        2
176
     1
 90
        2
176
     1
 90
        1
176
     1
 90
        0
176
     1
 40
0.6
176
     1
 40
30.0
176
     1
 62
     7
420
 16777215
176
     1
 90
        1
176
     1
 90
        4
176
     1
 62
     7
176
     1
 62
   257
176
     1
 90
        1
176
     1
 90
        1
176
     1
 40
1.0
176
     1
 90
        8
176
     1
 62
     7
176
     1
 40
1.0
176
     1
 90
        1
176
     1
 90
        6
176
     1
 90
        2
176
     1
 62
     7
176
     1
 90
        5
176
     1
 90
        0
176
     1
 90
        0
176
     1
290
     0
176
     1
 90
        1
176
     1
 40
0.0
176
     1
 90
        0
176
     1
290
     0
176
     1
290
     1
176
     1
290
     1
176
     1
290
     0
176
     1
290
     0
176
     1
290
     0
176
     1
290
     0
176
     1
290
     0
176
     1
290
     0
176
     1
 90
       50
176
     1
 40
0.0
176
     1
 40
1.0
176
     1
 90
        0
176
     1
 62
    18
420
        0
176
     1
 90
       50
176
     1
 90
        3
176
     1
 62
     5
420
      255
176
     1
290
     0
176
     1
 90
       50
176
     1
 90
       50
176
     1
 90
       50
176
     1
290
     0
176
     1
 90
       50
176
     1
 62
   256
176
     0
 40
1.0
176
     0
 90
        2
176
     1
  1
strokes_ogs.tif
176
     1
290
     0
176
     1
 40
1.0
176
     1
 40
1.0
176
     1
  0
VISUALSTYLE
  5
9A
102
{ACAD_REACTORS
330
99
102
}
330
99
100
AcDbVisualStyle
  2
Flat
 70
     0
177
     3
291
     1
 70
    58
 90
        2
176
     1
 90
        1
176
     1
 90
        1
176
     1
 90
        2
176
     1
 40
0.6
176
     1
 40
30.0
176
     1
 62
     7
420
 16777215
176
     1
 90
        0
176
     1
 90
        0
176
     1
 62
     7
176
     1
 62
   257
176
     1
 90
        1
176
     1
 90
        1
176
     1
 40
1.0
176
     1
 90
        8
176
     1
 62
     7
176
     1
 40
1.0
176
     1
 90
        1
176
     1
 90
        6
176
     1
 90
        2
176
     1
 62
     7
176
     1
 90
        5
176
     1
 90
        0
176
     1
 90
        0
176
     1
290
     0
176
     1
 90
       13
176
     1
 40
0.0
176
     1
 90
        0
176
     1
290
     0
176
     1
290
     1
176
     1
290
     1
176
     1
290
     0
176
     1
290
     0
176
     1
290
     0
176
     1
290
     0
176
     1
290
     0
176
     1
290
     0
176
     1
 90
       50
176
     1
 40
0.0
176
     1
 40
1.0
176
     1
 90
        0
176
     1
 62
    18
420
        0
176
     1
 90
       50
176
     1
 90
        3
176
     1
 62
     5
420
      255
176
     1
290
     0
176
     1
 90
       50
176
     1
 90
       50
176
     1
 90
       50
176
     1
290
     0
176
     1
 90
       50
176
     1
 62
   256
176
     0
 40
1.0
176
     0
 90
        2
176
     1
  1
strokes_ogs.tif
176
     1
290
     0
176
     1
 40
1.0
176
     1
 40
1.0
176
     1
  0
VISUALSTYLE
  5
9B
102
{ACAD_REACTORS
330
99
102
}
330
99
100
AcDbVisualStyle
  2
FlatWithEdges
 70
     1
177
     3
291
     1
 70
    58
 90
        2
176
     1
 90
        1
176
     1
 90
        1
176
     1
 90
        2
176
     1
 40
0.6
176
     1
 40
30.0
176
     1
 62
     7
420
 16777215
176
     1
 90
        1
176
     1
 90
        0
176
     1
 62
     7
176
     1
 62
   257
176
     1
 90
        1
176
     1
 90
        1
176
     1
 40
1.0
176
     1
 90
        0
176
     1
 62
   257
176
     1
 40
1.0
176
     1
 90
        1
176
     1
 90
        6
176
     1
 90
        2
176
     1
 62
     7
176
     1
 90
        5
176
     1
 90
        0
176
     1
 90
        0
176
     1
290
     0
176
     1
 90
       13
176
     1
 40
0.0
176
     1
 90
        0
176
     1
290
     0
176
     1
290
     1
176
     1
290
     1
176
     1
290
     0
176
     1
290
     0
176
     1
290
     0
176
     1
290
     0
176
     1
290
     0
176
     1
290
     0
176
     1
 90
       50
176
     1
 40
0.0
176
     1
 40
1.0
176
     1
 90
        0
176
     1
 62
    18
420
        0
176
     1
 90
       50
176
     1
 90
        3
176
     1
 62
     5
420
      255
176
     1
290
     0
176
     1
 90
       50
176
     1
 90
       50
176
     1
 90
       50
176
     1
290
     0
176
     1
 90
       50
176
     1
 62
   256
176
     0
 40
1.0
176
     0
 90
        2
176
     1
  1
strokes_ogs.tif
176
     1
290
     0
176
     1
 40
1.0
176
     1
 40
1.0
176
     1
  0
VISUALSTYLE
  5
9C
102
{ACAD_REACTORS
330
99
102
}
330
99
100
AcDbVisualStyle
  2
Gouraud
 70
     2
177
     3
291
     1
 70
    58
 90
        2
176
     1
 90
        2
176
     1
 90
        1
176
     1
 90
        2
176
     1
 40
0.6
176
     1
 40
30.0
176
     1
 62
     7
420
 16777215
176
     1
 90
        0
176
     1
 90
        0
176
     1
 62
     7
176
     1
 62
   257
176
     1
 90
        1
176
     1
 90
        1
176
     1
 40
1.0
176
     1
 90
        0
176
     1
 62
     7
176
     1
 40
1.0
176
     1
 90
        1
176
     1
 90
        6
176
     1
 90
        2
176
     1
 62
     7
176
     1
 90
        5
176
     1
 90
        0
176
     1
 90
        0
176
     1
290
     0
176
     1
 90
       13
176
     1
 40
0.0
176
     1
 90
        0
176
     1
290
     0
176
     1
290
     1
176
     1
290
     1
176
     1
290
     0
176
     1
290
     0
176
     1
290
     0
176
     1
290
     0
176
     1
290
     0
176
     1
290
     0
176
     1
 90
       50
176
     1
 40
0.0
176
     1
 40
1.0
176
     1
 90
        0
176
     1
 62
    18
420
        0
176
     1
 90
       50
176
     1
 90
        3
176
     1
 62
     5
420
      255
176
     1
290
     0
176
     1
 90
       50
176
     1
 90
       50
176
     1
 90
       50
176
     1
290
     0
176
     1
 90
       50
176
     1
 62
   256
176
     0
 40
1.0
176
     0
 90
        2
176
     1
  1
strokes_ogs.tif
176
     1
290
     0
176
     1
 40
1.0
176
     1
 40
1.0
176
     1
  0
VISUALSTYLE
  5
9D
102
{ACAD_REACTORS
330
99
102
}
330
99
100
AcDbVisualStyle
  2
GouraudWithEdges
 70
     3
177
     3
291
     1
 70
    58
 90
        2
176
     1
 90
        2
176
     1
 90
        1
176
     1
 90
        2
176
     1
 40
0.6
176
     1
 40
30.0
176
     1
 62
     7
420
 16777215
176
     1
 90
        1
176
     1
 90
        0
176
     1
 62
     7
176
     1
 62
   257
176
     1
 90
        1
176
     1
 90
        1
176
     1
 40
1.0
176
     1
 90
        0
176
     1
 62
   257
176
     1
 40
1.0
176
     1
 90
        1
176
     1
 90
        6
176
     1
 90
        2
176
     1
 62
     7
176
     1
 90
        5
176
     1
 90
        0
176
     1
 90
        0
176
     1
290
     0
176
     1
 90
       13
176
     1
 40
0.0
176
     1
 90
        0
176
     1
290
     0
176
     1
290
     1
176
     1
290
     1
176
     1
290
     0
176
     1
290
     0
176
     1
290
     0
176
     1
290
     0
176
     1
290
     0
176
     1
290
     0
176
     1
 90
       50
176
     1
 40
0.0
176
     1
 40
1.0
176
     1
 90
        0
176
     1
 62
    18
420
        0
176
     1
 90
       50
176
     1
 90
        3
176
     1
 62
     5
420
      255
176
     1
290
     0
176
     1
 90
       50
176
     1
 90
       50
176
     1
 90
       50
176
     1
290
     0
176
     1
 90
       50
176
     1
 62
   256
176
     0
 40
1.0
176
     0
 90
        2
176
     1
  1
strokes_ogs.tif
176
     1
290
     0
176
     1
 40
1.0
176
     1
 40
1.0
176
     1
  0
VISUALSTYLE
  5
A1
102
{ACAD_REACTORS
330
99
102
}
330
99
100
AcDbVisualStyle
  2
Hidden
 70
     6
177
     3
291
     0
 70
    58
 90
        1
176
     1
 90
        2
176
     1
 90
        2
176
     1
 90
        0
176
     1
 40
0.6
176
     1
 40
30.0
176
     1
 62
     7
420
 16777215
176
     1
 90
        2
176
     1
 90
        2
176
     1
 62
     7
176
     1
 62
   257
176
     1
 90
        2
176
     1
 90
        1
176
     1
 40
40.0
176
     1
 90
        0
176
     1
 62
   257
176
     1
 40
1.0
176
     1
 90
        1
176
     1
 90
        6
176
     1
 90
        2
176
     1
 62
     7
176
     1
 90
        3
176
     1
 90
        0
176
     1
 90
        0
176
     1
290
     0
176
     1
 90
        1
176
     1
 40
0.0
176
     1
 90
        0
176
     1
290
     0
176
     1
290
     1
176
     1
290
     1
176
     1
290
     0
176
     1
290
     0
176
     1
290
     0
176
     1
290
     0
176
     1
290
     0
176
     1
290
     0
176
     1
 90
       50
176
     1
 40
0.0
176
     1
 40
1.0
176
     1
 90
        0
176
     1
 62
    18
420
        0
176
     1
 90
       50
176
     1
 90
        3
176
     1
 62
     5
420
      255
176
     1
290
     0
176
     1
 90
       50
176
     1
 90
       50
176
     1
 90
       50
176
     1
290
     0
176
     1
 90
       50
176
     1
 62
   256
176
     0
 40
1.0
176
     0
 90
        2
176
     1
  1
strokes_ogs.tif
176
     1
290
     0
176
     1
 40
1.0
176
     1
 40
1.0
176
     1
  0
VISUALSTYLE
  5
173
102
{ACAD_REACTORS
330
99
102
}
330
99
100
AcDbVisualStyle
  2
JitterOff
 70
    20
177
     3
291
     1
 70
    58
 90
        2
176
     0
 90
        2
176
     0
 90
        0
176
     0
 90
        0
176
     0
 40
0.6
176
     0
 40
30.0
176
     0
 62
     7
420
 16777215
176
     0
 90
        1
176
     0
 90
        4
176
     0
 62
     7
176
     0
 62
   257
176
     0
 90
        1
176
     0
 90
        1
176
     0
 40
1.0
176
     0
 90
       10
176
     2
 62
     7
176
     0
 40
1.0
176
     0
 90
        1
176
     0
 90
        6
176
     0
 90
        2
176
     0
 62
     7
176
     0
 90
        5
176
     0
 90
        0
176
     0
 90
        0
176
     0
290
     0
176
     0
 90
        1
176
     0
 40
0.0
176
     0
 90
        0
176
     0
290
     0
176
     1
290
     1
176
     1
290
     1
176
     1
290
     0
176
     1
290
     0
176
     1
290
     0
176
     1
290
     0
176
     1
290
     0
176
     1
290
     0
176
     1
 90
       50
176
     1
 40
0.0
176
     1
 40
1.0
176
     1
 90
        0
176
     1
 62
    18
420
        0
176
     1
 90
       50
176
     1
 90
        3
176
     1
 62
     5
420
      255
176
     1
290
     0
176
     1
 90
       50
176
     1
 90
       50
176
     1
 90
       50
176
     1
290
     0
176
     1
 90
       50
176
     1
 62
   256
176
     0
 40
1.0
176
     0
 90
        2
176
     1
  1
strokes_ogs.tif
176
     1
290
     0
176
     1
 40
1.0
176
     1
 40
1.0
176
     1
  0
VISUALSTYLE
  5
A7
102
{ACAD_REACTORS
330
99
102
}
330
99
100
AcDbVisualStyle
  2
Linepattern
 70
    14
177
     3
291
     1
 70
    58
 90
        2
176
     1
 90
        2
176
     1
 90
        1
176
     1
 90
        0
176
     1
 40
0.6
176
     1
 40
30.0
176
     1
 62
     7
420
 16777215
176
     1
 90
        1
176
     1
 90
        4
176
     1
 62
     7
176
     1
 62
   257
176
     1
 90
        7
176
     1
 90
        7
176
     1
 40
1.0
176
     1
 90
        8
176
     1
 62
     7
176
     1
 40
1.0
176
     1
 90
        1
176
     1
 90
        6
176
     1
 90
        2
176
     1
 62
     7
176
     1
 90
        5
176
     1
 90
        0
176
     1
 90
        0
176
     1
290
     0
176
     1
 90
        1
176
     1
 40
0.0
176
     1
 90
        0
176
     1
290
     0
176
     1
290
     1
176
     1
290
     1
176
     1
290
     0
176
     1
290
     0
176
     1
290
     0
176
     1
290
     0
176
     1
290
     0
176
     1
290
     0
176
     1
 90
       50
176
     1
 40
0.0
176
     1
 40
1.0
176
     1
 90
        0
176
     1
 62
    18
420
        0
176
     1
 90
       50
176
     1
 90
        3
176
     1
 62
     5
420
      255
176
     1
290
     0
176
     1
 90
       50
176
     1
 90
       50
176
     1
 90
       50
176
     1
290
     0
176
     1
 90
       50
176
     1
 62
   256
176
     0
 40
1.0
176
     0
 90
        2
176
     1
  1
strokes_ogs.tif
176
     1
290
     0
176
     1
 40
1.0
176
     1
 40
1.0
176
     1
  0
VISUALSTYLE
  5
174
102
{ACAD_REACTORS
330
99
102
}
330
99
100
AcDbVisualStyle
  2
OverhangOff
 70
    21
177
     3
291
     1
 70
    58
 90
        2
176
     0
 90
        2
176
     0
 90
        0
176
     0
 90
        0
176
     0
 40
0.6
176
     0
 40
30.0
176
     0
 62
     7
420
 16777215
176
     0
 90
        1
176
     0
 90
        4
176
     0
 62
     7
176
     0
 62
   257
176
     0
 90
        1
176
     0
 90
        1
176
     0
 40
1.0
176
     0
 90
        9
176
     2
 62
     7
176
     0
 40
1.0
176
     0
 90
        1
176
     0
 90
        6
176
     0
 90
        2
176
     0
 62
     7
176
     0
 90
        5
176
     0
 90
        0
176
     0
 90
        0
176
     0
290
     0
176
     0
 90
        1
176
     0
 40
0.0
176
     0
 90
        0
176
     0
290
     0
176
     1
290
     1
176
     1
290
     1
176
     1
290
     0
176
     1
290
     0
176
     1
290
     0
176
     1
290
     0
176
     1
290
     0
176
     1
290
     0
176
     1
 90
       50
176
     1
 40
0.0
176
     1
 40
1.0
176
     1
 90
        0
176
     1
 62
    18
420
        0
176
     1
 90
       50
176
     1
 90
        3
176
     1
 62
     5
420
      255
176
     1
290
     0
176
     1
 90
       50
176
     1
 90
       50
176
     1
 90
       50
176
     1
290
     0
176
     1
 90
       50
176
     1
 62
   256
176
     0
 40
1.0
176
     0
 90
        2
176
     1
  1
strokes_ogs.tif
176
     1
290
     0
176
     1
 40
1.0
176
     1
 40
1.0
176
     1
  0
VISUALSTYLE
  5
A3
102
{ACAD_REACTORS
330
99
102
}
330
99
100
AcDbVisualStyle
  2
Realistic
 70
     8
177
     3
291
     0
 70
    58
 90
        2
176
     1
 90
        3
176
     1
 90
        0
176
     1
 90
        2
176
     1
 40
0.6
176
     1
 40
30.0
176
     1
 62
     7
420
 16777215
176
     1
 90
        0
176
     1
 90
        0
176
     1
 62
     7
176
     1
 62
   257
176
     1
 90
        1
176
     1
 90
        1
176
     1
 40
1.0
176
     1
 90
        8
176
     1
 62
   257
176
     1
 40
1.0
176
     1
 90
        1
176
     1
 90
        6
176
     1
 90
        2
176
     1
 62
     7
176
     1
 90
        3
176
     1
 90
        0
176
     1
 90
        0
176
     1
290
     0
176
     1
 90
       13
176
     1
 40
0.0
176
     1
 90
        0
176
     1
290
     0
176
     1
290
     1
176
     1
290
     1
176
     1
290
     0
176
     1
290
     0
176
     1
290
     0
176
     1
290
     0
176
     1
290
     0
176
     1
290
     0
176
     1
 90
       50
176
     1
 40
0.0
176
     1
 40
1.0
176
     1
 90
        0
176
     1
 62
    18
420
        0
176
     1
 90
       50
176
     1
 90
        3
176
     1
 62
     5
420
      255
176
     1
290
     0
176
     1
 90
       50
176
     1
 90
       50
176
     1
 90
       50
176
     1
290
     0
176
     1
 90
       50
176
     1
 62
   256
176
     0
 40
1.0
176
     0
 90
        2
176
     1
  1
strokes_ogs.tif
176
     1
290
     0
176
     1
 40
1.0
176
     1
 40
1.0
176
     1
  0
VISUALSTYLE
  5
182
102
{ACAD_REACTORS
330
99
102
}
330
99
100
AcDbVisualStyle
  2
Shaded
 70
    27
177
     3
291
     0
 70
    58
 90
        2
176
     1
 90
        2
176
     1
 90
        1
176
     1
 90
        2
176
     1
 40
0.6
176
     1
 40
30.0
176
     1
 62
     7
420
 16777215
176
     1
 90
        0
176
     1
 90
        4
176
     1
 62
     7
176
     1
 62
   257
176
     1
 90
        1
176
     1
 90
        1
176
     1
 40
1.0
176
     1
 90
        8
176
     1
 62
   257
176
     1
 40
1.0
176
     1
 90
        1
176
     1
 90
        6
176
     1
 90
        2
176
     1
 62
     8
420
  7895160
176
     1
 90
        3
176
     1
 90
        0
176
     1
 90
        0
176
     1
290
     0
176
     1
 90
        5
176
     1
 40
0.0
176
     1
 90
        0
176
     1
290
     0
176
     1
290
     1
176
     1
290
     1
176
     1
290
     0
176
     1
290
     0
176
     1
290
     0
176
     1
290
     0
176
     1
290
     0
176
     1
290
     0
176
     1
 90
       50
176
     1
 40
0.0
176
     1
 40
1.0
176
     1
 90
        0
176
     1
 62
    18
420
        0
176
     1
 90
       50
176
     1
 90
        3
176
     1
 62
     5
420
      255
176
     1
290
     0
176
     1
 90
       50
176
     1
 90
       50
176
     1
 90
       50
176
     1
290
     0
176
     1
 90
       50
176
     1
 62
   256
176
     0
 40
1.0
176
     0
 90
        2
176
     1
  1
strokes_ogs.tif
176
     1
290
     0
176
     1
 40
1.0
176
     1
 40
1.0
176
     1
  0
VISUALSTYLE
  5
181
102
{ACAD_REACTORS
330
99
102
}
330
99
100
AcDbVisualStyle
  2
Shaded with edges
 70
    26
177
     3
291
     0
 70
    58
 90
        2
176
     1
 90
        2
176
     1
 90
        1
176
     1
 90
        2
176
     1
 40
0.6
176
     1
 40
30.0
176
     1
 62
     7
420
 16777215
176
     1
 90
        1
176
     1
 90
        2
176
     1
 62
     7
176
     1
 62
   257
176
     1
 90
        2
176
     1
 90
        1
176
     1
 40
1.0
176
     1
 90
        8
176
     1
 62
   257
176
     1
 40
1.0
176
     1
 90
        1
176
     1
 90
        6
176
     1
 90
        2
176
     1
 62
     7
176
     1
 90
        3
176
     1
 90
        0
176
     1
 90
        0
176
     1
290
     0
176
     1
 90
        5
176
     1
 40
0.0
176
     1
 90
        0
176
     1
290
     0
176
     1
290
     1
176
     1
290
     1
176
     1
290
     0
176
     1
290
     0
176
     1
290
     0
176
     1
290
     0
176
     1
290
     0
176
     1
290
     0
176
     1
 90
       50
176
     1
 40
0.0
176
     1
 40
1.0
176
     1
 90
        0
176
     1
 62
    18
420
        0
176
     1
 90
       50
176
     1
 90
        3
176
     1
 62
     5
420
      255
176
     1
290
     0
176
     1
 90
       50
176
     1
 90
       50
176
     1
 90
       50
176
     1
290
     0
176
     1
 90
       50
176
     1
 62
   256
176
     0
 40
1.0
176
     0
 90
        2
176
     1
  1
strokes_ogs.tif
176
     1
290
     0
176
     1
 40
1.0
176
     1
 40
1.0
176
     1
  0
VISUALSTYLE
  5
17E
102
{ACAD_REACTORS
330
99
102
}
330
99
100
AcDbVisualStyle
  2
Shades of Gray
 70
    23
177
     3
291
     0
 70
    58
 90
        2
176
     1
 90
        2
176
     1
 90
        3
176
     1
 90
        0
176
     1
 40
0.6
176
     1
 40
30.0
176
     1
 62
     7
420
 16777215
176
     1
 90
        2
176
     1
 90
        2
176
     1
 62
     7
176
     1
 62
     7
176
     1
 90
        1
176
     1
 90
        1
176
     1
 40
40.0
176
     1
 90
        8
176
     1
 62
     7
176
     1
 40
1.0
176
     1
 90
        1
176
     1
 90
        6
176
     1
 90
        2
176
     1
 62
     7
176
     1
 90
        3
176
     1
 90
        0
176
     1
 90
        0
176
     1
290
     0
176
     1
 90
        1
176
     1
 40
0.0
176
     1
 90
        0
176
     1
290
     0
176
     1
290
     1
176
     1
290
     1
176
     1
290
     0
176
     1
290
     0
176
     1
290
     0
176
     1
290
     0
176
     1
290
     0
176
     1
290
     0
176
     1
 90
       50
176
     1
 40
0.0
176
     1
 40
1.0
176
     1
 90
        0
176
     1
 62
    18
420
        0
176
     1
 90
       50
176
     1
 90
        3
176
     1
 62
     5
420
      255
176
     1
290
     0
176
     1
 90
       50
176
     1
 90
       50
176
     1
 90
       50
176
     1
290
     0
176
     1
 90
       50
176
     1
 62
   256
176
     0
 40
1.0
176
     0
 90
        2
176
     1
  1
strokes_ogs.tif
176
     1
290
     0
176
     1
 40
1.0
176
     1
 40
1.0
176
     1
  0
VISUALSTYLE
  5
17F
102
{ACAD_REACTORS
330
99
102
}
330
99
100
AcDbVisualStyle
  2
Sketchy
 70
    24
177
     3
291
     0
 70
    58
 90
        1
176
     1
 90
        2
176
     1
 90
        2
176
     1
 90
        0
176
     1
 40
0.6
176
     1
 40
30.0
176
     1
 62
     7
420
 16777215
176
     1
 90
        2
176
     1
 90
        2
176
     1
 62
     7
176
     1
 62
     7
176
     1
 90
        1
176
     1
 90
        1
176
     1
 40
40.0
176
     1
 90
       11
176
     1
 62
     7
176
     1
 40
1.0
176
     1
 90
        1
176
     1
 90
        6
176
     1
 90
        2
176
     1
 62
     7
176
     1
 90
        6
176
     1
 90
        0
176
     1
 90
        0
176
     1
290
     0
176
     1
 90
        1
176
     1
 40
0.0
176
     1
 90
        0
176
     1
290
     0
176
     1
290
     1
176
     1
290
     1
176
     1
290
     0
176
     1
290
     0
176
     1
290
     0
176
     1
290
     0
176
     1
290
     0
176
     1
290
     0
176
     1
 90
       50
176
     1
 40
0.0
176
     1
 40
1.0
176
     1
 90
        0
176
     1
 62
    18
420
        0
176
     1
 90
       50
176
     1
 90
        3
176
     1
 62
     5
420
      255
176
     1
290
     0
176
     1
 90
       50
176
     1
 90
       50
176
     1
 90
       50
176
     1
290
     0
176
     1
 90
       50
176
     1
 62
   256
176
     0
 40
1.0
176
     0
 90
        2
176
     1
  1
strokes_ogs.tif
176
     1
290
     0
176
     1
 40
1.0
176
     1
 40
1.0
176
     1
  0
VISUALSTYLE
  5
A6
102
{ACAD_REACTORS
330
99
102
}
330
99
100
AcDbVisualStyle
  2
Thicken
 70
    13
177
     3
291
     1
 70
    58
 90
        2
176
     1
 90
        2
176
     1
 90
        1
176
     1
 90
        0
176
     1
 40
0.6
176
     1
 40
30.0
176
     1
 62
     7
420
 16777215
176
     1
 90
        1
176
     1
 90
        4
176
     1
 62
     7
176
     1
 62
   257
176
     1
 90
        1
176
     1
 90
        1
176
     1
 40
1.0
176
     1
 90
       12
176
     1
 62
     7
176
     1
 40
1.0
176
     1
 90
        1
176
     1
 90
        6
176
     1
 90
        2
176
     1
 62
     7
176
     1
 90
        5
176
     1
 90
        0
176
     1
 90
        0
176
     1
290
     0
176
     1
 90
        1
176
     1
 40
0.0
176
     1
 90
        0
176
     1
290
     0
176
     1
290
     1
176
     1
290
     1
176
     1
290
     0
176
     1
290
     0
176
     1
290
     0
176
     1
290
     0
176
     1
290
     0
176
     1
290
     0
176
     1
 90
       50
176
     1
 40
0.0
176
     1
 40
1.0
176
     1
 90
        0
176
     1
 62
    18
420
        0
176
     1
 90
       50
176
     1
 90
        3
176
     1
 62
     5
420
      255
176
     1
290
     0
176
     1
 90
       50
176
     1
 90
       50
176
     1
 90
       50
176
     1
290
     0
176
     1
 90
       50
176
     1
 62
   256
176
     0
 40
1.0
176
     0
 90
        2
176
     1
  1
strokes_ogs.tif
176
     1
290
     0
176
     1
 40
1.0
176
     1
 40
1.0
176
     1
  0
VISUALSTYLE
  5
A0
102
{ACAD_REACTORS
330
99
102
}
330
99
100
AcDbVisualStyle
  2
Wireframe
 70
     5
177
     3
291
     0
 70
    58
 90
        0
176
     1
 90
        2
176
     1
 90
        0
176
     1
 90
        0
176
     1
 40
0.6
176
     1
 40
30.0
176
     1
 62
     7
420
 16777215
176
     1
 90
        1
176
     1
 90
        4
176
     1
 62
     7
176
     1
 62
   257
176
     1
 90
        1
176
     1
 90
        1
176
     1
 40
1.0
176
     1
 90
        0
176
     1
 62
   257
176
     1
 40
1.0
176
     1
 90
        1
176
     1
 90
        6
176
     1
 90
        2
176
     1
 62
     7
176
     1
 90
        3
176
     1
 90
        0
176
     1
 90
        0
176
     1
290
     0
176
     1
 90
        1
176
     1
 40
0.0
176
     1
 90
        0
176
     1
290
     0
176
     1
290
     1
176
     1
290
     1
176
     1
290
     0
176
     1
290
     0
176
     1
290
     0
176
     1
290
     0
176
     1
290
     0
176
     1
290
     0
176
     1
 90
       50
176
     1
 40
0.0
176
     1
 40
1.0
176
     1
 90
        0
176
     1
 62
    18
420
        0
176
     1
 90
       50
176
     1
 90
        3
176
     1
 62
     5
420
      255
176
     1
290
     0
176
     1
 90
       50
176
     1
 90
       50
176
     1
 90
       50
176
     1
290
     0
176
     1
 90
       50
176
     1
 62
   256
176
     0
 40
1.0
176
     0
 90
        2
176
     1
  1
strokes_ogs.tif
176
     1
290
     0
176
     1
 40
1.0
176
     1
 40
1.0
176
     1
  0
VISUALSTYLE
  5
180
102
{ACAD_REACTORS
330
99
102
}
330
99
100
AcDbVisualStyle
  2
X-Ray
 70
    25
177
     3
291
     0
 70
    58
 90
        2
176
     1
 90
        2
176
     1
 90
        1
176
     1
 90
        1
176
     1
 40
0.5
176
     1
 40
30.0
176
     1
 62
     7
420
 16777215
176
     1
 90
        1
176
     1
 90
        0
176
     1
 62
     7
176
     1
 62
   257
176
     1
 90
        1
176
     1
 90
        1
176
     1
 40
1.0
176
     1
 90
        8
176
     1
 62
     7
176
     1
 40
1.0
176
     1
 90
        1
176
     1
 90
        6
176
     1
 90
        2
176
     1
 62
     7
176
     1
 90
        3
176
     1
 90
        0
176
     1
 90
        0
176
     1
290
     0
176
     1
 90
       13
176
     1
 40
0.0
176
     1
 90
        0
176
     1
290
     0
176
     1
290
     1
176
     1
290
     1
176
     1
290
     0
176
     1
290
     0
176
     1
290
     0
176
     1
290
     0
176
     1
290
     0
176
     1
290
     0
176
     1
 90
       50
176
     1
 40
0.0
176
     1
 40
1.0
176
     1
 90
        0
176
     1
 62
    18
420
        0
176
     1
 90
       50
176
     1
 90
        3
176
     1
 62
     5
420
      255
176
     1
290
     0
176
     1
 90
       50
176
     1
 90
       50
176
     1
 90
       50
176
     1
290
     0
176
     1
 90
       50
176
     1
 62
   256
176
     0
 40
1.0
176
     0
 90
        2
176
     1
  1
strokes_ogs.tif
176
     1
290
     0
176
     1
 40
1.0
176
     1
 40
1.0
176
     1
  0
DICTIONARYVAR
  5
F0
102
{ACAD_REACTORS
330
66
102
}
330
66
100
DictionaryVariables
280
     0
  1
1:1
  0
DICTIONARYVAR
  5
EF
102
{ACAD_REACTORS
330
66
102
}
330
66
100
DictionaryVariables
280
     0
  1
STANDARD
  0
DICTIONARYVAR
  5
89
102
{ACAD_REACTORS
330
66
102
}
330
66
100
DictionaryVariables
280
     0
  1
STANDARD
  0
DICTIONARYVAR
  5
1B7
102
{ACAD_REACTORS
330
66
102
}
330
66
100
DictionaryVariables
280
     0
  1
Imperial24
  0
DICTIONARYVAR
  5
1B8
102
{ACAD_REACTORS
330
66
102
}
330
66
100
DictionaryVariables
280
     0
  1
Imperial24
  0
DICTIONARYVAR
  5
67
102
{ACAD_REACTORS
330
66
102
}
330
66
100
DictionaryVariables
280
     0
  1
2
  0
DICTIONARYVAR
  5
6B
102
{ACAD_REACTORS
330
66
102
}
330
66
100
DictionaryVariables
280
     0
  1
1
  0
DICTIONARYVAR
  5
5D5
102
{ACAD_REACTORS
330
66
102
}
330
66
100
DictionaryVariables
280
     0
  1
RGB:153,155,55
  0
DICTIONARYVAR
  5
5D4
102
{ACAD_REACTORS
330
66
102
}
330
66
100
DictionaryVariables
280
     0
  1
ByLayer
  0
DICTIONARYVAR
  5
14D
102
{ACAD_REACTORS
330
66
102
}
330
66
100
DictionaryVariables
280
     0
  1
0
  0
DICTIONARYVAR
  5
14E
102
{ACAD_REACTORS
330
66
102
}
330
66
100
DictionaryVariables
280
     0
  1
0
  0
DICTIONARY
  5
194
330
22
100
AcDbDictionary
280
     1
281
     1
  3
AcPublish_PlotSettingsOverride
360
15A20
  0
DICTIONARY
  5
188
330
97
100
AcDbDictionary
280
     1
281
     1
  3
FBXASSET
360
189
  0
DICTIONARY
  5
186
330
96
100
AcDbDictionary
280
     1
281
     1
  3
FBXASSET
360
187
  0
DICTIONARY
  5
110
330
98
100
AcDbDictionary
280
     1
281
     1
  3
BUMPTILE
360
112
  3
DIFFUSETILE
360
111
  3
FBXASSET
360
18A
  3
OPACITYTILE
360
113
  3
REFLECTIONTILE
360
114
  0
DICTIONARY
  5
104
330
87
100
AcDbDictionary
280
     1
281
     1
  3
ACAD_ROUNDTRIP_2008_TABLESTYLE_CELLSTYLEMAP
360
15A5A
  0
PLOTSETTINGS
  5
15A20
102
{ACAD_REACTORS
330
194
102
}
330
194
100
AcDbPlotSettings
  1

  2
none_device
  4
ANSI_A_(8.50_x_11.00_Inches)
  6

 40
6.349999904632568
 41
19.04999923706055
 42
6.350006103515625
 43
19.04998779296875
 44
215.8999938964844
 45
279.3999938964844
 46
0.0
 47
0.0
 48
0.0
 49
0.0
140
0.0
141
0.0
142
1.0
143
467.5266022338976
 70
 11952
 72
     0
 73
     1
 74
     0
  7

 75
     0
147
0.0021389157220613
 76
     0
 77
     2
 78
   300
148
47676.12652295164
149
11754.89136084633
  0
XRECORD
  5
189
102
{ACAD_REACTORS
330
188
102
}
330
188
100
AcDbXrecord
280
     1
 70
     1
 90
429727718
  1
508B35C9-AEE7-456F-BE74-D52651303AC6
310
504B03040A0000080000B670623B3DEE336E79000000790000001B0000006175746F6465736B2D64657369676E2D7061636B6167652E786D6C3C3F786D6C2076657273696F6E3D22312E302220656E636F64696E673D227574662D3822203F3E3C666F726D6174733E3C666F726D61743E687474703A2F2F736368656D612E
310
6175746F6465736B2E636F6D2F64657369676E2D7061636B6167652F323030393C2F666F726D61743E3C2F666F726D6174733E504B0304140006080800B670623BD486FD9CA0000000F4000000130000005B436F6E74656E745F54797065735D2E786D6C7D8EC10E82300C865F65E91D8A1E8C310C0EEA1BF002731658846E
310
D98AC1B77784ABF1D8FE5FBFBF75BBCE937A534CCEB38643598122B6FEE978D0B0485F9C41B54DDD7D022595594E1A469170414C76A4D9A4D207E29CF43ECE46F218070CC6BECC4078ACAA135ACF422C856C0E68EA1BF5669944DDD7BCDE7B1F8E415D77AECB980613C2E4AC91FC167A2B244592486606FC29C8FD7F045B9A
310
EF7053A7E60B504B0304140006080800B670623B28ED286BEB0000007C01000008000000636F72652E786D6C8D90416EC3201045AF82665B6183218D6D61A254764FD00B204C5C94182C03558F5F9C3852BBEB6A467FFE9B197D71FA9E6FE8CBACC17AD7012D0820E3B41FAD9B3A48F1826B40272956EFE32F1B20A766D3C1
310
268314D3EAD3B24BDABB685CCCAAF3A3D94515828980F42D371D04FD696655A814B3235C8B45E9AB9A4C419F5D8653B2237A1CB163DE672FD6AC209BF3C08E0D1B30EB19C3FC9D72FCC6EB231EFA33EDE96BDD341517E5064B11EDFCBCAF57A3A2194156843498524CAA0FCA5B7268F9E185D42D21A2DCEC7FA0B48CFF8492
310
759155FBBB0F2C80A4F991FB408A72CB22977B50B96EB9C91F504B0304140006080800B670623B55019EA25F0000007C00000007000000636E782E786D6C4DCB3B0E80201045D1AD90E915ED2CF8AC45050C11660C8261F98AB1B07AC9C97D42D718D865D3E909258CFD00CCE24AC6E326A164D74DC0B4128928FF32603847
310
2BA13128B1252AC747C6BAB984FC68F0B87FE8960A5C09FE86CFB69FBA01504B0304140006080800B670623B7BC41AC871010000D40300000C0000006662782F636F72652E786D6CC553ED6E8320147D15C2DF4501B56B6D90A64BBB27D80B50A5CE54C120983EFEAE1F4DD7A56BBA5FF3879273EEE59E7310BE393735EA95
310
ED2AA333CC428A91D2B9292A5D66D8BB63B0C26823B835C67D2BC348CB46657880B1E0A535BE9DA1DC68A7B403549B42CDA0EC3AE530CA6B5864B8CB3F552343E91D5474A7B095F949962A6421D0502778E72C0840D390E18DC5F170E664C205F7BE2A66B62A605A75AC94C522DDEEE3651AEF837817C741F2CE92E02D592D
310
83FD6ECB76EC7595A651C2C9D02CB8AB9A8BBADC2AE954814544691A3016D0E883256BBA58278B17BA5A53CAC9507ED3E4DBE2C9265F691747B3DCA9ADC382819091F8E1162272A8933DE82182932144F88C09DF060D8140C84E1EEA8B8F1340BDCA9DB1093085F157AA97B557309586747CD0EF0B4EA64E983A6E0EAEEFCE
310
889E9EF17847386AA94B30211D2C0FDE0D3AF9A4610EAD5536E8DD1969631B593F67E381C33F5157F17725E5A636F6BF1491F980C8FC7B90E13E8A2F504B0304140006080800B670623B70102A487D0000009D0000000B0000006662782F636E782E786D6C4DCCD10A83201886E15B91FFDC95A5C30335ACCDFB886521330D
310
A76397BF1A1DECE883878F57749FD5A3B74D2F17830472A901D9F088930B8B849267CC01754AA418F3DF0D5018572BE160506249B16C274D761E8BCFBB7A179E27F65CB39A0F14D396184C9921B81F34C3ACA1B4B99ABB6E6F062A25AA5F69DF23ACBE504B0304140006080800B670623B3610CA3329010000120200003100
310
00006662782F42384135303843342D343331462D343546312D424341352D3532343432364645413344462F636F72652E786D6C8D515B6EC32010BC0AE22B55850D0E446E848992B43E412FE000495162B07854397EA176A4F62F3F2C9A9D991D58BEBB8F37F0AD7D30CE76905418026DA553C65E3A98E219B510EC04F7CEC5
310
3F3408EC30EA0E16180A7EF12E4D0B249D8DDAC68C5AA7F4020E21E80881BCE54B0783FCD2E3500D296646B856D320AFC34557A4CAEDCC133C449F0380794839A138B47B86DB2345744D7A44594FD0E1B867883594369BFE63BF7EEF793D0B054FC9A8456E548E63CE46FB674D8A58F068C6477CE9F510B582A2C1F80D1182
310
70F349E816B32D65AFB8DD62CCEB42FF274A937A52948C8DEB66893BCB021484D7734370E5D2E9F608A3EF93F3119479ABA0E50B14B8C298119A43CCC4FCFCECB8A18B6388CEE7EF5D5D4F994BD86CBBA182D76543B9FCAE2FD7B24DF103504B0304140006080800B670623B1B8617914E0100003303000030000000666278
310
2F42384135303843342D343331462D343546312D424341352D3532343432364645413344462F636E782E786D6CD593C16EC32010447F0571AD6CE3D489D20813A9877E410FBD62D82434182CC055F3F75D1292E692438FBD206B7698593D61BEFD1E2DF982108D773D6D6B460938E5B571FB9ECE6957AD29D90A1EBC4F7736
310
4A9C1CA1A759A682EF839FA72269D8C9D92654AD71C72206887E0E0A22CAF926B15E498B01E0AA19451807D01A34B919F16B070157417138917400F2F6FA41FCF0092A45DEE414C19BDC21783E4BD39D891265658C3D8DEA00A3ACE59CBC8678ACB54CB26EEB6BD7839D7E9348BE70AD9C8321B9BCA7F9A4A26C542347DEE0
310
50F09802D22BA6749A800A394DD62899107273365E3C82CFC6A55557BC06C10774B7ABE7AEC3B0F34CF06446280E154026D0542C187BA9DAB6628BF7B6DBB0E5A65B3EB1F58631DE64BBE083F7B65CC218087E22CABB042E51D1F2268F1FE12B3EA24D40D63E9CFE00120194D60B9D5BC67FE6D39CDF37E20AF817881F504B
310
0304140006080800B670623BBFEF2E3B690500003C100000340000006662782F42384135303843342D343331462D343546312D424341352D3532343432364645413344462F6F626A656374732E786D6CAD575D739B3814FD2B0CFB0C98D84E931D4227B6938EA793B6534F3BFB90198F0099B001899144EAECAFDF231018B0
310
D37A3FFC609090EEE7B94757C1FB7D915B2F54C88CB31BDB7727B64559CC938CA53776A576CE956DBD0F03C1B9EA2DB32D460A7A63EB693B0C52C1ABD24C257447AA5C8D66EF177F5832A68CDA569C13296F6C193FD182B8A4523CA1F2D94D88226EBADBBBBEDB2C1C8A4D05299F46424B222853B014F30C52ACC6287F389C
310
D85E1878FA7B18E87FB36AFAF62AAFF667A83F635211161F291B8999FAB3D5DDC5FCDA99CF6653677679E13B8BFBC5CAF1DF4D27CBCBE5F2FAF6EE1A8AA51290642C117467871F101B91C581D77CEA2C36869F3229E68CD1B8F61F1ED6361B89092D294B90C78C4A68EB793D190E7D1D9BDEE7A91E1B95FDE9F3BCEAEFE809
310
6A6D6F9F7D4B79F4275C90E7A04248AA51D5C4C738DAE06F72885AC4796EBE65D22A88A22223B995679120E2D50EB1542F098381188D4EA111AE3DB043FF20AF6F2B4AE3D7D83D65E5AECA730D4D3BAC91BD05FEA992B565D95F549CD6069B90AB2A63EACA38A45E4B6A87D781574F86817E4C2FCCC72690D62E2729520E37
310
9BAF234797BAF6D62B3BFC781FED37BA1E4F2B2F052FA9501A3E80569BB8F6A9A364D4FA67654E6F803383981F82F21591FF84F23D9882BC896C3FDBCF8C162508933B2E0AE4C69DD43F6BD2BE38DDDBF10BF86CB4FA784D37F3AF16075E67EC9030DECA1FC0A55373F5DFF3378C591FA9BDF485C10B0A8C8BA909E5262639
310
A8E72163488806A595734C81CB77D1DE0ED7604A303B76913CEC0272F412782FF88EFF4636D8AA56DF7B322474C4B767303F625997056C7B032C473C592B36CEBD15F3F9FF5233B7ABCDC74D257624A60F8658567497B14CE1EC3C80B76FD02011038F9EE9EB0F2E12387A9C844D3F09855125116D1D731DF8B43D2CF4E0A0
310
79A020C6BE946BCE0B7EA1E1219331CD73C228AF5A2DDD31A4B1DA918CE91350854D40A71723140BFA92E94E62B0626016CEFA5864A50E5977E8753CEDBEE1CBB7F52780D20E17AF0BA0F5F9B02A3AD07DCC732EB6D1EBB661421BE0C39E21BABF0FE16D22EA6929407C8DE596724C88B749B6DB5512BC7B228ADFD7CB7EA6
310
3A22397E690BA8D5D8D4E40CEC8CDA23C2C0B7D5898640101CEC9C6D331CE328CB93CAFBBAC70A642DF70DF95155945B52F08AA973C23469FD69ADEF84F7BB18F983A8F8C90E37F5D35980B2139A1C523540813E824EF83448CF7C72B598CE97D7CEEDDDDD3B6736BFBC771677EF66CE6A7E7139F7A793E9EDF2B2B3A8B624
310
0CDA13AA5F8388264EC4A0129909F3B7F5A16CEDF08128E97D680ACA4B9BE7B7B58BB638F0B00700EF36AE8B32A705658A68F83EE897FC2B41573190D1CCAF0B92D233A47CFEB019D9809933F67DD1A5467F8CF69AD9A5AE859342D45355448C64F968A371DC2D596ADC6E43D93D1B466F877A64E2893E54F23C4B40388995
310
525E5005DA3983ED45412510D3EFCA13737B3863F74BD30F2A12E5B4B5E489A025CE25500DB855B11ACE5BBFA185D35DD48D8DC3CE7DC69F2944DB42AA6F6CF09BCA622ADD08C7A36E7C6AE18000BAB08E040135C2D21C9D75B3A91B77BB746C403F38018DFE6EC939DD92F16B40BC05294B9CDA035AAD6D330AE27FE4786B
310
8E45145EA34A75BE1C263A676A35A8ACC6297337400BF16C54EF515F3F77CB77EB3583889C754FFA29081AA98E2222ADEF05DA3E63D2EDEA8B8756C05A7FB6CABC4A91CBF325398202CC952E70A008A830324BA200D5E5EF8F5F04C75DB4B0EE3340E071C98B823333B83577596BF3849B69F2085AA0FAFA212F26BEFF5877
310
FDE622B28D88A42E49E43326DA82D31E8CB006401E1DA726059ECEC168F97A6599036306A135688F9AD2E61A6EA178F4CD51974A9F2CCB9F36FE5EBD14601068D9C3BF01504B0304140006080000B670623B000000000000000000000000350000006662782F42384135303843342D343331462D343546312D424341352D35
310
32343432364645413344462F76657274696365732E62696E504B0304140006080800B670623BF270F1330600000004000000360000006662782F42384135303843342D343331462D343546312D424341352D3532343432364645413344462F747269616E676C65732E62696E636660600000504B0304140006080000B67062
310
3B000000000000000000000000370000006662782F42384135303843342D343331462D343546312D424341352D3532343432364645413344462F617474726962757465732E62696E504B0304140006080800B670623B08DA0BD19000000041010000360000006662782F42384135303843342D343331462D343546312D4243
310
41352D3532343432364645413344462F6469726563746F72792E786D6C858F410AC3201045AF22B36F53E9A60B35CBEEBAE80D244E44489C6234F4F835464A48035D0DF398FF9F8AF63D0E6CC63039F212F8F9020C7D47C6792B21C5FE7403D62A1188E2E60C98D7234A5830286103A55745067B9D86B8A3CF9C7F90C11DE6
310
07FB144396D7B6A82D282E9A152AD114D5EF2CB866EEE831B8EEA07A7BB5A8D7D61A2BAAEB7FD5F70921FF497D00504B0304140006080800B670623B3B4606F3FE000000A00100003B0000006662782F42384135303843342D343331462D343546312D424341352D3532343432364645413344462F7265736F75726365732F
310
636F72652E786D6C8D504B6E833010BD0A9A6D65B08134808CA354A427E8052C332156828DFCA97AFC9A40A576D7CDCCE87D344F8F9FBEE647F689CE6B6B7A6039850C8DB2A336530F315C4903D94970676DF82583CCC8197B5861107C72362E3BA4AC096842428D1D7107A5F71820538F74F4E0D50D6799CB1892C2DFF345
310
AABB9C306779A2934E701F5C0A906D4FD609C2A1B7D129F4BCD858C163D4E3AED163FAA9AF1A1D88F67CA98E6D35906AA82A52BFB39ABCD5CD915C86331BD86BD3B665CD8BD52C78D0F34F46E550061C419494B6843142CB0F5677F4D0D58717DA7494F26295FF31C565FCA7296A13AA728FBBD93C0896823C09C18BB5AFB4
310
9E65A6BD762BBE01504B010214000A0000080000B670623B3DEE336E79000000790000001B00000000000000000000000000000000006175746F6465736B2D64657369676E2D7061636B6167652E786D6C504B01021400140006080800B670623BD486FD9CA0000000F40000001300000000000000000000000000B2000000
310
5B436F6E74656E745F54797065735D2E786D6C504B01021400140006080800B670623B28ED286BEB0000007C010000080000000000000000000000000083010000636F72652E786D6C504B01021400140006080800B670623B55019EA25F0000007C000000070000000000000000000000000094020000636E782E786D6C50
310
4B01021400140006080800B670623B7BC41AC871010000D40300000C00000000000000000000000000180300006662782F636F72652E786D6C504B01021400140006080800B670623B70102A487D0000009D0000000B00000000000000000000000000B30400006662782F636E782E786D6C504B01021400140006080800B6
310
70623B3610CA3329010000120200003100000000000000000000000000590500006662782F42384135303843342D343331462D343546312D424341352D3532343432364645413344462F636F72652E786D6C504B01021400140006080800B670623B1B8617914E010000330300003000000000000000000000000000D10600
310
006662782F42384135303843342D343331462D343546312D424341352D3532343432364645413344462F636E782E786D6C504B01021400140006080800B670623BBFEF2E3B690500003C10000034000000000000000000000000006D0800006662782F42384135303843342D343331462D343546312D424341352D35323434
310
32364645413344462F6F626A656374732E786D6C504B01021400140006080000B670623B0000000000000000000000003500000000000000000000000000280E00006662782F42384135303843342D343331462D343546312D424341352D3532343432364645413344462F76657274696365732E62696E504B010214001400
310
06080800B670623BF270F133060000000400000036000000000000000000000000007B0E00006662782F42384135303843342D343331462D343546312D424341352D3532343432364645413344462F747269616E676C65732E62696E504B01021400140006080000B670623B00000000000000000000000037000000000000
310
00000000000000D50E00006662782F42384135303843342D343331462D343546312D424341352D3532343432364645413344462F617474726962757465732E62696E504B01021400140006080800B670623B08DA0BD1900000004101000036000000000000000000000000002A0F00006662782F42384135303843342D3433
310
31462D343546312D424341352D3532343432364645413344462F6469726563746F72792E786D6C504B01021400140006080800B670623B3B4606F3FE000000A00100003B000000000000000000000000000E1000006662782F42384135303843342D343331462D343546312D424341352D3532343432364645413344462F72
310
65736F75726365732F636F72652E786D6C504B0506000000000E000E0080040000651100000000
  0
XRECORD
  5
187
102
{ACAD_REACTORS
330
186
102
}
330
186
100
AcDbXrecord
280
     1
 70
     1
 90
429727718
  1
887D55A9-D0DD-414E-B741-A7DCD4DA2B4C
310
504B03040A0000080000B670623B3DEE336E79000000790000001B0000006175746F6465736B2D64657369676E2D7061636B6167652E786D6C3C3F786D6C2076657273696F6E3D22312E302220656E636F64696E673D227574662D3822203F3E3C666F726D6174733E3C666F726D61743E687474703A2F2F736368656D612E
310
6175746F6465736B2E636F6D2F64657369676E2D7061636B6167652F323030393C2F666F726D61743E3C2F666F726D6174733E504B0304140006080800B670623BD486FD9CA0000000F4000000130000005B436F6E74656E745F54797065735D2E786D6C7D8EC10E82300C865F65E91D8A1E8C310C0EEA1BF002731658846E
310
D98AC1B77784ABF1D8FE5FBFBF75BBCE937A534CCEB38643598122B6FEE978D0B0485F9C41B54DDD7D022595594E1A469170414C76A4D9A4D207E29CF43ECE46F218070CC6BECC4078ACAA135ACF422C856C0E68EA1BF5669944DDD7BCDE7B1F8E415D77AECB980613C2E4AC91FC167A2B244592486606FC29C8FD7F045B9A
310
EF7053A7E60B504B0304140006080800B670623BBC1638F5EC0000007C01000008000000636F72652E786D6C8D90416EC3201045AF82665B61836BE2D8C24471DB9CA01740401C94182C03558F5F9C3852BBEB6A467FFE9B197D7EF89E6EE8CB2CC17AD7032D0820E394D7D68D3DA478C67B4007C117EFE32F1B202727D3C3
310
2A83E0E3E2D3BC49CABB685CCCAAF3DA6CA20CC14440EA969B1E82BA98491632C5EC08D76296EA2A4753D06797E194AC468F2356E77DF66CCD02825543D50CACC62D39ED70FDC68EB8FD68F6F8787A6784342D1DDA1D2F5758F068A7E77DB518198D065111D2624A31A93E69DD11D6D5EC85EC3B4278B9DAFF4069D6FF8492
310
75F1B5DADE7D600104CD8FDC0782976B16B9DC83CA75CD4DFC00504B0304140006080800B670623B55019EA25F0000007C00000007000000636E782E786D6C4DCB3B0E80201045D1AD90E915ED2CF8AC45050C11660C8261F98AB1B07AC9C97D42D718D865D3E909258CFD00CCE24AC6E326A164D74DC0B4128928FF326038
310
472BA13128B1252AC747C6BAB984FC68F0B87FE8960A5C09FE86CFB69FBA01504B0304140006080800B670623B3586FFB671010000D40300000C0000006662782F636F72652E786D6CC553ED6E8320147D15C2DF4541A76D6D90A6DDD627D80B50A4CE54C120983EFEAE1F4DD7A55BBA5FF3879273EEE59E7310B6393735EA
310
95ED2AA3731C851423A5A5292A5DE6D8BB63B0C268C39935C67D29C3488B46E578803167A535BE9D2169B453DA01AA4DA16650749D7218C91A1639EEE4876A4428BC838AEE14B6429E44A9C228041AEA38EB9C0501681A32BC313F1ECE8C4C3867DE57C5CC56054CAB8E95B298A7F12E5EEED224C8E87E11242FE936C8DE96
310
AB60BB7F4D295D66D12E5B30323473E6AAE6A24E5A259C2A308F29CD82280A68FC1E256B9AAE93F489AED694323294DF34F9B678B0C957DA3DC7B3DCA9ADC33C022123F1CD2D44E450277AD04338234388F01913BE0D1A0281909D38D4171F27807A259DB1093085F157AA17B557309586747CD0CF0B46A64E983A6E0EAEEF
310
CE881F9EF1FB8E70D44297604238581EBC1B74B249C31C5AAB6CD0BB33D2C636A27ECCC62F0EFF445DC5DF95244D6DEC7F2922F30191F9F720C37DE49F504B0304140006080800B670623B4220A0FF7D0000009D0000000B0000006662782F636E782E786D6C4DCCD10A83201886E15B91FFDCE542CB0335D0EC3E6259C84A
310
C3E9D8E5AF46073BFAE0E1E315DD675BD1DBA5978F41C2FD4600B9F088930F8B849267CC01754AA418F3DF0D50183727E164506249B1EC174D6E1ECB9A0F5D7D785E68DB8151CD286E5A5363CA6B8A39E90D36D40E96B086F55A43A544F52B1D7B86D517504B0304140006080800B670623B2FA3FEDE290100001202000031
310
0000006662782F45374635344235342D363743322D343832342D383044432D4334454645303536354442422F636F72652E786D6C8D515B6EC32010BC0AE22B55850D2E386E848994D7097A0117488A1283C5A3CAF10BB523B57FF961D1ECCCECC0F2ED7DBC816FED8371B687A4C210682B9D32F6D2C314CFA883602BB8772E
310
FEA141608751F7B0C050F08B77695A20E96CD43666D43AA5177008414708E42D5F7A18E4971E876A483133C2B59A06791D2EBA22556E679EE021FA1C00CC43CA09C5717D6274C7286AD7FB06D1AEA1A8C3873DDAD3E3E98859CB0EBB1DAF67A1E02919B5C88DCA71CCD968FFAC49110B1ECDF8882FBD1EA256503418BF2342
310
106E3E08DD60B6A1EC15771B8C795DE8FF4469524F8A92B1F1AD59E2CEB20005E1F5DC105CB9F4797B84D1F7C9F908CABC55D0F2050A5C61CC1AD2F27A26E6E767C7962E8E213A9FBF7775FDCC5CC266DB960A5E970DE5F2BBBE5CCB36C50F504B0304140006080800B670623B1B8617914E01000033030000300000006662
310
782F45374635344235342D363743322D343832342D383044432D4334454645303536354442422F636E782E786D6CD593C16EC32010447F0571AD6CE3D489D20813A9877E410FBD62D82434182CC055F3F75D1292E692438FBD206B7698593D61BEFD1E2DF982108D773D6D6B460938E5B571FB9ECE6957AD29D90A1EBC4F77
310
364A9C1CA1A759A682EF839FA72269D8C9D92654AD71C72206887E0E0A22CAF926B15E498B01E0AA19451807D01A34B919F16B070157417138917400F2F6FA41FCF0092A45DEE414C19BDC21783E4BD39D891265658C3D8DEA00A3ACE59CBC8678ACB54CB26EEB6BD7839D7E9348BE70AD9C8321B9BCA7F9A4A26C542347DE
310
E050F09802D22BA6749A800A394DD62899107273365E3C82CFC6A55557BC06C10774B7ABE7AEC3B0F34CF06446280E154026D0542C187BA9DAB6628BF7B6DBB0E5A65B3EB1F58631DE64BBE083F7B65CC218087E22CABB042E51D1F2268F1FE12B3EA24D40D63E9CFE00120194D60B9D5BC67FE6D39CDF37E20AF817881F50
310
4B0304140006080800B670623B29652116630500003C100000340000006662782F45374635344235342D363743322D343832342D383044432D4334454645303536354442422F6F626A656374732E786D6CAD575D739B3814FD2B0CFB0C989834C90EA1639B24E3E9A6EDD4D3CE3E64C623834CD8006224913AFDF57B040203
310
B65BEF871F0C12D2FD3CF7E8CA7FBFCB33E3957291B2E2D674ED8969D02262715A24B76625B7D6B569BC0F7CCE98EC2D338D82E4F4D654D366E0279C55A59E8AE99654991CCDDECFFF3444440B6A1A514684B83545F44C7362934AB2988A173B2692D8C97667BB76B3702836E1A47C1E092D09A78584A5982F20C5688C7287
310
C389E904BEA3BE07BEFAD7ABA6A75739B53F43FD69212429A20365233153D70BEF2E2E6FAC4BCF9B5ADEBB0BD79ADFCF43CBBD9A4E16EF168B9BD9DD0D140BC921495BC2E9D60C1E101B9E46BED37CEA2CD6861F3329624541A3DA7F7858DBAC25C6B4A4458C3CA654405BCFEBC970E8AAD8F43E4FD558ABEC4F9FE7557F47
310
4F506B7BFBEC5BCA367FC105710E2AB8A00A554D7CB4A30DFE26FBA86D18CBF4B75418399194A72433B274C3097F33032C554B027F2046A1932B842B0FCCC0DDCBEBDB8AD2F835768F59B9ADB24C41D30C6A64AF817F2A456D59FA83F2E3DA60137255A585BCD60EC9B7929AC18DEFD49381AF1ED30BFDB109A4B1CD488294
310
C3CDE6EBC8D185AABD6568061FEE37BB95AAC7E3CA4BCE4ACAA5820FA0D526AE7DAA2869B5EE5999531BE0CC20E6FBA07C41E43FA27CF7A6206F3CDD793B4F6B919C1462CB788EDCD893FA674CDA17AB7B3B7C019F8D561FAEE966FED562DFE98C1D12C6A9FC015C2A35D7FF3D7FC398F591DA4B5FE0BFA2C0189FEA50AE22
310
92817A1ED3020951A03432862970F976B33383259812CC8E5D240BBA801CBCF8CE2BBEE3BF910DB6AAD5F79E05123AE2DB33981FB1ACCB02B69D00CB014FD68AB573A7627EF9BFD4CC2C5C7D58557C4B22FAA88925A4DBB44825CECE3D78FB060D1231F0E885BE7D673C86A3874958F593906B5502D1563157814FDAC3420D
310
F69A070A22EC4B98E23CFF171A1E5311D12C23056555ABA53B8614563B92D17D02AAB009E8F46284624E5F53D5490C560CCCC2591FF1B45421EB0EBD8EA7ED13BE7C5D7E0428CD60FEF60779EB13E6664FF711CB185F6FDED60D139A001FF60CD1FD6D086F1D51474901E26B2CB794A343BC8ED3EDB612E0DD2351FCB65CF4
310
33D511C9E14B5B40ADC6A6263DB0336A8F700DDF56271A024E70B0B3629DE21847591E55DED73D56206AB927E46FAABC5C939C55853C274C93D69FD6FA4E78BF8B11DF898C9ECD60553FAD39283BA6F18984AA23E8884F83F45C5F5F859797B31B2B9C84A1E5B9DE9D35BFF25C6B76152E422F9C5DCC3D847F5801ED09D5AF
310
41441327A25FF15487F9EB725FB666F048A4701E9A827292E6F97569A32DF61DEC01C0BB8DCBBCCC684E0B49147C1FD54BF685A0AB18C868E6973949E819523E3DAC463660E68C7D9F55A9D1EFA3BD7A76A16AE1A810F95CE59B82A4D968A376DC2E8B44BBDD86B27B368CDE0ED548C7137DA860591A83706223A12CA712B4
310
7306DBF39C0A20A6DF95C7FAF670C6EED7A61F946493D1D6926782963813403548A78AE470DEF80D2D9CEAA26E4D1C76F60BFE74219A06527D6B82DF641A51616F703CAAC6A7160E08A00BEB4810A0274592A1B36E3675E36E978A0DE80727A0D6DF2D39A75BD27E0D8837276589537B40ABB56D5A41F48F1C6FCD3188C4EB
310
A6929D2FFB89CE995A4D00AE813BDD032DC48B56BD437DFDDC2DD7AED70C2272D63DE9A72068A45A92F0A4BE17A8A06B9366E16707AD80B1FC649459952097E74BB23805982B55E0401150A165964402AA8BDF9F3E7386BB686EDCA780C0D382E5392BF460A6EFB2C6EA1937D3F809B440D5F5435C4C5CF7A9EEFAF54564BD
310
2182DA24162F98680B4E7930C21A0079709CEAEB99A372305ABE0C0D7D6078105A83F6A0296DAEE1068A47DD1C55A9F4C9B2FC69E3EFD44B81028E963DF81B504B0304140006080000B670623B000000000000000000000000350000006662782F45374635344235342D363743322D343832342D383044432D433445464530
310
3536354442422F76657274696365732E62696E504B0304140006080800B670623BF270F1330600000004000000360000006662782F45374635344235342D363743322D343832342D383044432D4334454645303536354442422F747269616E676C65732E62696E636660600000504B0304140006080000B670623B00000000
310
0000000000000000370000006662782F45374635344235342D363743322D343832342D383044432D4334454645303536354442422F617474726962757465732E62696E504B0304140006080800B670623B08DA0BD19000000041010000360000006662782F45374635344235342D363743322D343832342D383044432D4334
310
454645303536354442422F6469726563746F72792E786D6C858F410AC3201045AF22B36F53E9A60B35CBEEBAE80D244E44489C6234F4F835464A48035D0DF398FF9F8AF63D0E6CC63039F212F8F9020C7D47C6792B21C5FE7403D62A1188E2E60C98D7234A5830286103A55745067B9D86B8A3CF9C7F90C11DE607FB144396
310
D7B6A82D282E9A152AD114D5EF2CB866EEE831B8EEA07A7BB5A8D7D61A2BAAEB7FD5F70921FF497D00504B0304140006080800B670623B6378F24DFF000000A00100003B0000006662782F45374635344235342D363743322D343832342D383044432D4334454645303536354442422F7265736F75726365732F636F72652E
310
786D6C8D504B6E833010BD0A9A6D65B0094E42641C85B639412F6099496225D8C89FAAC7AF09546A77DDCC8CDE47F3F4C4F16B7C149FE88371B603565228D06A37187BED20C50BD9437194C23B177FC9A0B06AC40E6618A4B87A97A615D2CE46B431A3D60DB8822A048C50E8473E3A08FA86A32A558A5911EEE5A4F45D5DB1
310
6465A6B34E8A107D0E502C4FE609D26370C96B0CA25A58295232C3AA3143FE692E063D485EF7F5AEE71BD2D2F39634AFFC44DAF7DD9E9CCE6F9CD25DCBFA762BAAD92C4534E34F46ED51451C40D694B6843142EB0FD61C283F34FC85EE0F948A6A96FF31A569F8A729191B37F51A77B105902C0779125254735F793DCBCC7B
310
EE567E03504B010214000A0000080000B670623B3DEE336E79000000790000001B00000000000000000000000000000000006175746F6465736B2D64657369676E2D7061636B6167652E786D6C504B01021400140006080800B670623BD486FD9CA0000000F40000001300000000000000000000000000B20000005B436F6E
310
74656E745F54797065735D2E786D6C504B01021400140006080800B670623BBC1638F5EC0000007C010000080000000000000000000000000083010000636F72652E786D6C504B01021400140006080800B670623B55019EA25F0000007C000000070000000000000000000000000095020000636E782E786D6C504B010214
310
00140006080800B670623B3586FFB671010000D40300000C00000000000000000000000000190300006662782F636F72652E786D6C504B01021400140006080800B670623B4220A0FF7D0000009D0000000B00000000000000000000000000B40400006662782F636E782E786D6C504B01021400140006080800B670623B2F
310
A3FEDE290100001202000031000000000000000000000000005A0500006662782F45374635344235342D363743322D343832342D383044432D4334454645303536354442422F636F72652E786D6C504B01021400140006080800B670623B1B8617914E010000330300003000000000000000000000000000D2060000666278
310
2F45374635344235342D363743322D343832342D383044432D4334454645303536354442422F636E782E786D6C504B01021400140006080800B670623B29652116630500003C10000034000000000000000000000000006E0800006662782F45374635344235342D363743322D343832342D383044432D4334454645303536
310
354442422F6F626A656374732E786D6C504B01021400140006080000B670623B0000000000000000000000003500000000000000000000000000230E00006662782F45374635344235342D363743322D343832342D383044432D4334454645303536354442422F76657274696365732E62696E504B01021400140006080800
310
B670623BF270F13306000000040000003600000000000000000000000000760E00006662782F45374635344235342D363743322D343832342D383044432D4334454645303536354442422F747269616E676C65732E62696E504B01021400140006080000B670623B0000000000000000000000003700000000000000000000
310
000000D00E00006662782F45374635344235342D363743322D343832342D383044432D4334454645303536354442422F617474726962757465732E62696E504B01021400140006080800B670623B08DA0BD190000000410100003600000000000000000000000000250F00006662782F45374635344235342D363743322D34
310
3832342D383044432D4334454645303536354442422F6469726563746F72792E786D6C504B01021400140006080800B670623B6378F24DFF000000A00100003B00000000000000000000000000091000006662782F45374635344235342D363743322D343832342D383044432D4334454645303536354442422F7265736F75
310
726365732F636F72652E786D6C504B0506000000000E000E0080040000611100000000
  0
XRECORD
  5
112
102
{ACAD_REACTORS
330
110
102
}
330
110
100
AcDbXrecord
280
     1
270
     1
271
     1
  0
XRECORD
  5
111
102
{ACAD_REACTORS
330
110
102
}
330
110
100
AcDbXrecord
280
     1
270
     1
271
     1
  0
XRECORD
  5
18A
102
{ACAD_REACTORS
330
110
102
}
330
110
100
AcDbXrecord
280
     1
 70
     0
 90
1778669749
  1
9BF507EE-FAF7-4A99-A33D-4EE51894BC40
310
504B03040A0000080000B670623B3DEE336E79000000790000001B0000006175746F6465736B2D64657369676E2D7061636B6167652E786D6C3C3F786D6C2076657273696F6E3D22312E302220656E636F64696E673D227574662D3822203F3E3C666F726D6174733E3C666F726D61743E687474703A2F2F736368656D612E
310
6175746F6465736B2E636F6D2F64657369676E2D7061636B6167652F323030393C2F666F726D61743E3C2F666F726D6174733E504B0304140006080800B670623BD486FD9CA0000000F4000000130000005B436F6E74656E745F54797065735D2E786D6C7D8EC10E82300C865F65E91D8A1E8C310C0EEA1BF002731658846E
310
D98AC1B77784ABF1D8FE5FBFBF75BBCE937A534CCEB38643598122B6FEE978D0B0485F9C41B54DDD7D022595594E1A469170414C76A4D9A4D207E29CF43ECE46F218070CC6BECC4078ACAA135ACF422C856C0E68EA1BF5669944DDD7BCDE7B1F8E415D77AECB980613C2E4AC91FC167A2B244592486606FC29C8FD7F045B9A
310
EF7053A7E60B504B0304140006080800B670623BCA089DFFEC0000007C01000008000000636F72652E786D6C8D90416E83301045AF62CDB632D8402020E32882F604BD80653BC44AB011B6AB1EBF262152BBEB6A467FFE9B197D76FA9EEFE84BAFDE38DB03CD08206DA553C64E3DC470C1474027CE56E7C22F1B202B66DDC3
310
260367D3EAE2B24BD2D9A06D48AA754AEFA2F05E0740F29E9A1EBCBCEA59642286E4F0B76C11F226269DD15797E0188D42CF2346A57DE662F40ABCAEC77628C6120F654571D50C04B7F5B9C1E3997CD4F550BE3745C3F20DE62C98F9755FAE5A04AD801784B498524C8A4F5A75E4D055873772EC0861F966FF03C545FD138A
310
C686B2D8DF7D621E384D8F3C069CE55B16A93C824A75CB8DFF00504B0304140006080800B670623B55019EA25F0000007C00000007000000636E782E786D6C4DCB3B0E80201045D1AD90E915ED2CF8AC45050C11660C8261F98AB1B07AC9C97D42D718D865D3E909258CFD00CCE24AC6E326A164D74DC0B4128928FF326038
310
472BA13128B1252AC747C6BAB984FC68F0B87FE8960A5C09FE86CFB69FBA01504B0304140006080800B670623B68FC0B7272010000D40300000C0000006662782F636F72652E786D6CC5535B6E833010BC8AE5DF0A6C1E8124328E22D29EA01770C0A128602363A31CBFCB234A53A555FA553EC09AD9F5CE8C31DB5DDA060D
310
D2F4B556190E7C8A9154852E6B5565D8D993B7C668C799D1DA7E29C3488956667884316795D1AE5BA0422B2B950554E9522EA0E87B69312A1A5864B82F3E642B7CE12C54F467BF13C55954D20F7CA0A18EB3DE1A1080E621E31BF3D3F1C2C88C73E65C5D2E6C5DC2B4FA544B8379921C36797888BC3C8A032F4E73EA6D927D
310
EA1DF6F42D49F2E8350D5346C666CE6CDD5ED515460A2B4BCC434A375E1078347C0FE22D5D6DE3D50B5D6F2965642CBF6B725DF96493AB958DC245EEDCD6631E809089F8E61622B2A81703E8219C913144F84C09DF070D8140C8561C9BAB8F3340832CAC363130A576376A108D933095FA747AD0CF0B46E64E983A6D0EAE1F
310
CE089F9EF1FB8E70D44255604258581E9D1D75B259C3125A278D37D80B52DAB4A279CEC62F0EFF44DDC43F9454E8469BFF5244960322CBEF41C6FBC83F01504B0304140006080800B670623B0F71DDB67E0000009D0000000B0000006662782F636E782E786D6C4DCCD10A83201886E15B91FFDCA54DB73F502386BB8F5816
310
32D3703976F9ABD1C18E3E78F87855FB990379BBFCF2296AE02706C4C5471A7C9C349475A408A4352AA7B4FEDD80C47E761A7606A3A69CCA72D0E0C6BE8475D3E0E3F3409428EA6B27A84079A782899AA2EC1A7AE3ECCC2FD858CB2D544655BFD2B67BD87C01504B0304140006080800B670623BE134B4FB28010000120200
310
00310000006662782F38353834323741342D343835462D343034322D383541392D4331303331363839454531452F636F72652E786D6C8D515B6EC32010BC0AE22B55850D0EA424C24451959EA0172086A42831583CAA1CBF503B52FB971F16CDCECC0EACD8DFC71BF836215AEF7A481A0C817183D7D65D7A98D3197108F652
310
04EFD31F1A044E8DA6871586525C82CFD3020DDE25E352419DD76601558C264130DCCAA58771F832A36A544E8511AFCDA486ABBA988634A55D7852C4144A00300FA927949C71DABD1D28A29C7D208A6987383B6CD13BC16BB2E1DBE3911C453B0BA5C8D9EA456E758963CFD684674DAA588A64C747FC2118958C86B2C3788B
310
0841B8FB247487D98EB257CC77188BB6D2FF89F2A49F1465EBD2BA5BE2CEB2082511EDDC9042FB7CBA3DC298FBE4430275DE2A9AE1054ADC60CC08E3A29D89E5F9C5714317C7987C28DFBBBA9E0A97B0D97643A568EB864AF95D5FA9759BF207504B0304140006080800B670623B1B8617914E010000330300003000000066
310
62782F38353834323741342D343835462D343034322D383541392D4331303331363839454531452F636E782E786D6CD593C16EC32010447F0571AD6CE3D489D20813A9877E410FBD62D82434182CC055F3F75D1292E692438FBD206B7698593D61BEFD1E2DF982108D773D6D6B460938E5B571FB9ECE6957AD29D90A1EBC4F
310
77364A9C1CA1A759A682EF839FA72269D8C9D92654AD71C72206887E0E0A22CAF926B15E498B01E0AA19451807D01A34B919F16B070157417138917400F2F6FA41FCF0092A45DEE414C19BDC21783E4BD39D891265658C3D8DEA00A3ACE59CBC8678ACB54CB26EEB6BD7839D7E9348BE70AD9C8321B9BCA7F9A4A26C542347
310
DEE050F09802D22BA6749A800A394DD62899107273365E3C82CFC6A55557BC06C10774B7ABE7AEC3B0F34CF06446280E154026D0542C187BA9DAB6628BF7B6DBB0E5A65B3EB1F58631DE64BBE083F7B65CC218087E22CABB042E51D1F2268F1FE12B3EA24D40D63E9CFE00120194D60B9D5BC67FE6D39CDF37E20AF817881F
310
504B0304140006080800B670623B5933D422630500003B100000340000006662782F38353834323741342D343835462D343034322D383541392D4331303331363839454531452F6F626A656374732E786D6CAD575B6FA33814FE2B887D0642934E9B156594264D158D3A534DD4D13E548A0C38942D60649B4EBABF7E3F8321
310
40924EF6928780CDF1B97EE762EFF32E4B8D37CA45C2F21BD3B547A641F39045491EDF98A5DC5AD7A6F1D9F73863B243661A39C9E88DA9B64DDF8B392B0BBD15D12D295339D85DDEFE618890E6D434C2940871638AF08566C426A5641115AF764424B1E3EDCE76ED9AB0CF36E6A47819302D08A7B984A6D8CFC1C5A89572FB
310
CB91E9F89EA3BEFB9EFAD754E3D3544E654F5F7E920B49F2F040D880CDD89D2CEE2E2EA7D6E56432B6269F2E5CEB7679BBB0DCABF168FE693E9FCEEEA6102C240727AD09A75BD3BF876F78127A4EFDA9D5582B7E4CA590E5390D2BFB6161A5B3E618D182E611E2985001691DAB47FDA5AB7CD3F93C566B2DB2BB7D9E55DD13
310
1D468DEECDB3AB290BFE8409E21C54704115AA6AFF68436BFC8DF65E0B184BF5B74418199194272435D224E084BF9B3E481589EFF5D828747285706581E9BB7B7E5D5D911ABFC6EE312DB7659A2A689A7E85EC0DF04FA5A8344BFEA2FCB834E8845895492EAFB541F2BDA0A63FF59C6AD3F7D4637CA13FD68E34B629891172
310
98597F1D183A57B9B75A98FE9765B05BAB7C3C2EBCE0ACA05C2AF8005A4DE09AA7F29216EB9E15397500C6F47CBE77CA7778FE2BD277AF0AE2C693DD6437D1522427B9D8329E2136F6A8FA19A3E6C56ADF0E5F50CF06D48734EDCEBF22F69C56D97EC138153F804B85E6FABFC7AFEFB32E523BE1F3BD372418E363EDCA7548
310
52949E8724474014288D94610BB57C1BEC4C7F854A89CA8E5324F55B871CBC78CE1BBEE3BFE68D6A5589EF3C730474506FCFA8FCF0659516D0ED04580EEA6425581B77CAE797FF4BCECC16EB2FEB926F49481F746159D06D922712BD730FDEAE42BD40F42C7AA5EF3F198F60E86110D6DD20645A9480B795CF95E3E3A659A8
310
C55E724F408873315335CFFB8584874484344D494E59D94869DB90C26A5B64F49C802CAC1D3ABE18A098D3B7444D123D8A9E5AE8F5214F0AE5B2B6E9B575DA3E61CBD3EA2B4009FA940524DD1305FB6A1FB294F14DF0BEA90BA109ECE1481FDC3FFAE8D60E75141700BE82725371B4873751B2DD960265F788137FACE6DD40
310
B575E4F0A5C99F46629D92131467A41EE11ABD8D4CCC039CA0AFB37C93A08B232B8F0AEFCA1E0A1015DF13FC83322B362463652ECF71D3A8B1A7D1BE65DE1D62C44F22C317D35F574FEB16153BA2D13E543D10A80E74C4A65E78A6B7CBCBD1D5DD9DB59C2DAFACC96C3AB566E3F1C29ADCDD5DBAD7D3C9ED7C822ED74F80A6
310
41755310DE4443F44A9E68373FADF6596BFA0F440AE7BECE2727AE9F4F2B1B53B1E7E00CF0DD1E5C65454A339A4BA2D0FBA05ED2EF0443458F47BDBFCA484CCFE0F2ED7E3DD0013B679C7B5499467F0ECEEADDB9CA85A34CE44B99053949D2C1416DB85DE4B136BB7165FBAC0B7AB3542BED4F8CA182A549847A1319316519
310
95A83A67147B9E5101C47487F2485F1ECE38FD568F839204296D3479219888530154036E6528FBFBC66F98E0D4107563A2D7D9AFF8D389681A08F58D89F22693900A3B407754734FC51C10C010D6D640809EE4718AC1BA3ED4AEDB53CA37283F68805A7E4B72CEB0A4EDEAD5DD8C14059A76AFAA56BA6901E13F32BC51C720
310
12AF41295B5BF61BAD3195181FB506E6B40F4C10AF5AF40EF9F5B159AE5DD1F43C72D635E94310D45C2D49785C5D0B94D3B54AB3C5A38349C0587D338AB48C11CBF339599C02CCA54A70A008A8D03C0B2201D5F9EFCF8F9CE12A9A19CB0410789EB32C63B95ECCF455D658BFE0621A3DA32C5075FB101723D77DAE867E7D0F
310
D90444509B44E2151B4DC2290B065803200FBAA9BE9D392A0603F2D5C2D00D6302A615680F66D2FA166E2079D4C551A54AB758161FCEFD4E450A14704CECFEDF504B0304140006080000B670623B000000000000000000000000350000006662782F38353834323741342D343835462D343034322D383541392D4331303331
310
363839454531452F76657274696365732E62696E504B0304140006080800B670623BF270F1330600000004000000360000006662782F38353834323741342D343835462D343034322D383541392D4331303331363839454531452F747269616E676C65732E62696E636660600000504B0304140006080000B670623B000000
310
000000000000000000370000006662782F38353834323741342D343835462D343034322D383541392D4331303331363839454531452F617474726962757465732E62696E504B0304140006080800B670623B08DA0BD19000000041010000360000006662782F38353834323741342D343835462D343034322D383541392D43
310
31303331363839454531452F6469726563746F72792E786D6C858F410AC3201045AF22B36F53E9A60B35CBEEBAE80D244E44489C6234F4F835464A48035D0DF398FF9F8AF63D0E6CC63039F212F8F9020C7D47C6792B21C5FE7403D62A1188E2E60C98D7234A5830286103A55745067B9D86B8A3CF9C7F90C11DE607FB1443
310
96D7B6A82D282E9A152AD114D5EF2CB866EEE831B8EEA07A7BB5A8D7D61A2BAAEB7FD5F70921FF497D00504B0304140006080800B670623BD9A3B367FE000000A00100003B0000006662782F38353834323741342D343835462D343034322D383541392D4331303331363839454531452F7265736F75726365732F636F7265
310
2E786D6C8D504B6E833010BD0A9A6D65B01D0201194711694FD00B586642AD043BF2A7EAF16B122AB5BB6E6646EFA3797AE2F8B5DC8A4FF4C1383B002B291468B59B8C9D0748F1420E501CA5F0CEC55F3228AC5A708015062966EFD27D83B4B3116DCCA875136EA00A012314FA968F0182FEC045952AC5AC08D7F2AEF455CD
310
58B232D3592745883E07289E4FD609D26370C96B0CA27AB252A464A64D63A6FCD35C0C7A904D73EE467EE664DCD58CD4ED4849D79C5A723ED1B7A61977AF2D6F45B59AA58866F9C9A83DAA8813484E6947182394BFB3BAA7FBBEDEBFD0434FA9A856F91F53BA4FFF342563E38E6F719FB60092E5200F428A6AED2BAF479979
310
AFDDCA6F504B010214000A0000080000B670623B3DEE336E79000000790000001B00000000000000000000000000000000006175746F6465736B2D64657369676E2D7061636B6167652E786D6C504B01021400140006080800B670623BD486FD9CA0000000F40000001300000000000000000000000000B20000005B436F6E
310
74656E745F54797065735D2E786D6C504B01021400140006080800B670623BCA089DFFEC0000007C010000080000000000000000000000000083010000636F72652E786D6C504B01021400140006080800B670623B55019EA25F0000007C000000070000000000000000000000000095020000636E782E786D6C504B010214
310
00140006080800B670623B68FC0B7272010000D40300000C00000000000000000000000000190300006662782F636F72652E786D6C504B01021400140006080800B670623B0F71DDB67E0000009D0000000B00000000000000000000000000B50400006662782F636E782E786D6C504B01021400140006080800B670623BE1
310
34B4FB280100001202000031000000000000000000000000005C0500006662782F38353834323741342D343835462D343034322D383541392D4331303331363839454531452F636F72652E786D6C504B01021400140006080800B670623B1B8617914E010000330300003000000000000000000000000000D3060000666278
310
2F38353834323741342D343835462D343034322D383541392D4331303331363839454531452F636E782E786D6C504B01021400140006080800B670623B5933D422630500003B10000034000000000000000000000000006F0800006662782F38353834323741342D343835462D343034322D383541392D4331303331363839
310
454531452F6F626A656374732E786D6C504B01021400140006080000B670623B0000000000000000000000003500000000000000000000000000240E00006662782F38353834323741342D343835462D343034322D383541392D4331303331363839454531452F76657274696365732E62696E504B01021400140006080800
310
B670623BF270F13306000000040000003600000000000000000000000000770E00006662782F38353834323741342D343835462D343034322D383541392D4331303331363839454531452F747269616E676C65732E62696E504B01021400140006080000B670623B0000000000000000000000003700000000000000000000
310
000000D10E00006662782F38353834323741342D343835462D343034322D383541392D4331303331363839454531452F617474726962757465732E62696E504B01021400140006080800B670623B08DA0BD190000000410100003600000000000000000000000000260F00006662782F38353834323741342D343835462D34
310
3034322D383541392D4331303331363839454531452F6469726563746F72792E786D6C504B01021400140006080800B670623BD9A3B367FE000000A00100003B000000000000000000000000000A1000006662782F38353834323741342D343835462D343034322D383541392D4331303331363839454531452F7265736F75
310
726365732F636F72652E786D6C504B0506000000000E000E0080040000611100000000
  0
XRECORD
  5
113
102
{ACAD_REACTORS
330
110
102
}
330
110
100
AcDbXrecord
280
     1
270
     1
271
     1
  0
XRECORD
  5
114
102
{ACAD_REACTORS
330
110
102
}
330
110
100
AcDbXrecord
280
     1
270
     1
271
     1
  0
CELLSTYLEMAP
  5
15A5A
102
{ACAD_REACTORS
330
104
102
}
330
104
100
AcDbCellStyleMap
 90
        3
300
CELLSTYLE
  1
TABLEFORMAT_BEGIN
 90
        5
170
     1
 91
        0
 92
    32768
 62
   257
 93
        1
300
CONTENTFORMAT
  1
CONTENTFORMAT_BEGIN
 90
        0
 91
        0
 92
      512
 93
        0
300

 40
0.0
140
1.0
 94
        5
 62
     0
340
11
144
0.25
309
CONTENTFORMAT_END
171
     1
301
MARGIN
  1
CELLMARGIN_BEGIN
 40
0.06
 40
0.06
 40
0.06
 40
0.06
 40
0.18
 40
0.18
309
CELLMARGIN_END
 94
        6
 95
        1
302
GRIDFORMAT
  1
GRIDFORMAT_BEGIN
 90
        0
 91
        1
 62
     0
 92
       -2
340
0
 93
        0
 40
0.045
309
GRIDFORMAT_END
 95
        2
302
GRIDFORMAT
  1
GRIDFORMAT_BEGIN
 90
        0
 91
        1
 62
     0
 92
       -2
340
0
 93
        0
 40
0.045
309
GRIDFORMAT_END
 95
        4
302
GRIDFORMAT
  1
GRIDFORMAT_BEGIN
 90
        0
 91
        1
 62
     0
 92
       -2
340
0
 93
        0
 40
0.045
309
GRIDFORMAT_END
 95
        8
302
GRIDFORMAT
  1
GRIDFORMAT_BEGIN
 90
        0
 91
        1
 62
     0
 92
       -2
340
0
 93
        0
 40
0.045
309
GRIDFORMAT_END
 95
       16
302
GRIDFORMAT
  1
GRIDFORMAT_BEGIN
 90
        0
 91
        1
 62
     0
 92
       -2
340
0
 93
        0
 40
0.045
309
GRIDFORMAT_END
 95
       32
302
GRIDFORMAT
  1
GRIDFORMAT_BEGIN
 90
        0
 91
        1
 62
     0
 92
       -2
340
0
 93
        0
 40
0.045
309
GRIDFORMAT_END
309
TABLEFORMAT_END
  1
CELLSTYLE_BEGIN
 90
        1
 91
        1
300
_TITLE
309
CELLSTYLE_END
300
CELLSTYLE
  1
TABLEFORMAT_BEGIN
 90
        5
170
     1
 91
        0
 92
        0
 62
   257
 93
        1
300
CONTENTFORMAT
  1
CONTENTFORMAT_BEGIN
 90
        0
 91
        0
 92
      512
 93
        0
300

 40
0.0
140
1.0
 94
        5
 62
     0
340
11
144
0.18
309
CONTENTFORMAT_END
171
     1
301
MARGIN
  1
CELLMARGIN_BEGIN
 40
0.06
 40
0.06
 40
0.06
 40
0.06
 40
0.18
 40
0.18
309
CELLMARGIN_END
 94
        6
 95
        1
302
GRIDFORMAT
  1
GRIDFORMAT_BEGIN
 90
        0
 91
        1
 62
     0
 92
       -2
340
0
 93
        0
 40
0.045
309
GRIDFORMAT_END
 95
        2
302
GRIDFORMAT
  1
GRIDFORMAT_BEGIN
 90
        0
 91
        1
 62
     0
 92
       -2
340
0
 93
        0
 40
0.045
309
GRIDFORMAT_END
 95
        4
302
GRIDFORMAT
  1
GRIDFORMAT_BEGIN
 90
        0
 91
        1
 62
     0
 92
       -2
340
0
 93
        0
 40
0.045
309
GRIDFORMAT_END
 95
        8
302
GRIDFORMAT
  1
GRIDFORMAT_BEGIN
 90
        0
 91
        1
 62
     0
 92
       -2
340
0
 93
        0
 40
0.045
309
GRIDFORMAT_END
 95
       16
302
GRIDFORMAT
  1
GRIDFORMAT_BEGIN
 90
        0
 91
        1
 62
     0
 92
       -2
340
0
 93
        0
 40
0.045
309
GRIDFORMAT_END
 95
       32
302
GRIDFORMAT
  1
GRIDFORMAT_BEGIN
 90
        0
 91
        1
 62
     0
 92
       -2
340
0
 93
        0
 40
0.045
309
GRIDFORMAT_END
309
TABLEFORMAT_END
  1
CELLSTYLE_BEGIN
 90
        2
 91
        1
300
_HEADER
309
CELLSTYLE_END
300
CELLSTYLE
  1
TABLEFORMAT_BEGIN
 90
        5
170
     1
 91
        0
 92
        0
 62
   257
 93
        1
300
CONTENTFORMAT
  1
CONTENTFORMAT_BEGIN
 90
        0
 91
        0
 92
      512
 93
        0
300

 40
0.0
140
1.0
 94
        2
 62
     0
340
11
144
0.18
309
CONTENTFORMAT_END
171
     1
301
MARGIN
  1
CELLMARGIN_BEGIN
 40
0.06
 40
0.06
 40
0.06
 40
0.06
 40
0.18
 40
0.18
309
CELLMARGIN_END
 94
        6
 95
        1
302
GRIDFORMAT
  1
GRIDFORMAT_BEGIN
 90
        0
 91
        1
 62
     0
 92
       -2
340
0
 93
        0
 40
0.045
309
GRIDFORMAT_END
 95
        2
302
GRIDFORMAT
  1
GRIDFORMAT_BEGIN
 90
        0
 91
        1
 62
     0
 92
       -2
340
0
 93
        0
 40
0.045
309
GRIDFORMAT_END
 95
        4
302
GRIDFORMAT
  1
GRIDFORMAT_BEGIN
 90
        0
 91
        1
 62
     0
 92
       -2
340
0
 93
        0
 40
0.045
309
GRIDFORMAT_END
 95
        8
302
GRIDFORMAT
  1
GRIDFORMAT_BEGIN
 90
        0
 91
        1
 62
     0
 92
       -2
340
0
 93
        0
 40
0.045
309
GRIDFORMAT_END
 95
       16
302
GRIDFORMAT
  1
GRIDFORMAT_BEGIN
 90
        0
 91
        1
 62
     0
 92
       -2
340
0
 93
        0
 40
0.045
309
GRIDFORMAT_END
 95
       32
302
GRIDFORMAT
  1
GRIDFORMAT_BEGIN
 90
        0
 91
        1
 62
     0
 92
       -2
340
0
 93
        0
 40
0.045
309
GRIDFORMAT_END
309
TABLEFORMAT_END
  1
CELLSTYLE_BEGIN
 90
        3
 91
        2
300
_DATA
309
CELLSTYLE_END
  0
ENDSEC
  0
SECTION
  2
ACDSDATA
 70
     2
 71
     8
  0
ACDSSCHEMA
 90
        0
  1
AcDb_Thumbnail_Schema
  2
AcDbDs::ID
280
    10
 91
        8
  2
Thumbnail_Data
280
    15
 91
        0
101
ACDSRECORD
 95
        0
 90
        1
  2
AcDbDs::TreatedAsObjectData
280
     1
291
     1
101
ACDSRECORD
 95
        0
 90
        2
  2
AcDbDs::Legacy
280
     1
291
     1
101
ACDSRECORD
  1
AcDbDs::ID
 90
        3
  2
AcDs:Indexable
280
     1
291
     1
101
ACDSRECORD
  1
AcDbDs::ID
 90
        4
  2
AcDbDs::HandleAttribute
280
     7
282
     1
  0
ACDSSCHEMA
 90
        1
  1
AcDbDs::TreatedAsObjectDataSchema
  2
AcDbDs::TreatedAsObjectData
280
     1
 91
        0
  0
ACDSSCHEMA
 90
        2
  1
AcDbDs::LegacySchema
  2
AcDbDs::Legacy
280
     1
 91
        0
  0
ACDSSCHEMA
 90
        3
  1
AcDbDs::IndexedPropertySchema
  2
AcDs:Indexable
280
     1
 91
        0
  0
ACDSSCHEMA
 90
        4
  1
AcDbDs::HandleAttributeSchema
  2
AcDbDs::HandleAttribute
280
     7
 91
        1
284
     1
  0
ACDSRECORD
 90
        0
  2
AcDbDs::ID
280
    10
320
22
  2
Thumbnail_Data
280
    15
 94
     2104
310
89504E470D0A1A0A0000000D49484452000001000000006408030000005EBE1EAC00000300504C5445212830FFFFFF2128300000000000000000000000000000000000000000000000000000330000660000990000CC0000FF0033000033330033660033990033CC0033FF0066000066330066660066990066CC0066FF0099
310
000099330099660099990099CC0099FF00CC0000CC3300CC6600CC9900CCCC00CCFF00FF0000FF3300FF6600FF9900FFCC00FFFF3300003300333300663300993300CC3300FF3333003333333333663333993333CC3333FF3366003366333366663366993366CC3366FF3399003399333399663399993399CC3399FF33CC00
310
33CC3333CC6633CC9933CCCC33CCFF33FF0033FF3333FF6633FF9933FFCC33FFFF6600006600336600666600996600CC6600FF6633006633336633666633996633CC6633FF6666006666336666666666996666CC6666FF6699006699336699666699996699CC6699FF66CC0066CC3366CC6666CC9966CCCC66CCFF66FF0066
310
FF3366FF6666FF9966FFCC66FFFF9900009900339900669900999900CC9900FF9933009933339933669933999933CC9933FF9966009966339966669966999966CC9966FF9999009999339999669999999999CC9999FF99CC0099CC3399CC6699CC9999CCCC99CCFF99FF0099FF3399FF6699FF9999FFCC99FFFFCC0000CC00
310
33CC0066CC0099CC00CCCC00FFCC3300CC3333CC3366CC3399CC33CCCC33FFCC6600CC6633CC6666CC6699CC66CCCC66FFCC9900CC9933CC9966CC9999CC99CCCC99FFCCCC00CCCC33CCCC66CCCC99CCCCCCCCCCFFCCFF00CCFF33CCFF66CCFF99CCFFCCCCFFFFFF0000FF0033FF0066FF0099FF00CCFF00FFFF3300FF3333
310
FF3366FF3399FF33CCFF33FFFF6600FF6633FF6666FF6699FF66CCFF66FFFF9900FF9933FF9966FF9999FF99CCFF99FFFFCC00FFCC33FFCC66FFCC99FFCCCCFFCCFFFFFF00FFFF33FFFF66FFFF99FFFFCCFFFFFF0000000D0D0D1A1A1A2828283535354343435050505D5D5D6B6B6B787878868686939393A1A1A1AEAEAEBB
310
BBBBC9C9C9D6D6D6E4E4E4F1F1F1FFFFFF0000000000000000000000000000000000000000000000000000000000002E4550F1000000F74944415478DAEDDA4B0E82401005C0B94DDFFF86AE88063033448DDAAFDE8A84DE4CA5613E30C69B5275BF5CA9AC1ABD02000000000096000EF56D006ACBAC72A5EA7F3BA00680EC
310
77000000A900F53811CCD214A0A201768BA0FD08ABFF420800000000000403ECF678003C020000000000607A8092D301872301002D1742AB23ECFC69ECEC9D0700000000590043070000000000804480B5CD5E6780F80E00100A70EDC0A77D07BC2CD410C06E301B20BE0372009EFF1C0920721ADC6E0000002015E0F4FF78
310
001E01000000000000206937187326980EF0997A00000000000000000000000000F85180AB0120222222222222DFCA0DA15C9415049305DE0000000049454E44AE4260820000000000000000FF1FE08300903FCB0FDCEDBFB4122D285D0000000049454E44AE4260824148F5D6094ED57FC595A25311B07E1E21D939A02EC0
310
703358B523A4EDB2E0C81FE654ED090EFF63905B57F8F51700000000006B8006002900801DC0D894A94304E8F0162BA714903B807D04D00A0000000000FC33C00FAB2B154F0F8E57790000000049454E44AE426082450770BE694657176800C49B463A29DCB588E6B259464B813D5AF4BF9F0B744A90E296001C00DE8BF1E1
310
FF3ABC6101F47603003405AA2F7C4F091F8088C86250888BCE7F4C0024CB51D26500A146C09DFF8900EEE6E83D006EAA20E8E6E8430D287D30354354002C690BD0FBF41EB78ACE08203400E955DAA03FADDE333F0A02CCABC46600E60A01530952887BCD00A8000804C8D30D00DC14C8006A225C016CB800B88900EF530814
310
47FB6531F808F0F1EDCF4E18174D2A093500C8A7159220902A005204C07B5708688B80520338F97F3C5CA30540E845B0A110AD03A0A508261D700100DE067B299C360AD223B63408A1134096818100E7C7CA382D7381CB64681E01B800B265EF3D57004F7752FEEDF580B3087E61901150EDE7C10C00E87D831601160106C0
310
00E80440160156040D8001300006C07480EE08609DEB01666666FFB9FD02A85C3E8BA9559A5F0000000049454E44AE426082FF50193D8F1291B5660000000049454E44AE426082C0B10EB00F79A99969D039A885660188BA00DAC0D54C21E41CD44285901B08D20C687B7698BC165084056300E1FB86DBD6FDF074F3DFE20C
310
20E827A70F07800240000800012000048000100002E05B017CF17F92FA720022914824128944229148B48CFE00AFC7A3EE234A97610000000049454E44AE426082D91088F35F21B801C53DD2E560A89DDE5D0030264EF04500693BC0BB646700C36300F2A660381248639271CFDBAD1CC0D3ABAE03EE5A4B00BD7E65B30AEC
310
DEFC43B79F0EA0BC133F07C0280005A00034092A0005A0003E08A0FC9B5FF280D014D56550016812540FF8EE2AA03940016812FCB80770ACA394E41D2381ADF957675500BAEAA907A8A9A9A9A9A9A9A99DD97F6184613850F66E2E0000000049454E44AE4260820BEA97B83337D2FD7CEE0CE06B9A0B005C00F164D92A39A7
310
01B4580B980AE0FB1B086E48C0D3009827ACAA38871740A335A1692AE07744756E1F40910DD0E17E2F02810404FD585CC11600AC0280FF21010512100008AB23580C80AFEE530280A463561728417800A0B4386A7380C301D0991A674F98942E0038BF6FD00380E3020052C40217005401D0E64909A701982ADE140150B26F
310
30B0235D01CCA1F08E0D20553C640000FD4C40AA17F00596EAEF02E9CA91E077370EF0A4335E21BCD564289000F024A0FF6CF03FB6F96932A3B98F550000000049454E44AE426082
  0
ENDSEC
  0
EOF
